seed,condition,label,n_messages,mean_messages_per_tick,message_rate_slope,gini_sends,silent_agents,activity_ratio,n_components,density,degree_centralisation,reciprocity,mean_reciprocation_delay,rolling_variance,lag1_autocorr,ai_accept_rate,ai_traffic_ratio
10000,C1,stable,618,3.0900,-0.0019,0.1111,0,3.4737,1,1.0000,0.0000,0.7395,28.3786,1.7380,-0.0466,0.0000,0.0000
10001,C1,adaptive,614,3.0700,-0.0045,0.1064,0,4.3571,1,1.0000,0.0000,0.7378,31.1921,1.9996,0.0815,0.0000,0.0000
10002,C1,adaptive,598,2.9900,-0.0013,0.1235,0,5.0000,1,1.0000,0.0000,0.7157,29.7921,1.7155,0.1031,0.0000,0.0000
10003,C1,adaptive,601,3.0050,-0.0014,0.0972,0,3.5882,1,1.0000,0.0000,0.7554,31.5573,2.3516,-0.0344,0.0000,0.0000
10004,C1,stable,584,2.9200,-0.0026,0.1221,0,7.1111,1,1.0000,0.0000,0.7466,28.9908,1.7693,-0.0708,0.0000,0.0000
10005,C1,broken_down,608,3.0400,-0.0035,0.1009,0,5.6364,1,1.0000,0.0000,0.7500,30.5044,2.2379,0.0760,0.0000,0.0000
10006,C1,broken_down,590,2.9500,-0.0011,0.1353,0,6.2727,1,1.0000,0.0000,0.7322,31.8102,1.6964,-0.0093,0.0000,0.0000
10007,C1,stable,597,2.9850,-0.0012,0.1381,0,5.1538,1,1.0000,0.0000,0.7353,31.6834,1.9764,-0.0517,0.0000,0.0000
10008,C1,stable,619,3.0950,-0.0030,0.0930,0,3.2632,1,1.0000,0.0000,0.7512,28.1570,2.1134,0.0006,0.0000,0.0000
10009,C1,adaptive,621,3.1050,-0.0021,0.1051,0,4.2667,1,1.0000,0.0000,0.7424,29.4208,2.0004,-0.0007,0.0000,0.0000
10010,C1,broken_down,617,3.0850,-0.0019,0.1147,0,3.6471,1,1.0000,0.0000,0.7585,29.6496,2.0093,0.0553,0.0000,0.0000
10011,C1,stable,610,3.0500,0.0002,0.1342,0,5.5385,1,1.0000,0.0000,0.7820,33.1027,2.2352,-0.0878,0.0000,0.0000
10012,C1,adaptive,614,3.0700,0.0004,0.1173,0,5.8182,1,1.0000,0.0000,0.7329,31.3311,1.9490,0.0096,0.0000,0.0000
10013,C1,broken_down,623,3.1150,-0.0022,0.1058,0,5.8182,1,1.0000,0.0000,0.7496,29.4240,2.0037,0.0358,0.0000,0.0000
10014,C1,broken_down,598,2.9900,-0.0033,0.1168,0,4.2000,1,1.0000,0.0000,0.7609,31.0264,1.7630,0.0870,0.0000,0.0000
10015,C1,adaptive,642,3.2100,-0.0014,0.1054,0,3.5789,1,1.0000,0.0000,0.7850,29.9722,1.9440,-0.0990,0.0000,0.0000
10016,C1,broken_down,603,3.0150,0.0002,0.1151,0,4.9231,1,1.0000,0.0000,0.7562,28.8728,1.7431,0.0902,0.0000,0.0000
10017,C1,adaptive,612,3.0600,-0.0002,0.1427,0,6.3636,1,1.0000,0.0000,0.7320,28.1652,1.8125,-0.0117,0.0000,0.0000
10018,C1,broken_down,579,2.8950,0.0004,0.1280,0,4.0000,1,1.0000,0.0000,0.7565,28.6416,2.0147,-0.0277,0.0000,0.0000
10019,C1,adaptive,599,2.9950,0.0005,0.1298,0,6.4000,1,1.0000,0.0000,0.7379,32.2421,1.9741,0.0710,0.0000,0.0000
10020,C1,adaptive,602,3.0100,-0.0012,0.1047,0,4.2143,1,1.0000,0.0000,0.7392,31.4000,2.2421,-0.0228,0.0000,0.0000
10021,C1,adaptive,614,3.0700,0.0003,0.1211,0,5.0769,1,1.0000,0.0000,0.7410,30.4110,2.1825,-0.0303,0.0000,0.0000
10022,C1,stable,637,3.1850,0.0004,0.1087,0,4.3750,1,1.0000,0.0000,0.7802,33.3823,1.7482,-0.0228,0.0000,0.0000
10023,C1,stable,625,3.1250,-0.0029,0.1180,0,4.2500,1,1.0000,0.0000,0.7296,29.7039,2.2340,0.0181,0.0000,0.0000
10024,C1,stable,591,2.9550,-0.0014,0.0957,0,3.5000,1,1.0000,0.0000,0.7259,31.7552,2.0523,-0.0477,0.0000,0.0000
10025,C1,broken_down,627,3.1350,-0.0061,0.1314,0,4.2500,1,1.0000,0.0000,0.7368,32.4892,2.2693,-0.0024,0.0000,0.0000
10026,C1,adaptive,585,2.9250,0.0017,0.1164,0,4.4286,1,1.0000,0.0000,0.7316,32.2897,1.7445,0.1550,0.0000,0.0000
10027,C1,adaptive,566,2.8300,-0.0003,0.1243,0,6.4000,1,1.0000,0.0000,0.7650,31.4042,1.8548,0.0535,0.0000,0.0000
10028,C1,adaptive,613,3.0650,-0.0024,0.1070,0,5.0000,1,1.0000,0.0000,0.7210,28.3484,2.3437,-0.0360,0.0000,0.0000
10029,C1,broken_down,621,3.1050,-0.0011,0.1145,0,4.3750,1,1.0000,0.0000,0.7665,31.4895,2.2052,-0.0105,0.0000,0.0000
10030,C1,broken_down,607,3.0350,-0.0025,0.0993,0,6.4000,1,1.0000,0.0000,0.7529,29.3479,1.9290,0.0269,0.0000,0.0000
10031,C1,stable,645,3.2250,-0.0022,0.1149,0,5.0769,1,1.0000,0.0000,0.7535,28.6605,1.9932,0.0233,0.0000,0.0000
10032,C1,adaptive,613,3.0650,-0.0003,0.1377,0,5.0000,1,1.0000,0.0000,0.7390,31.7572,2.3870,0.0161,0.0000,0.0000
10033,C1,broken_down,623,3.1150,-0.0024,0.1483,0,5.2143,1,1.0000,0.0000,0.7544,29.0234,2.1354,-0.1219,0.0000,0.0000
10034,C1,adaptive,632,3.1600,-0.0047,0.1384,0,7.0000,1,1.0000,0.0000,0.7215,32.5746,2.4566,0.0438,0.0000,0.0000
10035,C1,stable,617,3.0850,-0.0035,0.1198,0,4.6429,1,1.0000,0.0000,0.7488,33.0368,2.0971,0.0995,0.0000,0.0000
10036,C1,adaptive,590,2.9500,-0.0022,0.0989,0,3.6875,1,1.0000,0.0000,0.7559,31.5381,2.3273,-0.0278,0.0000,0.0000
10037,C1,adaptive,584,2.9200,-0.0007,0.1333,0,4.4000,1,1.0000,0.0000,0.7449,28.3333,1.9354,-0.0628,0.0000,0.0000
10038,C1,adaptive,609,3.0450,0.0002,0.1091,0,4.8462,1,1.0000,0.0000,0.7258,31.1335,2.1530,0.0585,0.0000,0.0000
10039,C1,broken_down,594,2.9700,-0.0059,0.1047,0,3.8750,1,1.0000,0.0000,0.7323,31.3402,1.8012,0.0922,0.0000,0.0000
10040,C1,adaptive,602,3.0100,0.0008,0.1337,0,4.6429,1,1.0000,0.0000,0.7342,32.7398,1.8002,-0.0124,0.0000,0.0000
10041,C1,stable,637,3.1850,-0.0018,0.0849,0,2.6522,1,1.0000,0.0000,0.7504,30.4707,1.7589,-0.0692,0.0000,0.0000
10042,C1,adaptive,595,2.9750,-0.0034,0.1155,0,6.6667,1,1.0000,0.0000,0.7042,31.9451,1.7066,-0.0428,0.0000,0.0000
10043,C1,stable,674,3.3700,0.0004,0.1269,0,5.5385,1,1.0000,0.0000,0.7878,29.6290,2.0815,-0.0808,0.0000,0.0000
10044,C1,stable,626,3.1300,0.0006,0.1150,0,3.7647,1,1.0000,0.0000,0.7412,28.1983,1.9650,-0.1100,0.0000,0.0000
10045,C1,stable,626,3.1300,-0.0041,0.1140,0,5.3333,1,1.0000,0.0000,0.7348,29.8043,2.3983,-0.0177,0.0000,0.0000
10046,C1,stable,625,3.1250,-0.0051,0.0975,0,3.8125,1,1.0000,0.0000,0.7504,29.9190,2.0745,-0.0051,0.0000,0.0000
10047,C1,broken_down,644,3.2200,-0.0014,0.1209,0,6.0000,1,1.0000,0.0000,0.7795,31.0677,2.5992,0.0438,0.0000,0.0000
10048,C1,stable,596,2.9800,-0.0028,0.0875,0,2.7273,1,1.0000,0.0000,0.7735,31.7809,1.8572,0.0754,0.0000,0.0000
10049,C1,adaptive,609,3.0450,-0.0025,0.1132,0,4.4667,1,1.0000,0.0000,0.7389,30.5511,1.8453,0.0209,0.0000,0.0000
10050,C1,adaptive,615,3.0750,-0.0036,0.0752,0,3.4118,1,1.0000,0.0000,0.7203,29.8149,1.7292,0.1488,0.0000,0.0000
10051,C1,stable,618,3.0900,-0.0040,0.0998,0,4.0000,1,1.0000,0.0000,0.7298,34.2350,1.8605,0.1780,0.0000,0.0000
10052,C1,broken_down,608,3.0400,-0.0023,0.1236,0,4.5714,1,1.0000,0.0000,0.7500,28.2259,1.5728,0.0230,0.0000,0.0000
10053,C1,broken_down,621,3.1050,-0.0032,0.0965,0,3.5882,1,1.0000,0.0000,0.7343,30.1228,1.8515,0.0548,0.0000,0.0000
10054,C1,stable,595,2.9750,-0.0015,0.1318,0,4.7857,1,1.0000,0.0000,0.7597,33.6195,1.9286,-0.0241,0.0000,0.0000
10055,C1,broken_down,592,2.9600,0.0018,0.1295,0,7.1111,1,1.0000,0.0000,0.7517,32.1955,1.9393,0.0396,0.0000,0.0000
10056,C1,broken_down,606,3.0300,-0.0006,0.1119,0,3.8750,1,1.0000,0.0000,0.7541,29.5689,1.9994,-0.1166,0.0000,0.0000
10057,C1,stable,590,2.9500,0.0001,0.1186,0,6.8889,1,0.9848,0.0182,0.7492,32.5611,2.4567,-0.0157,0.0000,0.0000
10058,C1,broken_down,579,2.8950,0.0001,0.1084,0,5.3636,1,1.0000,0.0000,0.7150,29.4783,1.7628,-0.1407,0.0000,0.0000
10059,C1,adaptive,629,3.1450,-0.0040,0.1138,0,4.1875,1,1.0000,0.0000,0.7727,30.3621,1.9075,0.0552,0.0000,0.0000
10060,C1,stable,612,3.0600,-0.0012,0.0964,0,3.8125,1,1.0000,0.0000,0.7353,32.7289,1.8029,-0.0868,0.0000,0.0000
10061,C1,adaptive,601,3.0050,-0.0009,0.1216,0,4.7857,1,1.0000,0.0000,0.7687,29.8961,1.6890,0.0444,0.0000,0.0000
10062,C1,stable,644,3.2200,-0.0021,0.1146,0,4.3750,1,1.0000,0.0000,0.7795,29.0956,2.2239,0.0131,0.0000,0.0000
10063,C1,adaptive,594,2.9700,-0.0004,0.1083,0,3.5882,1,1.0000,0.0000,0.7593,32.1020,1.8456,-0.0219,0.0000,0.0000
10064,C1,adaptive,600,3.0000,-0.0008,0.1222,0,3.9412,1,1.0000,0.0000,0.7400,32.8964,1.6226,0.0651,0.0000,0.0000
10065,C1,broken_down,600,3.0000,-0.0017,0.1125,0,10.3333,1,1.0000,0.0000,0.7167,30.2721,1.9288,0.0093,0.0000,0.0000
10066,C1,adaptive,590,2.9500,-0.0042,0.1277,0,5.8182,1,1.0000,0.0000,0.7153,32.4147,1.9995,0.0012,0.0000,0.0000
10067,C1,adaptive,661,3.3050,0.0007,0.1156,0,4.3333,1,1.0000,0.0000,0.7564,29.6400,1.9458,-0.0914,0.0000,0.0000
10068,C1,adaptive,608,3.0400,-0.0014,0.1077,0,4.4286,1,1.0000,0.0000,0.7829,32.4223,1.9098,-0.0786,0.0000,0.0000
10069,C1,adaptive,602,3.0100,-0.0017,0.0961,0,4.6923,1,1.0000,0.0000,0.7674,29.9935,1.8806,-0.1970,0.0000,0.0000
10070,C1,broken_down,620,3.1000,-0.0039,0.0911,0,3.1000,1,1.0000,0.0000,0.7597,28.9660,2.2858,-0.1475,0.0000,0.0000
10071,C1,stable,588,2.9400,-0.0005,0.1185,0,4.5000,1,1.0000,0.0000,0.7534,31.5734,1.8766,0.0529,0.0000,0.0000
10072,C1,stable,610,3.0500,-0.0019,0.1383,0,6.9000,1,1.0000,0.0000,0.7475,33.1382,1.8752,-0.1048,0.0000,0.0000
10073,C1,adaptive,610,3.0500,-0.0023,0.1128,0,5.1667,1,1.0000,0.0000,0.7639,32.0279,1.9502,-0.0297,0.0000,0.0000
10074,C1,stable,558,2.7900,-0.0017,0.1219,0,4.0000,1,1.0000,0.0000,0.7473,33.6019,1.9554,-0.0826,0.0000,0.0000
10075,C1,stable,588,2.9400,-0.0043,0.1086,0,4.4286,1,1.0000,0.0000,0.7466,31.6059,1.4774,-0.0923,0.0000,0.0000
10076,C1,adaptive,617,3.0850,-0.0032,0.1090,0,3.6111,1,1.0000,0.0000,0.7277,31.1782,2.1862,0.0169,0.0000,0.0000
10077,C1,stable,651,3.2550,0.0016,0.1158,0,4.1176,1,1.0000,0.0000,0.7849,27.3757,1.9126,0.0209,0.0000,0.0000
10078,C1,stable,600,3.0000,-0.0010,0.1256,0,6.4000,1,1.0000,0.0000,0.7833,31.5043,2.1310,-0.0041,0.0000,0.0000
10079,C1,adaptive,612,3.0600,0.0009,0.1250,0,5.3333,1,1.0000,0.0000,0.7402,31.9868,1.9612,-0.0859,0.0000,0.0000
10080,C1,adaptive,609,3.0450,-0.0026,0.1118,0,4.8462,1,1.0000,0.0000,0.7521,29.4214,2.3102,0.0030,0.0000,0.0000
10081,C1,broken_down,566,2.8300,0.0004,0.1372,0,6.0000,1,1.0000,0.0000,0.7403,34.2912,1.9996,-0.0328,0.0000,0.0000
10082,C1,adaptive,640,3.2000,-0.0014,0.1193,0,4.2500,1,1.0000,0.0000,0.7562,28.7541,2.1977,-0.0073,0.0000,0.0000
10083,C1,adaptive,592,2.9600,-0.0014,0.1081,0,4.6923,1,1.0000,0.0000,0.7010,32.1301,1.8864,0.0127,0.0000,0.0000
10084,C1,broken_down,627,3.1350,-0.0031,0.1219,0,4.6000,1,1.0000,0.0000,0.7448,28.8116,2.0305,0.0134,0.0000,0.0000
10085,C1,adaptive,603,3.0150,0.0009,0.1030,0,5.0833,1,1.0000,0.0000,0.7579,31.5339,1.7043,0.0382,0.0000,0.0000
10086,C1,stable,590,2.9500,-0.0026,0.1234,0,3.6111,1,1.0000,0.0000,0.7051,31.4519,1.6715,0.0689,0.0000,0.0000
10087,C1,stable,615,3.0750,-0.0026,0.0831,0,3.0000,1,1.0000,0.0000,0.7512,29.3745,2.3509,0.0016,0.0000,0.0000
10088,C1,adaptive,611,3.0550,0.0010,0.1060,0,4.7692,1,1.0000,0.0000,0.7512,34.4924,1.9254,0.0869,0.0000,0.0000
10089,C1,adaptive,600,3.0000,-0.0013,0.1292,0,3.7647,1,1.0000,0.0000,0.7300,32.1050,2.0715,0.0471,0.0000,0.0000
10090,C1,broken_down,576,2.8800,-0.0035,0.1212,0,7.5000,1,1.0000,0.0000,0.7361,32.4764,1.9882,0.1101,0.0000,0.0000
10091,C1,adaptive,602,3.0100,-0.0006,0.0839,0,3.2222,1,1.0000,0.0000,0.7525,32.6269,1.9969,-0.0349,0.0000,0.0000
10092,C1,broken_down,626,3.1300,0.0006,0.1262,0,5.8333,1,1.0000,0.0000,0.7524,29.6306,2.0093,0.0042,0.0000,0.0000
10093,C1,adaptive,643,3.2150,-0.0005,0.1077,0,6.2500,1,1.0000,0.0000,0.7698,28.9455,2.1687,-0.0095,0.0000,0.0000
10094,C1,adaptive,603,3.0150,-0.0021,0.1342,0,5.3077,1,1.0000,0.0000,0.7413,30.2058,2.2604,-0.0451,0.0000,0.0000
10095,C1,stable,634,3.1700,-0.0040,0.1204,0,3.1818,1,1.0000,0.0000,0.7397,32.5650,1.9673,0.0122,0.0000,0.0000
10096,C1,stable,625,3.1250,-0.0058,0.1223,0,5.0769,1,1.0000,0.0000,0.7712,30.6390,2.1131,0.0289,0.0000,0.0000
10097,C1,adaptive,609,3.0450,-0.0029,0.0978,0,3.3158,1,1.0000,0.0000,0.7783,30.5970,2.0265,0.0269,0.0000,0.0000
10098,C1,broken_down,592,2.9600,-0.0027,0.0921,0,2.8571,1,1.0000,0.0000,0.7584,33.0290,1.7148,0.0114,0.0000,0.0000
10099,C1,adaptive,582,2.9100,-0.0013,0.1085,0,5.9091,1,1.0000,0.0000,0.7388,33.6674,1.9514,0.0131,0.0000,0.0000
10100,C1,adaptive,550,2.7500,-0.0002,0.1027,0,5.8000,1,1.0000,0.0000,0.7218,30.1637,1.6966,0.0778,0.0000,0.0000
10101,C1,stable,627,3.1350,-0.0042,0.1041,0,3.4211,1,1.0000,0.0000,0.7448,30.3747,2.0030,0.0478,0.0000,0.0000
10102,C1,adaptive,609,3.0450,-0.0004,0.1364,0,6.5000,1,1.0000,0.0000,0.7389,30.0333,1.5521,0.0466,0.0000,0.0000
10103,C1,broken_down,634,3.1700,-0.0019,0.0981,0,4.2000,1,1.0000,0.0000,0.7681,30.1273,1.9132,-0.0727,0.0000,0.0000
10104,C1,broken_down,626,3.1300,-0.0041,0.1102,0,6.6000,1,1.0000,0.0000,0.7284,28.1974,2.4260,0.1095,0.0000,0.0000
10105,C1,adaptive,623,3.1150,-0.0046,0.1229,0,3.3500,1,0.9848,0.0182,0.7849,28.5153,1.8311,-0.0395,0.0000,0.0000
10106,C1,adaptive,610,3.0500,0.0027,0.1314,0,6.0000,1,1.0000,0.0000,0.7459,34.0505,2.0687,-0.0363,0.0000,0.0000
10107,C1,stable,600,3.0000,-0.0008,0.1072,0,4.2000,1,1.0000,0.0000,0.7000,30.4929,1.8260,0.1287,0.0000,0.0000
10108,C1,adaptive,608,3.0400,-0.0015,0.1297,0,3.5556,1,1.0000,0.0000,0.7270,32.6267,2.2148,-0.0432,0.0000,0.0000
10109,C1,adaptive,633,3.1650,-0.0032,0.1070,0,6.6000,1,1.0000,0.0000,0.7583,28.6021,1.7303,0.0623,0.0000,0.0000
10110,C1,broken_down,620,3.1000,-0.0005,0.0976,0,3.3333,1,1.0000,0.0000,0.7435,29.8785,2.0991,0.0138,0.0000,0.0000
10111,C1,stable,602,3.0100,0.0032,0.0952,0,4.6429,1,1.0000,0.0000,0.7375,32.2748,1.9591,-0.1118,0.0000,0.0000
10112,C1,adaptive,591,2.9550,0.0005,0.1189,0,3.9375,1,1.0000,0.0000,0.7445,30.5750,1.8067,0.0534,0.0000,0.0000
10113,C1,stable,613,3.0650,-0.0037,0.1263,0,4.5333,1,0.9848,0.0182,0.7537,29.8160,1.8605,-0.0345,0.0000,0.0000
10114,C1,adaptive,629,3.1450,0.0001,0.1082,0,4.1250,1,1.0000,0.0000,0.7679,28.3644,2.2859,0.1198,0.0000,0.0000
10115,C1,stable,589,2.9450,-0.0016,0.1447,0,5.5000,1,1.0000,0.0000,0.7284,30.7692,1.8386,-0.0069,0.0000,0.0000
10116,C1,adaptive,602,3.0100,-0.0017,0.1478,0,9.4286,1,1.0000,0.0000,0.7326,30.8685,2.0541,-0.0185,0.0000,0.0000
10117,C1,broken_down,615,3.0750,-0.0002,0.1175,0,4.8462,1,1.0000,0.0000,0.7415,28.4934,1.7218,-0.0314,0.0000,0.0000
10118,C1,stable,606,3.0300,-0.0022,0.1150,0,4.6429,1,1.0000,0.0000,0.7574,32.5686,1.9637,0.0537,0.0000,0.0000
10119,C1,stable,586,2.9300,-0.0007,0.1115,0,3.9375,1,1.0000,0.0000,0.7491,32.4556,1.9446,-0.0288,0.0000,0.0000
10120,C1,adaptive,576,2.8800,0.0002,0.1094,0,3.9333,1,1.0000,0.0000,0.7483,33.3039,1.9021,-0.1192,0.0000,0.0000
10121,C1,adaptive,652,3.2600,0.0002,0.1081,0,4.2500,1,1.0000,0.0000,0.7623,31.3662,2.1210,0.0359,0.0000,0.0000
10122,C1,adaptive,605,3.0250,-0.0034,0.1202,0,4.5714,1,1.0000,0.0000,0.7074,29.2243,1.9920,0.0110,0.0000,0.0000
10123,C1,adaptive,621,3.1050,0.0002,0.1306,0,5.0769,1,1.0000,0.0000,0.7568,28.7894,1.9861,0.0159,0.0000,0.0000
10124,C1,adaptive,607,3.0350,-0.0013,0.1259,0,7.1111,1,1.0000,0.0000,0.7430,30.4146,1.9241,-0.0994,0.0000,0.0000
10125,C1,broken_down,604,3.0200,-0.0038,0.1148,0,3.4737,1,1.0000,0.0000,0.7070,33.5691,1.7034,0.1563,0.0000,0.0000
10126,C1,adaptive,587,2.9350,-0.0009,0.1032,0,4.4286,1,1.0000,0.0000,0.7479,31.8428,1.8851,-0.0695,0.0000,0.0000
10127,C1,broken_down,578,2.8900,-0.0000,0.1283,0,4.5385,1,0.9848,0.0182,0.7215,32.4365,2.3273,-0.0297,0.0000,0.0000
10128,C1,adaptive,594,2.9700,-0.0047,0.1274,0,4.0000,1,1.0000,0.0000,0.7593,30.9180,1.8521,-0.0644,0.0000,0.0000
10129,C1,stable,613,3.0650,-0.0008,0.1344,0,5.5000,1,1.0000,0.0000,0.7651,31.8380,2.2204,-0.0143,0.0000,0.0000
10130,C1,broken_down,589,2.9450,0.0009,0.1229,0,4.7692,1,1.0000,0.0000,0.7250,31.0164,2.1430,-0.0645,0.0000,0.0000
10131,C1,adaptive,614,3.0700,-0.0022,0.1034,0,3.4500,1,1.0000,0.0000,0.7296,29.6183,2.1583,-0.0824,0.0000,0.0000
10132,C1,broken_down,599,2.9950,-0.0029,0.0972,0,4.5385,1,1.0000,0.0000,0.7613,33.0548,2.3103,-0.1310,0.0000,0.0000
10133,C1,stable,602,3.0100,-0.0030,0.1249,0,4.1250,1,1.0000,0.0000,0.7193,31.3949,1.8556,-0.0139,0.0000,0.0000
10134,C1,broken_down,596,2.9800,0.0019,0.1166,0,4.5714,1,1.0000,0.0000,0.7366,30.5991,1.6017,-0.0088,0.0000,0.0000
10135,C1,stable,559,2.7950,-0.0020,0.1364,0,3.8235,1,1.0000,0.0000,0.7478,35.1770,2.0402,-0.0245,0.0000,0.0000
10136,C1,adaptive,625,3.1250,0.0000,0.0969,0,7.0000,1,1.0000,0.0000,0.7552,31.7712,2.2750,-0.0871,0.0000,0.0000
10137,C1,stable,619,3.0950,-0.0027,0.1189,0,5.8182,1,1.0000,0.0000,0.7270,31.6067,2.1150,-0.0665,0.0000,0.0000
10138,C1,stable,635,3.1750,0.0003,0.1056,0,3.9375,1,1.0000,0.0000,0.7496,28.3845,2.0782,0.0043,0.0000,0.0000
10139,C1,adaptive,596,2.9800,-0.0008,0.1152,0,4.5714,1,1.0000,0.0000,0.7701,29.5468,1.8873,-0.0078,0.0000,0.0000
10140,C1,adaptive,632,3.1600,-0.0030,0.1057,0,3.6842,1,1.0000,0.0000,0.7595,31.0021,1.9403,-0.0985,0.0000,0.0000
10141,C1,adaptive,582,2.9100,-0.0012,0.1160,0,3.4737,1,1.0000,0.0000,0.7354,30.5047,1.8541,-0.1960,0.0000,0.0000
10142,C1,stable,630,3.1500,0.0019,0.1127,0,5.8182,1,1.0000,0.0000,0.7460,29.9170,2.1950,0.0753,0.0000,0.0000
10143,C1,adaptive,596,2.9800,-0.0037,0.1102,0,4.5000,1,1.0000,0.0000,0.7584,31.5221,2.0981,-0.0002,0.0000,0.0000
10144,C1,adaptive,614,3.0700,-0.0032,0.1208,0,5.5000,1,1.0000,0.0000,0.7231,30.4640,1.8434,0.0542,0.0000,0.0000
10145,C1,stable,623,3.1150,-0.0043,0.0916,0,3.4444,1,1.0000,0.0000,0.7560,32.4607,2.0757,0.0475,0.0000,0.0000
10146,C1,stable,612,3.0600,0.0027,0.1008,0,3.2632,1,1.0000,0.0000,0.7582,32.5560,1.9399,-0.0490,0.0000,0.0000
10147,C1,adaptive,630,3.1500,0.0014,0.1159,0,4.2667,1,1.0000,0.0000,0.7556,29.0063,2.1121,-0.0661,0.0000,0.0000
10148,C1,adaptive,594,2.9700,-0.0022,0.1108,0,4.8462,1,1.0000,0.0000,0.7071,32.1524,1.9849,0.1388,0.0000,0.0000
10149,C1,adaptive,624,3.1200,0.0007,0.1250,0,5.1429,1,1.0000,0.0000,0.7404,29.6472,1.6683,-0.0707,0.0000,0.0000
10150,C1,adaptive,619,3.0950,-0.0027,0.0930,0,3.2632,1,1.0000,0.0000,0.7141,29.4593,1.9901,0.0027,0.0000,0.0000
10151,C1,adaptive,644,3.2200,-0.0033,0.1343,0,5.3846,1,0.9848,0.0182,0.7748,29.2425,1.7609,0.0865,0.0000,0.0000
10152,C1,broken_down,607,3.0350,-0.0017,0.0993,0,4.4286,1,1.0000,0.0000,0.7199,29.7346,2.2538,-0.1261,0.0000,0.0000
10153,C1,adaptive,610,3.0500,-0.0047,0.1055,0,3.7059,1,1.0000,0.0000,0.7180,32.2192,1.8810,0.0164,0.0000,0.0000
10154,C1,stable,642,3.2100,-0.0027,0.1062,0,3.4000,1,1.0000,0.0000,0.7664,28.6362,1.7957,0.0252,0.0000,0.0000
10155,C1,broken_down,592,2.9600,-0.0021,0.1182,0,6.0000,1,1.0000,0.0000,0.7280,30.9397,1.7940,0.0581,0.0000,0.0000
10156,C1,adaptive,613,3.0650,-0.0024,0.1035,0,3.9375,1,1.0000,0.0000,0.7357,27.9468,1.8088,0.0532,0.0000,0.0000
10157,C1,adaptive,607,3.0350,0.0003,0.1201,0,4.2667,1,1.0000,0.0000,0.7562,32.2680,2.1964,-0.0248,0.0000,0.0000
10158,C1,adaptive,619,3.0950,0.0027,0.1086,0,3.6471,1,1.0000,0.0000,0.7383,26.9409,1.9767,0.0079,0.0000,0.0000
10159,C1,adaptive,590,2.9500,-0.0006,0.0949,0,3.0500,1,1.0000,0.0000,0.7576,31.8904,1.6386,-0.0011,0.0000,0.0000
10160,C1,stable,649,3.2450,0.0011,0.1190,0,6.9000,1,1.0000,0.0000,0.7673,28.3293,1.9011,0.0557,0.0000,0.0000
10161,C1,stable,608,3.0400,-0.0016,0.0979,0,4.0000,1,1.0000,0.0000,0.7467,32.2511,2.2505,-0.0048,0.0000,0.0000
10162,C1,broken_down,625,3.1250,-0.0016,0.1271,0,4.5333,1,1.0000,0.0000,0.7216,28.7317,1.6830,-0.0403,0.0000,0.0000
10163,C1,stable,589,2.9450,-0.0010,0.1306,0,3.5294,1,1.0000,0.0000,0.7165,33.7583,1.5501,-0.0194,0.0000,0.0000
10164,C1,broken_down,581,2.9050,0.0007,0.1261,0,3.7059,1,1.0000,0.0000,0.7522,29.8375,1.7883,0.0924,0.0000,0.0000
10165,C1,stable,562,2.8100,0.0001,0.1165,0,6.1000,1,1.0000,0.0000,0.7509,31.1161,1.8079,0.0613,0.0000,0.0000
10166,C1,broken_down,641,3.2050,-0.0034,0.0922,0,3.7647,1,1.0000,0.0000,0.7598,31.0103,2.2174,0.1326,0.0000,0.0000
10167,C1,stable,591,2.9550,-0.0037,0.1135,0,4.5385,1,1.0000,0.0000,0.7377,30.3096,1.8633,-0.0391,0.0000,0.0000
10168,C1,broken_down,603,3.0150,-0.0003,0.0922,0,3.8125,1,1.0000,0.0000,0.7181,28.8891,2.0042,-0.0152,0.0000,0.0000
10169,C1,adaptive,593,2.9650,0.0004,0.1117,0,3.4706,1,1.0000,0.0000,0.6948,29.5655,2.0884,-0.0137,0.0000,0.0000
10170,C1,adaptive,589,2.9450,-0.0024,0.1156,0,3.8824,1,1.0000,0.0000,0.7470,29.1386,1.8925,0.1035,0.0000,0.0000
10171,C1,adaptive,560,2.8000,-0.0035,0.0997,0,3.0526,1,1.0000,0.0000,0.7107,32.7312,1.7827,0.0509,0.0000,0.0000
10172,C1,stable,590,2.9500,-0.0016,0.1034,0,4.7500,1,1.0000,0.0000,0.7390,32.0092,2.0860,-0.0057,0.0000,0.0000
10173,C1,adaptive,607,3.0350,-0.0010,0.0968,0,3.2632,1,1.0000,0.0000,0.7578,28.1109,2.1405,-0.0004,0.0000,0.0000
10174,C1,broken_down,655,3.2750,-0.0008,0.1207,0,4.1176,1,1.0000,0.0000,0.7420,29.9630,2.3807,-0.0709,0.0000,0.0000
10175,C1,broken_down,637,3.1850,-0.0034,0.1043,0,4.1250,1,1.0000,0.0000,0.7708,27.1263,1.7881,-0.0087,0.0000,0.0000
10176,C1,adaptive,628,3.1400,-0.0041,0.0977,0,3.0000,1,1.0000,0.0000,0.7245,31.3297,2.5380,0.1202,0.0000,0.0000
10177,C1,broken_down,538,2.6900,-0.0012,0.1103,0,5.1818,1,1.0000,0.0000,0.6989,32.2367,1.9420,-0.0574,0.0000,0.0000
10178,C1,adaptive,631,3.1550,-0.0034,0.1195,0,4.9231,1,1.0000,0.0000,0.7528,30.5705,1.8131,0.0132,0.0000,0.0000
10179,C1,adaptive,602,3.0100,-0.0032,0.0930,0,3.4444,1,1.0000,0.0000,0.7176,29.5394,1.8930,-0.0210,0.0000,0.0000
10180,C1,broken_down,603,3.0150,0.0019,0.1295,0,5.1667,1,1.0000,0.0000,0.7794,33.0255,2.0250,0.0085,0.0000,0.0000
10181,C1,stable,615,3.0750,-0.0029,0.1091,0,4.3750,1,1.0000,0.0000,0.7480,30.6370,1.9982,0.0395,0.0000,0.0000
10182,C1,broken_down,595,2.9750,-0.0039,0.1363,0,6.5455,1,1.0000,0.0000,0.7176,30.7307,1.9745,0.1094,0.0000,0.0000
10183,C1,stable,641,3.2050,-0.0060,0.1031,0,3.7222,1,1.0000,0.0000,0.7722,28.9636,1.7099,0.0525,0.0000,0.0000
10184,C1,stable,587,2.9350,0.0007,0.0691,0,2.5455,1,1.0000,0.0000,0.7547,29.7946,2.1810,-0.0600,0.0000,0.0000
10185,C1,stable,610,3.0500,0.0000,0.1197,0,6.0000,1,1.0000,0.0000,0.7541,30.0391,1.9232,-0.0378,0.0000,0.0000
10186,C1,stable,657,3.2850,-0.0017,0.1090,0,3.9412,1,1.0000,0.0000,0.7610,28.2560,2.2655,-0.0271,0.0000,0.0000
10187,C1,adaptive,632,3.1600,-0.0019,0.1100,0,4.0625,1,1.0000,0.0000,0.7342,25.8599,2.0343,0.0278,0.0000,0.0000
10188,C1,broken_down,615,3.0750,0.0008,0.0969,0,4.7692,1,1.0000,0.0000,0.7366,30.4658,1.9718,-0.0414,0.0000,0.0000
10189,C1,broken_down,598,2.9900,0.0005,0.1040,0,4.1333,1,1.0000,0.0000,0.7492,31.1406,1.9193,0.0654,0.0000,0.0000
10190,C1,adaptive,638,3.1900,0.0007,0.1264,0,5.0714,1,1.0000,0.0000,0.7163,29.5799,2.0194,-0.1175,0.0000,0.0000
10191,C1,stable,601,3.0050,-0.0017,0.0966,0,3.3158,1,1.0000,0.0000,0.7471,34.7617,2.1487,-0.0545,0.0000,0.0000
10192,C1,stable,620,3.1000,0.0017,0.1099,0,4.4286,1,1.0000,0.0000,0.7452,29.9762,1.8649,0.0546,0.0000,0.0000
10193,C1,broken_down,609,3.0450,-0.0007,0.1151,0,4.9286,1,1.0000,0.0000,0.7504,32.4201,2.0782,0.0642,0.0000,0.0000
10194,C1,broken_down,603,3.0150,-0.0010,0.1049,0,4.2667,1,0.9848,0.0182,0.7479,29.7849,1.6470,-0.0057,0.0000,0.0000
10195,C1,broken_down,602,3.0100,-0.0011,0.1185,0,3.7647,1,1.0000,0.0000,0.7625,36.1612,2.2084,0.0603,0.0000,0.0000
10196,C1,broken_down,607,3.0350,-0.0037,0.1028,0,3.2105,1,1.0000,0.0000,0.7397,28.8352,1.7903,0.0282,0.0000,0.0000
10197,C1,adaptive,617,3.0850,0.0012,0.0917,0,4.0667,1,1.0000,0.0000,0.7812,29.5187,1.8164,-0.0731,0.0000,0.0000
10198,C1,adaptive,590,2.9500,0.0041,0.0960,0,4.6154,1,1.0000,0.0000,0.7661,30.0177,2.2187,0.0324,0.0000,0.0000
10199,C1,stable,583,2.9150,-0.0036,0.0979,0,2.8095,1,1.0000,0.0000,0.7444,32.5276,1.6720,0.0664,0.0000,0.0000
10200,C1,stable,617,3.0850,0.0008,0.1128,0,6.2000,1,1.0000,0.0000,0.7699,32.1326,1.9584,-0.0340,0.0000,0.0000
10201,C1,stable,626,3.1300,-0.0034,0.1233,0,4.4000,1,1.0000,0.0000,0.7364,30.3731,1.8515,-0.0203,0.0000,0.0000
10202,C1,broken_down,602,3.0100,-0.0004,0.1138,0,6.0000,1,1.0000,0.0000,0.7492,31.4634,1.7100,0.0212,0.0000,0.0000
10203,C1,broken_down,613,3.0650,-0.0009,0.1268,0,9.0000,1,1.0000,0.0000,0.7096,32.0828,1.7891,0.0487,0.0000,0.0000
10204,C1,adaptive,614,3.0700,-0.0000,0.1010,0,6.5556,1,1.0000,0.0000,0.7134,29.7192,2.1848,-0.0851,0.0000,0.0000
10205,C1,adaptive,590,2.9500,-0.0048,0.1234,0,4.2667,1,1.0000,0.0000,0.7424,30.4292,1.7807,0.0595,0.0000,0.0000
10206,C1,stable,598,2.9900,-0.0017,0.1120,0,5.2500,1,1.0000,0.0000,0.6940,31.5952,2.3177,-0.0198,0.0000,0.0000
10207,C1,stable,627,3.1350,-0.0030,0.1253,0,5.0000,1,1.0000,0.0000,0.7384,29.1944,2.2255,0.0170,0.0000,0.0000
10208,C1,stable,618,3.0900,-0.0051,0.1265,0,4.4375,1,1.0000,0.0000,0.7557,28.7987,1.7084,-0.0696,0.0000,0.0000
10209,C1,adaptive,611,3.0550,-0.0005,0.1155,0,4.8462,1,1.0000,0.0000,0.7316,29.5772,2.4059,0.0555,0.0000,0.0000
10210,C1,broken_down,593,2.9650,0.0030,0.1359,0,6.8000,1,1.0000,0.0000,0.7167,31.3106,1.8423,0.0607,0.0000,0.0000
10211,C1,adaptive,615,3.0750,-0.0027,0.1088,0,4.1250,1,1.0000,0.0000,0.7447,30.3843,1.9147,-0.0007,0.0000,0.0000
10212,C1,broken_down,645,3.2250,0.0003,0.1203,0,6.0000,1,1.0000,0.0000,0.7659,28.9150,2.3110,-0.1504,0.0000,0.0000
10213,C1,adaptive,554,2.7700,-0.0023,0.1273,0,5.1818,1,1.0000,0.0000,0.7437,33.0388,1.6139,-0.0050,0.0000,0.0000
10214,C1,broken_down,568,2.8400,0.0005,0.1406,0,6.2000,1,1.0000,0.0000,0.7165,32.6683,1.7361,-0.0185,0.0000,0.0000
10215,C1,broken_down,592,2.9600,-0.0008,0.1075,0,5.1667,1,1.0000,0.0000,0.7517,29.2000,2.3629,-0.0785,0.0000,0.0000
10216,C1,adaptive,636,3.1800,0.0006,0.1067,0,3.7778,1,1.0000,0.0000,0.7610,31.2789,1.9627,0.1395,0.0000,0.0000
10217,C1,adaptive,600,3.0000,-0.0040,0.1039,0,4.0000,1,1.0000,0.0000,0.7833,30.3936,1.8327,-0.0186,0.0000,0.0000
10218,C1,adaptive,610,3.0500,-0.0036,0.1041,0,3.7647,1,1.0000,0.0000,0.7459,34.0813,2.4093,-0.1162,0.0000,0.0000
10219,C1,adaptive,571,2.8550,-0.0038,0.0944,0,4.2000,1,1.0000,0.0000,0.7320,30.8086,1.8459,0.0904,0.0000,0.0000
10220,C1,stable,606,3.0300,-0.0008,0.1004,0,3.3889,1,1.0000,0.0000,0.7739,31.0405,2.1201,-0.0335,0.0000,0.0000
10221,C1,stable,582,2.9100,-0.0024,0.0997,0,3.1111,1,1.0000,0.0000,0.7543,34.0364,1.8417,0.0010,0.0000,0.0000
10222,C1,stable,648,3.2400,-0.0054,0.1160,0,5.1538,1,1.0000,0.0000,0.7623,29.1417,2.1013,0.0585,0.0000,0.0000
10223,C1,adaptive,617,3.0850,-0.0017,0.1103,0,3.5000,1,0.9848,0.0182,0.7536,32.7419,2.3586,-0.0594,0.0000,0.0000
10224,C1,adaptive,585,2.9250,0.0003,0.1056,0,3.6250,1,1.0000,0.0000,0.7402,32.1963,1.9329,-0.0823,0.0000,0.0000
10225,C1,stable,640,3.2000,-0.0025,0.1089,0,4.3333,1,1.0000,0.0000,0.7734,31.7778,1.9087,-0.0834,0.0000,0.0000
10226,C1,adaptive,615,3.0750,-0.0038,0.1099,0,4.4286,1,1.0000,0.0000,0.7285,32.4330,2.1379,0.0759,0.0000,0.0000
10227,C1,stable,563,2.8150,-0.0014,0.1129,0,3.0000,1,0.9848,0.0182,0.7087,33.5965,1.7031,0.1123,0.0000,0.0000
10228,C1,broken_down,621,3.1050,-0.0011,0.0976,0,5.0000,1,1.0000,0.0000,0.7311,29.8877,2.1021,-0.0268,0.0000,0.0000
10229,C1,broken_down,623,3.1150,-0.0006,0.1350,0,7.4444,1,1.0000,0.0000,0.7929,29.0466,2.2595,0.0742,0.0000,0.0000
10230,C1,stable,624,3.1200,-0.0029,0.1181,0,3.3500,1,1.0000,0.0000,0.7388,32.5727,1.9958,0.0998,0.0000,0.0000
10231,C1,adaptive,585,2.9250,-0.0016,0.1093,0,3.9375,1,1.0000,0.0000,0.7453,31.9794,2.1153,-0.0192,0.0000,0.0000
10232,C1,adaptive,604,3.0200,-0.0032,0.1090,0,4.3333,1,1.0000,0.0000,0.7517,34.8899,2.1163,-0.0351,0.0000,0.0000
10233,C1,adaptive,596,2.9800,-0.0008,0.1339,0,7.2222,1,1.0000,0.0000,0.7399,32.5011,2.0404,0.0405,0.0000,0.0000
10234,C1,stable,591,2.9550,-0.0006,0.1380,0,6.1818,1,1.0000,0.0000,0.7225,30.4801,1.8086,0.0601,0.0000,0.0000
10235,C1,stable,634,3.1700,-0.0015,0.1007,0,3.5263,1,1.0000,0.0000,0.7666,32.0967,2.5361,-0.0778,0.0000,0.0000
10236,C1,broken_down,596,2.9800,-0.0004,0.0984,0,3.6875,1,1.0000,0.0000,0.7466,31.7955,2.2455,-0.0973,0.0000,0.0000
10237,C1,adaptive,610,3.0500,-0.0023,0.1377,0,5.2308,1,1.0000,0.0000,0.7623,29.9720,2.2727,0.0310,0.0000,0.0000
10238,C1,adaptive,576,2.8800,0.0022,0.1073,0,4.8462,1,1.0000,0.0000,0.7691,29.2889,1.8894,0.0210,0.0000,0.0000
10239,C1,adaptive,576,2.8800,-0.0031,0.1152,0,3.4118,1,1.0000,0.0000,0.7413,31.2178,1.8534,-0.0314,0.0000,0.0000
10240,C1,stable,588,2.9400,-0.0018,0.1335,0,6.9000,1,1.0000,0.0000,0.7126,29.9379,2.0070,0.0546,0.0000,0.0000
10241,C1,stable,639,3.1950,-0.0001,0.1105,0,3.8235,1,1.0000,0.0000,0.7355,30.7809,2.1687,-0.0408,0.0000,0.0000
10242,C1,broken_down,591,2.9550,0.0001,0.1183,0,5.7273,1,1.0000,0.0000,0.7208,29.3991,2.2542,-0.1183,0.0000,0.0000
10243,C1,adaptive,625,3.1250,-0.0038,0.1220,0,4.0625,1,1.0000,0.0000,0.7376,29.4078,1.9804,0.1715,0.0000,0.0000
10244,C1,adaptive,596,2.9800,-0.0025,0.1043,0,3.6250,1,1.0000,0.0000,0.7433,30.8488,1.9725,-0.0206,0.0000,0.0000
10245,C1,stable,592,2.9600,-0.0030,0.0954,0,4.3571,1,1.0000,0.0000,0.6976,36.7409,1.7350,0.0067,0.0000,0.0000
10246,C1,broken_down,603,3.0150,0.0007,0.1019,0,3.8235,1,1.0000,0.0000,0.7695,31.0647,1.9275,-0.0676,0.0000,0.0000
10247,C1,adaptive,576,2.8800,-0.0002,0.1065,0,4.2857,1,1.0000,0.0000,0.7101,32.7213,1.8603,-0.0630,0.0000,0.0000
10248,C1,adaptive,615,3.0750,-0.0064,0.1107,0,5.1667,1,1.0000,0.0000,0.7691,30.6829,1.8652,-0.0117,0.0000,0.0000
10249,C1,adaptive,572,2.8600,-0.0020,0.1267,0,7.0000,1,1.0000,0.0000,0.7273,32.4279,1.7631,-0.0740,0.0000,0.0000
10250,C1,adaptive,578,2.8900,-0.0027,0.1321,0,4.3333,1,1.0000,0.0000,0.7422,27.4942,2.1652,-0.0181,0.0000,0.0000
10251,C1,adaptive,558,2.7900,-0.0015,0.1219,0,3.9333,1,1.0000,0.0000,0.7133,33.3769,2.0107,-0.1197,0.0000,0.0000
10252,C1,broken_down,611,3.0550,-0.0012,0.0836,0,2.8095,1,1.0000,0.0000,0.7692,31.1660,2.2918,0.0639,0.0000,0.0000
10253,C1,stable,616,3.0800,-0.0027,0.1404,0,6.0000,1,1.0000,0.0000,0.7760,27.8494,2.3794,-0.0242,0.0000,0.0000
10254,C1,stable,627,3.1350,-0.0021,0.1126,0,5.0833,1,1.0000,0.0000,0.7480,32.2857,2.2593,0.0094,0.0000,0.0000
10255,C1,adaptive,586,2.9300,-0.0003,0.1183,0,3.8235,1,1.0000,0.0000,0.7270,29.6714,1.9021,0.0122,0.0000,0.0000
10256,C1,adaptive,607,3.0350,-0.0019,0.1034,0,3.6471,1,1.0000,0.0000,0.7644,31.2802,1.7764,0.0217,0.0000,0.0000
10257,C1,stable,633,3.1650,-0.0020,0.0986,0,3.0000,1,1.0000,0.0000,0.7393,29.9530,2.6716,0.1071,0.0000,0.0000
10258,C1,adaptive,596,2.9800,0.0005,0.1236,0,5.4167,1,1.0000,0.0000,0.7802,33.7355,1.6685,-0.0639,0.0000,0.0000
10259,C1,broken_down,619,3.0950,-0.0001,0.1057,0,3.4444,1,1.0000,0.0000,0.7108,28.4682,2.0989,-0.0829,0.0000,0.0000
10260,C1,stable,609,3.0450,-0.0033,0.1337,0,4.2941,1,1.0000,0.0000,0.7291,34.4234,1.8169,-0.0441,0.0000,0.0000
10261,C1,stable,622,3.1100,-0.0040,0.1321,0,6.9000,1,1.0000,0.0000,0.7267,30.6637,1.9027,-0.1259,0.0000,0.0000
10262,C1,adaptive,628,3.1400,-0.0031,0.1120,0,3.3684,1,1.0000,0.0000,0.7452,30.4060,2.2409,-0.1267,0.0000,0.0000
10263,C1,adaptive,587,2.9350,-0.0018,0.1254,0,5.0000,1,0.9848,0.0182,0.7615,31.7136,1.8866,0.0742,0.0000,0.0000
10264,C1,adaptive,587,2.9350,-0.0027,0.1217,0,3.5000,1,1.0000,0.0000,0.7496,31.3705,2.2007,0.1467,0.0000,0.0000
10265,C1,adaptive,585,2.9250,-0.0036,0.1101,0,3.8125,1,1.0000,0.0000,0.7590,31.3784,1.6393,0.1087,0.0000,0.0000
10266,C1,adaptive,626,3.1300,-0.0025,0.0972,0,4.3571,1,1.0000,0.0000,0.7620,31.3312,1.6887,0.0796,0.0000,0.0000
10267,C1,adaptive,608,3.0400,-0.0031,0.1209,0,4.8462,1,1.0000,0.0000,0.7319,29.5079,1.7794,0.0449,0.0000,0.0000
10268,C1,adaptive,645,3.2250,0.0021,0.0854,0,4.1333,1,1.0000,0.0000,0.7612,30.4033,2.0585,-0.0385,0.0000,0.0000
10269,C1,adaptive,624,3.1200,-0.0014,0.0873,0,3.4444,1,1.0000,0.0000,0.7292,29.2286,2.1975,0.0299,0.0000,0.0000
10270,C1,broken_down,605,3.0250,0.0009,0.1161,0,4.2667,1,1.0000,0.0000,0.7355,28.7663,2.2465,-0.2659,0.0000,0.0000
10271,C1,stable,627,3.1350,-0.0008,0.0988,0,4.5000,1,1.0000,0.0000,0.7608,29.3124,1.8896,-0.1087,0.0000,0.0000
10272,C1,adaptive,577,2.8850,0.0008,0.1163,0,5.8000,1,0.9848,0.0182,0.7262,32.2936,2.2603,-0.1406,0.0000,0.0000
10273,C1,adaptive,641,3.2050,-0.0053,0.1125,0,3.3333,1,1.0000,0.0000,0.7613,33.7193,1.9909,0.1406,0.0000,0.0000
10274,C1,broken_down,621,3.1050,0.0006,0.1121,0,3.1429,1,1.0000,0.0000,0.7311,31.3282,1.8253,0.0303,0.0000,0.0000
10275,C1,stable,612,3.0600,0.0023,0.1247,0,4.9286,1,1.0000,0.0000,0.7712,26.1165,2.0792,-0.0344,0.0000,0.0000
10276,C1,broken_down,624,3.1200,-0.0011,0.1090,0,4.8462,1,1.0000,0.0000,0.7356,29.0850,1.9204,0.1404,0.0000,0.0000
10277,C1,broken_down,568,2.8400,0.0003,0.1447,0,6.4000,1,1.0000,0.0000,0.7218,32.3341,1.9976,0.0753,0.0000,0.0000
10278,C1,stable,598,2.9900,-0.0022,0.1332,0,4.7143,1,1.0000,0.0000,0.7408,32.6433,1.9009,0.0697,0.0000,0.0000
10279,C1,broken_down,646,3.2300,0.0009,0.1161,0,4.0000,1,1.0000,0.0000,0.7183,30.7759,1.8505,0.0722,0.0000,0.0000
10280,C1,adaptive,593,2.9650,-0.0053,0.1078,0,3.8750,1,1.0000,0.0000,0.7470,30.1332,1.8264,-0.0032,0.0000,0.0000
10281,C1,adaptive,617,3.0850,-0.0020,0.1160,0,5.0000,1,1.0000,0.0000,0.7504,31.4017,1.7787,0.0536,0.0000,0.0000
10282,C1,stable,592,2.9600,0.0015,0.1185,0,5.6364,1,1.0000,0.0000,0.7669,30.4736,1.9521,-0.0647,0.0000,0.0000
10283,C1,adaptive,625,3.1250,0.0012,0.1103,0,5.6364,1,1.0000,0.0000,0.7616,27.1660,1.7755,0.0575,0.0000,0.0000
10284,C1,adaptive,612,3.0600,-0.0031,0.0866,0,3.9333,1,1.0000,0.0000,0.7467,30.2954,2.2610,0.0128,0.0000,0.0000
10285,C1,adaptive,591,2.9550,-0.0023,0.0991,0,4.3571,1,1.0000,0.0000,0.7479,27.1561,1.8417,-0.0673,0.0000,0.0000
10286,C1,stable,607,3.0350,0.0014,0.0960,0,4.0000,1,1.0000,0.0000,0.7545,30.1638,1.9083,0.1046,0.0000,0.0000
10287,C1,adaptive,630,3.1500,-0.0020,0.1317,0,5.5000,1,1.0000,0.0000,0.7762,31.8119,1.9897,0.0136,0.0000,0.0000
10288,C1,adaptive,610,3.0500,-0.0019,0.1038,0,5.0000,1,1.0000,0.0000,0.7279,32.9550,1.6994,0.1114,0.0000,0.0000
10289,C1,adaptive,617,3.0850,0.0009,0.1244,0,5.5833,1,1.0000,0.0000,0.7261,28.4129,1.8446,-0.0259,0.0000,0.0000
10290,C1,adaptive,618,3.0900,-0.0015,0.1065,0,5.7273,1,1.0000,0.0000,0.7605,31.6787,1.9935,-0.1254,0.0000,0.0000
10291,C1,broken_down,620,3.1000,-0.0023,0.1134,0,3.2273,1,1.0000,0.0000,0.7403,29.2331,2.0959,-0.0039,0.0000,0.0000
10292,C1,adaptive,609,3.0450,-0.0000,0.0937,0,3.7500,1,1.0000,0.0000,0.7635,30.8903,1.7963,0.0704,0.0000,0.0000
10293,C1,adaptive,619,3.0950,-0.0021,0.1119,0,6.3000,1,1.0000,0.0000,0.7447,28.3536,1.9643,-0.0628,0.0000,0.0000
10294,C1,adaptive,592,2.9600,-0.0036,0.1087,0,3.9333,1,1.0000,0.0000,0.7111,28.6532,2.0044,0.0125,0.0000,0.0000
10295,C1,broken_down,598,2.9900,-0.0015,0.0942,0,3.6875,1,1.0000,0.0000,0.7575,31.9249,1.9001,0.1400,0.0000,0.0000
10296,C1,broken_down,623,3.1150,-0.0054,0.0997,0,2.9091,1,1.0000,0.0000,0.7432,29.4082,1.7068,0.1274,0.0000,0.0000
10297,C1,adaptive,593,2.9650,-0.0001,0.1426,0,6.0909,1,1.0000,0.0000,0.7268,30.0441,1.9101,-0.0643,0.0000,0.0000
10298,C1,adaptive,605,3.0250,-0.0030,0.1236,0,5.2500,1,1.0000,0.0000,0.7322,32.8894,1.7620,-0.0536,0.0000,0.0000
10299,C1,adaptive,593,2.9650,0.0004,0.1030,0,4.6154,1,1.0000,0.0000,0.7656,30.2379,1.7641,-0.0313,0.0000,0.0000
10300,C1,broken_down,572,2.8600,-0.0019,0.1090,0,4.7692,1,1.0000,0.0000,0.7098,34.2857,2.2272,0.0859,0.0000,0.0000
10301,C1,broken_down,614,3.0700,-0.0039,0.0955,0,4.6923,1,1.0000,0.0000,0.7410,29.8110,2.1899,-0.0295,0.0000,0.0000
10302,C1,adaptive,614,3.0700,-0.0005,0.0882,0,3.1000,1,1.0000,0.0000,0.7590,31.8670,1.8087,-0.1109,0.0000,0.0000
10303,C1,adaptive,626,3.1300,-0.0023,0.1014,0,4.4286,1,1.0000,0.0000,0.7380,28.6797,2.0951,0.0265,0.0000,0.0000
10304,C1,broken_down,603,3.0150,-0.0038,0.0897,0,3.3333,1,1.0000,0.0000,0.7629,32.1478,1.7626,-0.0758,0.0000,0.0000
10305,C1,adaptive,640,3.2000,-0.0013,0.1206,0,3.7895,1,1.0000,0.0000,0.7734,30.6808,1.9949,-0.1048,0.0000,0.0000
10306,C1,adaptive,599,2.9950,-0.0028,0.1368,0,4.7857,1,1.0000,0.0000,0.7446,30.3161,1.6960,0.0993,0.0000,0.0000
10307,C1,adaptive,610,3.0500,-0.0005,0.1194,0,3.7647,1,1.0000,0.0000,0.7377,28.5444,2.2987,0.0156,0.0000,0.0000
10308,C1,adaptive,604,3.0200,0.0021,0.1355,0,3.7778,1,1.0000,0.0000,0.7649,30.4199,1.8730,0.0657,0.0000,0.0000
10309,C1,broken_down,611,3.0550,-0.0010,0.1221,0,5.5000,1,0.9848,0.0182,0.7627,32.6373,1.7221,-0.1961,0.0000,0.0000
10310,C1,broken_down,634,3.1700,-0.0054,0.1157,0,3.6667,1,1.0000,0.0000,0.7287,32.0390,1.9872,0.0595,0.0000,0.0000
10311,C1,stable,598,2.9900,-0.0023,0.1251,0,5.1667,1,1.0000,0.0000,0.7074,30.5461,1.5229,-0.0791,0.0000,0.0000
10312,C1,adaptive,624,3.1200,0.0005,0.1087,0,4.2000,1,1.0000,0.0000,0.7628,30.1324,2.0752,0.0118,0.0000,0.0000
10313,C1,adaptive,566,2.8300,-0.0039,0.1184,0,4.3846,1,0.9848,0.0182,0.7350,35.7812,1.8741,-0.0569,0.0000,0.0000
10314,C1,adaptive,644,3.2200,-0.0009,0.1100,0,5.4167,1,1.0000,0.0000,0.7686,33.5636,2.0270,-0.0467,0.0000,0.0000
10315,C1,adaptive,595,2.9750,-0.0002,0.0990,0,4.6923,1,1.0000,0.0000,0.7210,30.8182,2.0150,-0.0047,0.0000,0.0000
10316,C1,adaptive,626,3.1300,-0.0018,0.0945,0,4.1176,1,1.0000,0.0000,0.7460,30.9251,1.9416,0.0486,0.0000,0.0000
10317,C1,adaptive,589,2.9450,-0.0006,0.1283,0,6.1000,1,1.0000,0.0000,0.7046,28.5133,2.2442,-0.0141,0.0000,0.0000
10318,C1,broken_down,634,3.1700,-0.0002,0.1128,0,4.1875,1,1.0000,0.0000,0.7666,29.9321,2.2092,0.0310,0.0000,0.0000
10319,C1,stable,620,3.1000,-0.0022,0.1124,0,3.3684,1,1.0000,0.0000,0.7468,25.6350,1.8354,0.0134,0.0000,0.0000
10320,C1,stable,644,3.2200,-0.0022,0.1040,0,4.7857,1,1.0000,0.0000,0.7469,27.8628,1.9688,-0.0213,0.0000,0.0000
10321,C1,broken_down,584,2.9200,-0.0014,0.1293,0,7.8750,1,1.0000,0.0000,0.7192,28.7119,2.0148,-0.0399,0.0000,0.0000
10322,C1,stable,629,3.1450,-0.0021,0.1151,0,4.5000,1,1.0000,0.0000,0.7647,29.5759,2.3959,-0.0387,0.0000,0.0000
10323,C1,adaptive,598,2.9900,-0.0015,0.1254,0,4.3333,1,1.0000,0.0000,0.7408,30.9752,1.6695,0.0948,0.0000,0.0000
10324,C1,adaptive,582,2.9100,-0.0014,0.1274,0,3.3500,1,1.0000,0.0000,0.7526,31.7237,1.8214,0.1122,0.0000,0.0000
10325,C1,stable,622,3.1100,0.0001,0.1125,0,4.6667,1,1.0000,0.0000,0.7685,29.0063,1.9532,-0.0320,0.0000,0.0000
10326,C1,adaptive,595,2.9750,-0.0065,0.0859,0,4.0714,1,1.0000,0.0000,0.7513,29.3490,2.1488,-0.1070,0.0000,0.0000
10327,C1,adaptive,614,3.0700,-0.0015,0.0958,0,3.3158,1,1.0000,0.0000,0.7801,32.1106,1.8291,0.0216,0.0000,0.0000
10328,C1,adaptive,625,3.1250,0.0012,0.1225,0,4.0000,1,1.0000,0.0000,0.7648,31.4017,2.1119,0.0554,0.0000,0.0000
10329,C1,broken_down,632,3.1600,0.0000,0.1166,0,5.4167,1,1.0000,0.0000,0.7896,29.4309,1.8033,-0.0099,0.0000,0.0000
10330,C1,adaptive,645,3.2250,-0.0024,0.1074,0,3.8235,1,1.0000,0.0000,0.7612,26.7943,2.5610,0.0144,0.0000,0.0000
10331,C1,stable,624,3.1200,-0.0031,0.0855,0,3.2632,1,1.0000,0.0000,0.7468,28.0043,1.8550,0.0282,0.0000,0.0000
10332,C1,stable,630,3.1500,0.0001,0.0931,0,3.4444,1,1.0000,0.0000,0.7206,29.6300,2.2740,0.0785,0.0000,0.0000
10333,C1,adaptive,629,3.1450,-0.0037,0.1006,0,3.5556,1,1.0000,0.0000,0.7536,29.4093,2.1152,0.0087,0.0000,0.0000
10334,C1,broken_down,555,2.7750,0.0018,0.1356,0,4.7692,1,1.0000,0.0000,0.7045,30.7110,2.1303,-0.0018,0.0000,0.0000
10335,C1,adaptive,627,3.1350,-0.0021,0.1198,0,4.6667,1,1.0000,0.0000,0.7512,27.7792,2.1507,0.0191,0.0000,0.0000
10336,C1,adaptive,617,3.0850,0.0003,0.1236,0,5.5000,1,1.0000,0.0000,0.7407,29.8162,1.7097,-0.0200,0.0000,0.0000
10337,C1,adaptive,644,3.2200,-0.0047,0.0901,0,3.8750,1,1.0000,0.0000,0.7686,29.5697,1.8604,-0.0456,0.0000,0.0000
10338,C1,adaptive,612,3.0600,-0.0021,0.1144,0,3.2273,1,1.0000,0.0000,0.7663,30.9254,2.0836,0.0357,0.0000,0.0000
10339,C1,stable,603,3.0150,-0.0025,0.1041,0,5.4545,1,1.0000,0.0000,0.7496,31.7699,1.6661,0.0617,0.0000,0.0000
10340,C1,broken_down,626,3.1300,-0.0042,0.1076,0,4.5714,1,1.0000,0.0000,0.7188,26.7467,1.9497,-0.0297,0.0000,0.0000
10341,C1,broken_down,638,3.1900,0.0021,0.1257,0,6.3636,1,1.0000,0.0000,0.7508,30.3069,2.1170,-0.0379,0.0000,0.0000
10342,C1,adaptive,595,2.9750,-0.0020,0.1139,0,4.5714,1,1.0000,0.0000,0.7462,31.7455,1.9607,-0.0920,0.0000,0.0000
10343,C1,stable,566,2.8300,-0.0041,0.0933,0,3.2778,1,1.0000,0.0000,0.7208,31.7059,1.8119,0.1088,0.0000,0.0000
10344,C1,adaptive,551,2.7550,-0.0000,0.1103,0,4.5833,1,1.0000,0.0000,0.7441,32.6049,2.0472,-0.0739,0.0000,0.0000
10345,C1,stable,613,3.0650,-0.0000,0.1064,0,4.8462,1,1.0000,0.0000,0.7504,29.8413,2.1645,-0.1099,0.0000,0.0000
10346,C1,adaptive,599,2.9950,-0.0010,0.1151,0,5.2500,1,1.0000,0.0000,0.7479,31.5804,1.7867,-0.0780,0.0000,0.0000
10347,C1,adaptive,610,3.0500,-0.0016,0.1276,0,3.3500,1,1.0000,0.0000,0.7738,29.3475,1.8930,-0.2534,0.0000,0.0000
10348,C1,adaptive,610,3.0500,-0.0034,0.1090,0,5.1667,1,1.0000,0.0000,0.7000,30.7728,2.0182,0.0664,0.0000,0.0000
10349,C1,broken_down,627,3.1350,-0.0028,0.1078,0,4.8462,1,1.0000,0.0000,0.7448,27.3833,1.9783,0.0105,0.0000,0.0000
10350,C1,stable,620,3.1000,-0.0016,0.1153,0,5.2308,1,1.0000,0.0000,0.7419,28.8413,2.1563,0.1325,0.0000,0.0000
10351,C1,stable,622,3.1100,0.0001,0.1099,0,3.9375,1,1.0000,0.0000,0.7621,29.5612,2.2552,-0.0048,0.0000,0.0000
10352,C1,broken_down,591,2.9550,-0.0033,0.1251,0,4.0625,1,1.0000,0.0000,0.7327,32.7691,1.8479,-0.0445,0.0000,0.0000
10353,C1,broken_down,589,2.9450,-0.0037,0.0898,0,4.0000,1,1.0000,0.0000,0.7114,28.9642,1.6502,0.0172,0.0000,0.0000
10354,C1,stable,639,3.1950,-0.0010,0.0995,0,3.7059,1,1.0000,0.0000,0.7559,31.8157,2.0187,0.1146,0.0000,0.0000
10355,C1,stable,624,3.1200,-0.0033,0.0996,0,3.0476,1,1.0000,0.0000,0.7420,31.5011,2.1054,-0.0238,0.0000,0.0000
10356,C1,adaptive,583,2.9150,-0.0013,0.1156,0,4.3571,1,1.0000,0.0000,0.7101,28.3599,1.8218,-0.0193,0.0000,0.0000
10357,C1,stable,670,3.3500,-0.0018,0.1104,0,5.6923,1,1.0000,0.0000,0.7627,28.8082,2.1248,-0.1580,0.0000,0.0000
10358,C1,broken_down,619,3.0950,-0.0013,0.0965,0,3.6111,1,1.0000,0.0000,0.7512,29.3118,1.8611,-0.0458,0.0000,0.0000
10359,C1,adaptive,627,3.1350,0.0002,0.1203,0,6.1818,1,0.9848,0.0182,0.7656,28.2104,2.2485,0.0150,0.0000,0.0000
10360,C1,broken_down,598,2.9900,-0.0023,0.1187,0,5.2500,1,1.0000,0.0000,0.7341,35.1025,2.2048,-0.0064,0.0000,0.0000
10361,C1,broken_down,646,3.2300,-0.0047,0.1197,0,4.3750,1,1.0000,0.0000,0.7616,26.8069,2.1128,-0.0611,0.0000,0.0000
10362,C1,adaptive,602,3.0100,-0.0052,0.1193,0,3.4500,1,1.0000,0.0000,0.7409,33.1435,2.0712,0.0337,0.0000,0.0000
10363,C1,stable,644,3.2200,-0.0003,0.1046,0,4.5333,1,1.0000,0.0000,0.7702,27.8669,2.1075,-0.0498,0.0000,0.0000
10364,C1,broken_down,620,3.1000,-0.0056,0.0965,0,3.4444,1,1.0000,0.0000,0.7500,27.1462,2.0601,0.0519,0.0000,0.0000
10365,C1,stable,634,3.1700,-0.0002,0.1007,0,4.8462,1,1.0000,0.0000,0.7382,26.4295,2.1575,0.0237,0.0000,0.0000
10366,C1,adaptive,619,3.0950,-0.0017,0.1086,0,3.4737,1,1.0000,0.0000,0.7754,30.8104,2.1519,-0.0970,0.0000,0.0000
10367,C1,adaptive,582,2.9100,-0.0012,0.0873,0,2.9474,1,1.0000,0.0000,0.7440,30.7921,2.0689,-0.0257,0.0000,0.0000
10368,C1,adaptive,601,3.0050,-0.0033,0.0972,0,3.3158,1,1.0000,0.0000,0.7504,30.0399,1.8157,0.0357,0.0000,0.0000
10369,C1,adaptive,561,2.8050,-0.0013,0.1095,0,5.0833,1,1.0000,0.0000,0.7255,34.7764,2.1640,-0.1103,0.0000,0.0000
10370,C1,adaptive,614,3.0700,-0.0033,0.1211,0,4.4286,1,0.9697,0.0364,0.7704,29.7230,1.7563,0.0488,0.0000,0.0000
10371,C1,adaptive,608,3.0400,-0.0010,0.1009,0,5.5455,1,1.0000,0.0000,0.7516,27.0941,1.8959,-0.0227,0.0000,0.0000
10372,C1,adaptive,592,2.9600,0.0009,0.1050,0,3.1579,1,1.0000,0.0000,0.7449,29.0136,2.1198,0.0733,0.0000,0.0000
10373,C1,adaptive,585,2.9250,-0.0023,0.0970,0,2.8182,1,1.0000,0.0000,0.7846,29.2113,1.9088,-0.0162,0.0000,0.0000
10374,C1,broken_down,626,3.1300,-0.0017,0.1036,0,4.3125,1,1.0000,0.0000,0.7364,30.1909,2.2094,-0.0346,0.0000,0.0000
10375,C1,adaptive,613,3.0650,-0.0001,0.1073,0,3.8824,1,1.0000,0.0000,0.7390,34.0199,1.8852,-0.0584,0.0000,0.0000
10376,C1,adaptive,580,2.9000,-0.0031,0.1060,0,3.6875,1,1.0000,0.0000,0.6931,30.1070,1.6403,-0.0565,0.0000,0.0000
10377,C1,broken_down,637,3.1850,-0.0034,0.1053,0,3.8235,1,1.0000,0.0000,0.8053,28.2144,1.7185,0.0918,0.0000,0.0000
10378,C1,stable,620,3.1000,-0.0031,0.1108,0,5.8182,1,1.0000,0.0000,0.7129,26.5045,1.8514,-0.0829,0.0000,0.0000
10379,C1,stable,632,3.1600,-0.0028,0.1065,0,4.2500,1,1.0000,0.0000,0.7516,29.5747,1.9547,0.0076,0.0000,0.0000
10380,C1,stable,614,3.0700,-0.0027,0.1037,0,3.3889,1,1.0000,0.0000,0.7410,32.5780,2.2454,0.0504,0.0000,0.0000
10381,C1,adaptive,639,3.1950,0.0005,0.0974,0,4.2000,1,1.0000,0.0000,0.7731,28.8988,2.0337,0.0639,0.0000,0.0000
10382,C1,adaptive,645,3.2250,-0.0024,0.1092,0,4.8462,1,1.0000,0.0000,0.7581,28.4213,2.1545,-0.1557,0.0000,0.0000
10383,C1,adaptive,593,2.9650,-0.0004,0.1033,0,4.0000,1,1.0000,0.0000,0.7066,32.6730,2.1918,0.0635,0.0000,0.0000
10384,C1,adaptive,622,3.1100,-0.0023,0.1179,0,4.7143,1,1.0000,0.0000,0.7830,28.6489,1.6546,-0.0227,0.0000,0.0000
10385,C1,adaptive,589,2.9450,-0.0012,0.1153,0,5.8182,1,1.0000,0.0000,0.7334,31.2014,1.8813,-0.0271,0.0000,0.0000
10386,C1,stable,585,2.9250,0.0008,0.1158,0,3.6471,1,1.0000,0.0000,0.7624,32.8565,2.2417,-0.0004,0.0000,0.0000
10387,C1,adaptive,593,2.9650,-0.0029,0.1224,0,5.2500,1,1.0000,0.0000,0.7268,30.9606,1.6904,-0.0088,0.0000,0.0000
10388,C1,broken_down,602,3.0100,-0.0030,0.0997,0,3.6471,1,1.0000,0.0000,0.7392,29.5236,2.2135,0.1628,0.0000,0.0000
10389,C1,broken_down,630,3.1500,-0.0010,0.1159,0,4.3333,1,1.0000,0.0000,0.7349,28.4536,2.0509,0.1020,0.0000,0.0000
10390,C1,broken_down,661,3.3050,-0.0027,0.1252,0,5.3077,1,1.0000,0.0000,0.7731,31.0352,2.4916,-0.1227,0.0000,0.0000
10391,C1,broken_down,609,3.0450,0.0015,0.1216,0,4.8571,1,1.0000,0.0000,0.7619,30.3621,1.9459,-0.0629,0.0000,0.0000
10392,C1,broken_down,593,2.9650,0.0005,0.1185,0,5.3333,1,0.9848,0.0182,0.7116,30.8507,2.0527,-0.1358,0.0000,0.0000
10393,C1,adaptive,593,2.9650,-0.0007,0.1072,0,3.3889,1,1.0000,0.0000,0.7336,28.5517,2.0864,-0.0291,0.0000,0.0000
10394,C1,adaptive,600,3.0000,-0.0019,0.1147,0,4.6154,1,1.0000,0.0000,0.7667,30.1630,2.0501,0.0768,0.0000,0.0000
10395,C1,adaptive,558,2.7900,-0.0040,0.1063,0,3.3158,1,1.0000,0.0000,0.7401,33.5472,1.9347,0.0909,0.0000,0.0000
10396,C1,stable,591,2.9550,-0.0014,0.1217,0,4.5000,1,1.0000,0.0000,0.7682,30.3040,2.2612,-0.0090,0.0000,0.0000
10397,C1,adaptive,644,3.2200,-0.0031,0.0970,0,3.7059,1,1.0000,0.0000,0.7516,27.2066,2.4009,-0.0290,0.0000,0.0000
10398,C1,broken_down,613,3.0650,-0.0041,0.0896,0,3.0500,1,1.0000,0.0000,0.7716,33.5328,1.9037,0.0158,0.0000,0.0000
10399,C1,stable,576,2.8800,0.0013,0.1088,0,4.6154,1,1.0000,0.0000,0.7535,29.9194,1.8359,-0.0019,0.0000,0.0000
10400,C1,broken_down,565,2.8250,-0.0008,0.1243,0,5.8000,1,1.0000,0.0000,0.7451,32.2732,1.7916,-0.0727,0.0000,0.0000
10401,C1,broken_down,613,3.0650,-0.0027,0.1105,0,4.2667,1,1.0000,0.0000,0.7700,27.6335,2.0328,-0.0021,0.0000,0.0000
10402,C1,broken_down,604,3.0200,-0.0020,0.0960,0,6.5556,1,1.0000,0.0000,0.7152,30.9954,2.0614,-0.0367,0.0000,0.0000
10403,C1,adaptive,625,3.1250,-0.0035,0.1199,0,4.6000,1,1.0000,0.0000,0.7552,29.3814,2.1638,-0.0458,0.0000,0.0000
10404,C1,adaptive,640,3.2000,-0.0017,0.0781,0,3.3333,1,1.0000,0.0000,0.7781,30.2289,1.7447,0.0695,0.0000,0.0000
10405,C1,stable,588,2.9400,-0.0011,0.0887,0,3.7333,1,1.0000,0.0000,0.7772,31.9103,2.0597,0.0925,0.0000,0.0000
10406,C1,stable,634,3.1700,-0.0043,0.0925,0,3.3889,1,1.0000,0.0000,0.7397,27.6482,1.9628,0.0648,0.0000,0.0000
10407,C1,adaptive,559,2.7950,-0.0023,0.1284,0,3.7647,1,1.0000,0.0000,0.6977,32.9256,1.8084,0.0501,0.0000,0.0000
10408,C1,adaptive,642,3.2100,-0.0003,0.1259,0,5.6667,1,1.0000,0.0000,0.7243,30.1183,2.1028,0.0135,0.0000,0.0000
10409,C1,adaptive,608,3.0400,0.0011,0.1061,0,4.0000,1,1.0000,0.0000,0.7632,32.3103,2.1218,0.0073,0.0000,0.0000
10410,C1,stable,597,2.9850,-0.0008,0.1071,0,3.3500,1,1.0000,0.0000,0.7454,28.2854,2.0521,-0.0960,0.0000,0.0000
10411,C1,broken_down,583,2.9150,-0.0030,0.1296,0,7.6250,1,1.0000,0.0000,0.7461,30.5747,1.9570,-0.0502,0.0000,0.0000
10412,C1,broken_down,638,3.1900,0.0041,0.1058,0,4.6429,1,1.0000,0.0000,0.7524,29.7542,2.0043,0.0841,0.0000,0.0000
10413,C1,adaptive,576,2.8800,-0.0005,0.1117,0,4.9167,1,1.0000,0.0000,0.7274,28.5823,1.4527,-0.0132,0.0000,0.0000
10414,C1,adaptive,596,2.9800,0.0021,0.1015,0,3.6111,1,1.0000,0.0000,0.7617,29.9780,1.5608,-0.0238,0.0000,0.0000
10415,C1,broken_down,627,3.1350,-0.0019,0.1176,0,4.5714,1,1.0000,0.0000,0.7321,30.1786,1.8682,-0.1598,0.0000,0.0000
10416,C1,adaptive,592,2.9600,-0.0049,0.0884,0,5.2727,1,1.0000,0.0000,0.7416,31.9248,2.2169,0.0300,0.0000,0.0000
10417,C1,stable,596,2.9800,0.0012,0.0976,0,4.2667,1,1.0000,0.0000,0.7265,29.8984,1.8840,-0.0459,0.0000,0.0000
10418,C1,broken_down,592,2.9600,0.0016,0.0876,0,3.6875,1,1.0000,0.0000,0.7500,30.9977,1.7648,-0.0502,0.0000,0.0000
10419,C1,broken_down,614,3.0700,-0.0018,0.0969,0,2.5417,1,1.0000,0.0000,0.7704,31.2495,2.0528,-0.0575,0.0000,0.0000
10420,C1,adaptive,669,3.3450,0.0011,0.1072,0,5.9167,1,1.0000,0.0000,0.7788,28.7985,2.3385,-0.0220,0.0000,0.0000
10421,C1,stable,581,2.9050,-0.0011,0.1014,0,3.9333,1,1.0000,0.0000,0.7728,33.0757,1.9988,-0.0757,0.0000,0.0000
10422,C1,broken_down,594,2.9700,-0.0019,0.1114,0,4.6429,1,1.0000,0.0000,0.7761,29.3579,2.0817,-0.0540,0.0000,0.0000
10423,C1,adaptive,553,2.7650,-0.0011,0.1059,0,4.4615,1,1.0000,0.0000,0.7125,32.0558,1.7973,0.1122,0.0000,0.0000
10424,C1,adaptive,592,2.9600,-0.0027,0.1123,0,4.1250,1,1.0000,0.0000,0.7500,32.3446,2.1703,-0.0505,0.0000,0.0000
10425,C1,stable,588,2.9400,-0.0051,0.1057,0,3.7059,1,1.0000,0.0000,0.7262,32.2389,1.9795,0.0802,0.0000,0.0000
10426,C1,stable,621,3.1050,-0.0012,0.1029,0,4.6923,1,1.0000,0.0000,0.7472,32.8405,1.9125,-0.0459,0.0000,0.0000
10427,C1,stable,604,3.0200,-0.0034,0.1090,0,5.3333,1,1.0000,0.0000,0.7566,30.0088,2.0500,0.0128,0.0000,0.0000
10428,C1,adaptive,589,2.9450,-0.0023,0.1300,0,4.1333,1,1.0000,0.0000,0.7351,29.6236,1.9397,-0.0548,0.0000,0.0000
10429,C1,adaptive,595,2.9750,-0.0019,0.0822,0,3.3529,1,1.0000,0.0000,0.7361,29.6575,1.8005,0.0024,0.0000,0.0000
10430,C1,broken_down,587,2.9350,-0.0042,0.1137,0,3.2105,1,1.0000,0.0000,0.7428,29.1009,1.9114,0.0793,0.0000,0.0000
10431,C1,adaptive,637,3.1850,-0.0036,0.1087,0,5.5000,1,1.0000,0.0000,0.7834,29.9499,1.7246,0.0573,0.0000,0.0000
10432,C1,adaptive,591,2.9550,-0.0038,0.0893,0,3.2778,1,1.0000,0.0000,0.7682,32.5419,1.8098,0.1521,0.0000,0.0000
10433,C1,adaptive,584,2.9200,-0.0002,0.1190,0,3.8235,1,1.0000,0.0000,0.6884,31.6169,2.1337,-0.1345,0.0000,0.0000
10434,C1,broken_down,603,3.0150,-0.0027,0.1270,0,4.5333,1,1.0000,0.0000,0.7512,33.2605,1.8093,0.0098,0.0000,0.0000
10435,C1,adaptive,635,3.1750,-0.0006,0.1243,0,4.6000,1,1.0000,0.0000,0.7638,28.3320,2.2563,-0.0023,0.0000,0.0000
10436,C1,stable,619,3.0950,-0.0028,0.1299,0,3.8889,1,1.0000,0.0000,0.7771,29.5010,2.1128,0.0152,0.0000,0.0000
10437,C1,stable,638,3.1900,-0.0005,0.0927,0,4.7692,1,1.0000,0.0000,0.7429,29.8586,2.1303,0.0529,0.0000,0.0000
10438,C1,adaptive,637,3.1850,-0.0023,0.1064,0,3.9412,1,1.0000,0.0000,0.7425,32.2960,2.2904,0.0434,0.0000,0.0000
10439,C1,adaptive,591,2.9550,-0.0012,0.1070,0,4.2143,1,1.0000,0.0000,0.7530,29.6539,1.9671,0.0344,0.0000,0.0000
10440,C1,broken_down,619,3.0950,-0.0045,0.1035,0,4.7692,1,1.0000,0.0000,0.7254,28.7706,2.1535,0.0660,0.0000,0.0000
10441,C1,adaptive,593,2.9650,-0.0033,0.1134,0,4.7692,1,0.9848,0.0182,0.6863,26.8084,1.8067,-0.1056,0.0000,0.0000
10442,C1,adaptive,584,2.9200,-0.0000,0.1159,0,6.1000,1,1.0000,0.0000,0.7380,33.7285,1.7332,-0.0725,0.0000,0.0000
10443,C1,adaptive,595,2.9750,-0.0010,0.1209,0,4.4286,1,1.0000,0.0000,0.7008,29.4700,1.9354,0.0043,0.0000,0.0000
10444,C1,stable,622,3.1100,-0.0026,0.1326,0,4.7857,1,0.9848,0.0182,0.7717,30.6583,2.0573,-0.1150,0.0000,0.0000
10445,C1,broken_down,610,3.0500,-0.0033,0.1221,0,4.9231,1,1.0000,0.0000,0.7344,33.7031,2.1290,-0.0305,0.0000,0.0000
10446,C1,broken_down,594,2.9700,-0.0008,0.1535,0,6.5000,1,0.9848,0.0182,0.7374,29.0822,1.7683,0.0426,0.0000,0.0000
10447,C1,stable,630,3.1500,-0.0009,0.0934,0,3.7647,1,1.0000,0.0000,0.7444,30.9808,2.0954,0.0220,0.0000,0.0000
10448,C1,adaptive,618,3.0900,-0.0019,0.1030,0,4.2857,1,1.0000,0.0000,0.7184,28.9099,1.8127,0.1252,0.0000,0.0000
10449,C1,stable,584,2.9200,-0.0029,0.1290,0,5.0769,1,1.0000,0.0000,0.7397,32.9537,1.8040,-0.0050,0.0000,0.0000
10450,C1,stable,580,2.9000,-0.0035,0.1009,0,4.2143,1,1.0000,0.0000,0.7500,29.1241,1.4801,0.0008,0.0000,0.0000
10451,C1,stable,589,2.9450,-0.0031,0.1111,0,4.3571,1,1.0000,0.0000,0.7250,30.9227,1.9895,-0.0274,0.0000,0.0000
10452,C1,adaptive,600,3.0000,-0.0017,0.1081,0,3.1905,1,1.0000,0.0000,0.7483,28.6771,1.5256,0.1806,0.0000,0.0000
10453,C1,broken_down,608,3.0400,-0.0007,0.1162,0,4.2500,1,1.0000,0.0000,0.7500,28.3575,1.8746,-0.0103,0.0000,0.0000
10454,C1,broken_down,635,3.1750,0.0018,0.0894,0,4.0667,1,1.0000,0.0000,0.7449,28.2685,1.7862,0.0336,0.0000,0.0000
10455,C1,adaptive,601,3.0050,0.0005,0.1238,0,5.0000,1,1.0000,0.0000,0.7421,30.8520,2.0837,-0.0043,0.0000,0.0000
10456,C1,adaptive,586,2.9300,0.0006,0.1300,0,5.1667,1,1.0000,0.0000,0.7338,28.1860,2.2249,0.0430,0.0000,0.0000
10457,C1,broken_down,593,2.9650,-0.0013,0.1187,0,4.3125,1,1.0000,0.0000,0.7218,30.7407,1.9349,-0.0915,0.0000,0.0000
10458,C1,stable,579,2.8950,-0.0028,0.0856,0,2.9474,1,1.0000,0.0000,0.7617,31.6236,2.0954,-0.0175,0.0000,0.0000
10459,C1,stable,635,3.1750,-0.0025,0.1219,0,4.7333,1,1.0000,0.0000,0.7591,30.3444,1.8583,0.1113,0.0000,0.0000
10460,C1,adaptive,615,3.0750,0.0001,0.0996,0,4.0000,1,1.0000,0.0000,0.7593,26.8887,2.2990,-0.0567,0.0000,0.0000
10461,C1,broken_down,583,2.9150,-0.0031,0.1099,0,4.9167,1,1.0000,0.0000,0.7084,27.7627,1.8813,-0.0107,0.0000,0.0000
10462,C1,broken_down,596,2.9800,-0.0035,0.1200,0,5.6364,1,1.0000,0.0000,0.7517,31.5379,2.1015,0.0329,0.0000,0.0000
10463,C1,stable,616,3.0800,-0.0017,0.1104,0,4.1250,1,1.0000,0.0000,0.7468,30.1413,1.9338,-0.1264,0.0000,0.0000
10464,C1,broken_down,603,3.0150,-0.0026,0.1436,0,6.8182,1,1.0000,0.0000,0.7247,31.2380,1.8155,-0.0479,0.0000,0.0000
10465,C1,adaptive,589,2.9450,-0.0040,0.1201,0,4.0000,1,1.0000,0.0000,0.7148,32.8527,1.9148,0.0081,0.0000,0.0000
10466,C1,adaptive,598,2.9900,-0.0025,0.1207,0,4.5333,1,1.0000,0.0000,0.7625,30.2873,1.7089,0.0050,0.0000,0.0000
10467,C1,adaptive,617,3.0850,-0.0039,0.1085,0,4.0000,1,1.0000,0.0000,0.7731,30.0943,2.1800,-0.0159,0.0000,0.0000
10468,C1,broken_down,645,3.2250,-0.0026,0.1213,0,4.6429,1,1.0000,0.0000,0.7550,30.4928,2.0274,0.0326,0.0000,0.0000
10469,C1,broken_down,599,2.9950,-0.0018,0.1131,0,5.1667,1,1.0000,0.0000,0.7346,28.3795,1.9547,0.0771,0.0000,0.0000
10470,C1,broken_down,598,2.9900,-0.0036,0.0881,0,3.3333,1,1.0000,0.0000,0.7341,31.7927,2.3168,-0.0736,0.0000,0.0000
10471,C1,broken_down,607,3.0350,-0.0037,0.1020,0,4.6923,1,1.0000,0.0000,0.7446,29.3518,1.9800,-0.0970,0.0000,0.0000
10472,C1,adaptive,633,3.1650,0.0027,0.1205,0,4.7143,1,1.0000,0.0000,0.7441,26.8089,2.0671,-0.1178,0.0000,0.0000
10473,C1,adaptive,590,2.9500,0.0007,0.1243,0,3.9375,1,1.0000,0.0000,0.7492,30.6493,1.8818,-0.0684,0.0000,0.0000
10474,C1,adaptive,610,3.0500,-0.0026,0.1216,0,6.6000,1,1.0000,0.0000,0.7311,29.6300,1.9071,0.0182,0.0000,0.0000
10475,C1,stable,623,3.1150,0.0008,0.1157,0,4.0000,1,1.0000,0.0000,0.7705,29.4042,2.1652,-0.0531,0.0000,0.0000
10476,C1,adaptive,594,2.9700,-0.0021,0.1358,0,4.8571,1,1.0000,0.0000,0.7037,37.5239,1.9765,-0.0207,0.0000,0.0000
10477,C1,broken_down,573,2.8650,-0.0013,0.1130,0,5.3636,1,1.0000,0.0000,0.7330,34.9476,1.9424,0.0819,0.0000,0.0000
10478,C1,broken_down,626,3.1300,-0.0022,0.0809,0,3.0000,1,1.0000,0.0000,0.7748,29.6268,2.1843,0.1115,0.0000,0.0000
10479,C1,stable,634,3.1700,-0.0030,0.1065,0,3.3684,1,1.0000,0.0000,0.7413,28.6957,2.0238,0.0027,0.0000,0.0000
10480,C1,broken_down,580,2.9000,-0.0002,0.1155,0,4.3571,1,1.0000,0.0000,0.7328,32.9529,2.1757,-0.1598,0.0000,0.0000
10481,C1,adaptive,593,2.9650,-0.0022,0.1266,0,5.0769,1,1.0000,0.0000,0.6965,31.7966,2.0620,-0.1108,0.0000,0.0000
10482,C1,adaptive,601,3.0050,-0.0026,0.1216,0,4.9231,1,1.0000,0.0000,0.7604,32.6280,1.6795,0.0191,0.0000,0.0000
10483,C1,adaptive,668,3.3400,-0.0017,0.1090,0,5.7500,1,1.0000,0.0000,0.7500,26.6886,2.1765,-0.0878,0.0000,0.0000
10484,C1,stable,603,3.0150,-0.0033,0.1320,0,3.9412,1,1.0000,0.0000,0.7396,30.9081,1.8257,-0.0617,0.0000,0.0000
10485,C1,broken_down,589,2.9450,-0.0028,0.1003,0,4.2857,1,1.0000,0.0000,0.7250,30.5410,2.3168,0.0102,0.0000,0.0000
10486,C1,adaptive,583,2.9150,-0.0027,0.1042,0,4.5000,1,1.0000,0.0000,0.7393,29.2947,2.3528,0.0224,0.0000,0.0000
10487,C1,broken_down,630,3.1500,-0.0054,0.0915,0,3.1000,1,1.0000,0.0000,0.7222,29.3890,2.3339,0.0148,0.0000,0.0000
10488,C1,adaptive,584,2.9200,-0.0024,0.0965,0,3.4118,1,1.0000,0.0000,0.7774,32.6123,2.1197,0.0515,0.0000,0.0000
10489,C1,adaptive,622,3.1100,-0.0038,0.1066,0,3.8750,1,1.0000,0.0000,0.7556,29.4362,1.6514,0.0826,0.0000,0.0000
10490,C1,stable,601,3.0050,0.0015,0.0892,0,3.3889,1,1.0000,0.0000,0.7537,33.6225,1.8345,0.1375,0.0000,0.0000
10491,C1,adaptive,597,2.9850,-0.0006,0.1188,0,4.9231,1,1.0000,0.0000,0.7605,32.0352,2.0613,0.1081,0.0000,0.0000
10492,C1,adaptive,574,2.8700,-0.0013,0.1103,0,5.8000,1,1.0000,0.0000,0.7422,27.8592,1.6510,0.0017,0.0000,0.0000
10493,C1,adaptive,593,2.9650,-0.0023,0.1252,0,5.1538,1,1.0000,0.0000,0.7572,29.8842,2.1883,0.0055,0.0000,0.0000
10494,C1,broken_down,582,2.9100,-0.0001,0.1226,0,6.2000,1,1.0000,0.0000,0.7526,29.3721,2.1569,0.1417,0.0000,0.0000
10495,C1,adaptive,586,2.9300,-0.0004,0.0944,0,3.4706,1,0.9848,0.0182,0.7526,31.7052,1.8270,-0.0071,0.0000,0.0000
10496,C1,broken_down,605,3.0250,-0.0020,0.0971,0,2.8571,1,1.0000,0.0000,0.7372,32.9013,2.2222,0.0082,0.0000,0.0000
10497,C1,adaptive,625,3.1250,-0.0001,0.1111,0,3.6111,1,1.0000,0.0000,0.7360,32.8174,1.8536,-0.1413,0.0000,0.0000
10498,C1,stable,587,2.9350,-0.0064,0.1092,0,4.0000,1,1.0000,0.0000,0.7428,32.2729,1.8779,0.0137,0.0000,0.0000
10499,C1,adaptive,619,3.0950,-0.0010,0.1143,0,3.7059,1,1.0000,0.0000,0.7464,29.1948,2.2422,0.0447,0.0000,0.0000
10500,C1,adaptive,596,2.9800,0.0012,0.0926,0,4.3846,1,1.0000,0.0000,0.7433,29.7946,1.9062,-0.0317,0.0000,0.0000
10501,C1,adaptive,617,3.0850,-0.0046,0.1176,0,4.7143,1,1.0000,0.0000,0.7374,30.3341,2.1475,0.0301,0.0000,0.0000
10502,C1,stable,608,3.0400,0.0000,0.1165,0,7.7500,1,1.0000,0.0000,0.7368,30.2679,2.1447,-0.0173,0.0000,0.0000
10503,C1,adaptive,632,3.1600,0.0025,0.0965,0,4.5714,1,1.0000,0.0000,0.7627,28.6535,1.9538,0.1171,0.0000,0.0000
10504,C1,adaptive,595,2.9750,-0.0046,0.1183,0,5.5455,1,0.9848,0.0182,0.7395,30.4023,2.1311,0.0507,0.0000,0.0000
10505,C1,adaptive,610,3.0500,-0.0016,0.1246,0,5.4167,1,1.0000,0.0000,0.7541,30.5217,2.1995,0.0119,0.0000,0.0000
10506,C1,stable,623,3.1150,-0.0030,0.1237,0,4.4000,1,1.0000,0.0000,0.6998,28.5069,2.0064,-0.1262,0.0000,0.0000
10507,C1,adaptive,604,3.0200,-0.0058,0.0933,0,4.2143,1,1.0000,0.0000,0.7550,31.5088,2.2084,0.0763,0.0000,0.0000
10508,C1,adaptive,599,2.9950,-0.0041,0.1253,0,3.8824,1,1.0000,0.0000,0.7062,30.3452,1.8122,0.0172,0.0000,0.0000
10509,C1,adaptive,572,2.8600,-0.0008,0.1031,0,4.0667,1,1.0000,0.0000,0.7168,32.4049,1.3562,-0.0684,0.0000,0.0000
10510,C1,broken_down,584,2.9200,-0.0001,0.1284,0,8.8571,1,0.9848,0.0182,0.7500,30.0388,1.7953,0.0406,0.0000,0.0000
10511,C1,adaptive,560,2.8000,0.0015,0.1045,0,4.2143,1,1.0000,0.0000,0.7732,30.9538,2.0451,0.0841,0.0000,0.0000
10512,C1,stable,586,2.9300,-0.0024,0.1163,0,5.5455,1,1.0000,0.0000,0.7457,33.5561,2.1185,-0.1229,0.0000,0.0000
10513,C1,adaptive,634,3.1700,-0.0002,0.1130,0,3.5789,1,1.0000,0.0000,0.7461,29.0423,1.9512,0.0063,0.0000,0.0000
10514,C1,adaptive,608,3.0400,-0.0003,0.1162,0,4.2000,1,1.0000,0.0000,0.7171,33.0688,1.8697,0.0981,0.0000,0.0000
10515,C1,stable,616,3.0800,-0.0037,0.1009,0,4.2000,1,1.0000,0.0000,0.7484,29.3753,1.7876,0.0542,0.0000,0.0000
10516,C1,stable,621,3.1050,-0.0006,0.1019,0,4.5000,1,1.0000,0.0000,0.7601,29.1589,1.6509,-0.0137,0.0000,0.0000
10517,C1,stable,613,3.0650,0.0015,0.1247,0,4.4286,1,1.0000,0.0000,0.7602,34.0966,1.9909,-0.0783,0.0000,0.0000
10518,C1,adaptive,658,3.2900,-0.0004,0.1102,0,6.0909,1,1.0000,0.0000,0.7356,28.3244,1.8073,0.0275,0.0000,0.0000
10519,C1,adaptive,581,2.9050,0.0004,0.1459,0,5.5833,1,0.9848,0.0182,0.7590,31.4467,1.8446,0.0582,0.0000,0.0000
10520,C1,adaptive,620,3.1000,-0.0009,0.1008,0,4.1333,1,1.0000,0.0000,0.7548,33.1880,2.3054,0.1505,0.0000,0.0000
10521,C1,adaptive,667,3.3350,-0.0054,0.0983,0,3.7368,1,1.0000,0.0000,0.7481,29.8798,2.0407,0.1473,0.0000,0.0000
10522,C1,broken_down,589,2.9450,-0.0008,0.1012,0,3.9333,1,1.0000,0.0000,0.7521,29.5914,1.7705,-0.0071,0.0000,0.0000
10523,C1,adaptive,646,3.2300,-0.0011,0.1017,0,2.6667,1,1.0000,0.0000,0.7337,31.6245,1.9464,0.0590,0.0000,0.0000
10524,C1,adaptive,603,3.0150,-0.0002,0.1146,0,4.4286,1,1.0000,0.0000,0.7496,31.5354,2.0330,0.1022,0.0000,0.0000
10525,C1,stable,610,3.0500,-0.0061,0.1167,0,3.3889,1,1.0000,0.0000,0.7410,30.0376,2.0718,-0.0449,0.0000,0.0000
10526,C1,adaptive,612,3.0600,-0.0028,0.1231,0,5.2500,1,1.0000,0.0000,0.7729,27.5307,1.6975,0.1844,0.0000,0.0000
10527,C1,broken_down,583,2.9150,-0.0014,0.1196,0,6.8889,1,1.0000,0.0000,0.7564,32.4240,2.1538,0.0098,0.0000,0.0000
10528,C1,adaptive,589,2.9450,-0.0011,0.1252,0,3.6842,1,0.9848,0.0182,0.7470,31.3909,1.9534,0.0058,0.0000,0.0000
10529,C1,adaptive,595,2.9750,-0.0006,0.1279,0,4.8571,1,1.0000,0.0000,0.7445,31.9187,1.8697,-0.1176,0.0000,0.0000
10530,C1,adaptive,608,3.0400,-0.0014,0.1209,0,5.1667,1,1.0000,0.0000,0.7072,29.6953,2.1892,0.0898,0.0000,0.0000
10531,C1,broken_down,610,3.0500,0.0016,0.1153,0,5.4167,1,1.0000,0.0000,0.7672,33.7650,1.9022,-0.0303,0.0000,0.0000
10532,C1,adaptive,587,2.9350,-0.0006,0.1290,0,6.8889,1,1.0000,0.0000,0.7053,31.0870,1.8102,-0.0237,0.0000,0.0000
10533,C1,broken_down,610,3.0500,-0.0017,0.1328,0,8.2500,1,1.0000,0.0000,0.7607,28.6616,1.9723,0.0339,0.0000,0.0000
10534,C1,adaptive,603,3.0150,-0.0009,0.1295,0,4.4667,1,0.9848,0.0182,0.7264,34.6621,2.1981,-0.0432,0.0000,0.0000
10535,C1,adaptive,589,2.9450,0.0003,0.1006,0,3.5882,1,1.0000,0.0000,0.7572,31.2489,1.9632,0.0193,0.0000,0.0000
10536,C1,broken_down,613,3.0650,-0.0060,0.1122,0,3.9375,1,1.0000,0.0000,0.7488,31.5359,2.1281,0.0500,0.0000,0.0000
10537,C1,adaptive,604,3.0200,-0.0011,0.1049,0,3.7500,1,1.0000,0.0000,0.7864,31.0989,2.0437,0.0104,0.0000,0.0000
10538,C1,stable,608,3.0400,0.0008,0.0943,0,3.5000,1,1.0000,0.0000,0.7615,32.8380,1.6928,0.0369,0.0000,0.0000
10539,C1,stable,625,3.1250,-0.0021,0.1079,0,5.1538,1,1.0000,0.0000,0.7664,30.9102,2.0981,-0.0363,0.0000,0.0000
10540,C1,broken_down,589,2.9450,-0.0025,0.1295,0,5.0769,1,1.0000,0.0000,0.7301,31.1744,2.4829,-0.0127,0.0000,0.0000
10541,C1,adaptive,652,3.2600,-0.0010,0.0966,0,3.3500,1,1.0000,0.0000,0.7531,28.9308,2.0580,0.0047,0.0000,0.0000
10542,C1,stable,651,3.2550,-0.0010,0.1276,0,6.6000,1,1.0000,0.0000,0.7481,30.0185,2.2343,0.0851,0.0000,0.0000
10543,C1,adaptive,592,2.9600,-0.0016,0.1337,0,4.8571,1,1.0000,0.0000,0.7128,32.3246,2.1464,-0.0090,0.0000,0.0000
10544,C1,adaptive,598,2.9900,-0.0006,0.1204,0,5.7273,1,1.0000,0.0000,0.7441,32.6562,2.0610,-0.0712,0.0000,0.0000
10545,C1,adaptive,644,3.2200,-0.0008,0.0893,0,3.1429,1,1.0000,0.0000,0.7438,29.3758,1.9939,-0.0295,0.0000,0.0000
10546,C1,stable,598,2.9900,0.0001,0.0992,0,5.0833,1,1.0000,0.0000,0.7157,30.1869,2.2307,-0.0497,0.0000,0.0000
10547,C1,adaptive,626,3.1300,-0.0026,0.0857,0,2.7273,1,1.0000,0.0000,0.7428,32.7699,1.9531,-0.0771,0.0000,0.0000
10548,C1,broken_down,587,2.9350,-0.0057,0.0916,0,3.4118,1,1.0000,0.0000,0.7717,28.3113,1.9284,0.0700,0.0000,0.0000
10549,C1,broken_down,652,3.2600,-0.0010,0.0994,0,3.5500,1,1.0000,0.0000,0.7853,28.6602,1.9847,-0.0462,0.0000,0.0000
10550,C1,stable,629,3.1450,-0.0036,0.1260,0,4.0000,1,1.0000,0.0000,0.7599,31.8766,2.1208,-0.0135,0.0000,0.0000
10551,C1,adaptive,613,3.0650,-0.0005,0.1255,0,6.7000,1,1.0000,0.0000,0.7537,32.4286,1.9058,0.0248,0.0000,0.0000
10552,C1,stable,595,2.9750,-0.0029,0.1001,0,3.5294,1,1.0000,0.0000,0.7345,31.6247,1.8736,0.0062,0.0000,0.0000
10553,C1,adaptive,630,3.1500,-0.0003,0.1161,0,3.8235,1,1.0000,0.0000,0.7651,29.0892,2.0308,0.0111,0.0000,0.0000
10554,C1,adaptive,594,2.9700,-0.0022,0.1240,0,4.2667,1,1.0000,0.0000,0.7576,34.0956,2.1392,-0.0725,0.0000,0.0000
10555,C1,broken_down,578,2.8900,-0.0006,0.1237,0,5.0000,1,1.0000,0.0000,0.7422,31.7739,2.1226,-0.0611,0.0000,0.0000
10556,C1,stable,610,3.0500,-0.0012,0.1087,0,4.5714,1,1.0000,0.0000,0.7311,30.5987,2.0072,-0.1302,0.0000,0.0000
10557,C1,adaptive,597,2.9850,-0.0052,0.1160,0,3.5789,1,1.0000,0.0000,0.7621,35.8593,1.9812,-0.0762,0.0000,0.0000
10558,C1,adaptive,664,3.3200,-0.0020,0.1145,0,4.7333,1,1.0000,0.0000,0.7696,25.9628,1.7383,0.0450,0.0000,0.0000
10559,C1,stable,599,2.9950,0.0002,0.1095,0,3.5789,1,1.0000,0.0000,0.7546,30.9602,2.3233,-0.0237,0.0000,0.0000
10560,C1,adaptive,578,2.8900,0.0001,0.1384,0,4.4286,1,1.0000,0.0000,0.7042,28.9115,2.0514,-0.0024,0.0000,0.0000
10561,C1,adaptive,614,3.0700,-0.0000,0.1257,0,3.0952,1,1.0000,0.0000,0.7345,31.4279,2.0238,-0.0398,0.0000,0.0000
10562,C1,stable,626,3.1300,-0.0047,0.1118,0,4.7143,1,1.0000,0.0000,0.7556,30.9873,1.8084,-0.1371,0.0000,0.0000
10563,C1,adaptive,624,3.1200,-0.0025,0.1253,0,5.3846,1,1.0000,0.0000,0.7404,28.2294,2.0603,0.1184,0.0000,0.0000
10564,C1,adaptive,619,3.0950,-0.0011,0.1410,0,5.4167,1,1.0000,0.0000,0.7738,27.8852,2.2043,-0.1243,0.0000,0.0000
10565,C1,broken_down,627,3.1350,-0.0031,0.1115,0,5.2500,1,1.0000,0.0000,0.7432,26.8176,1.9316,0.0429,0.0000,0.0000
10566,C1,adaptive,620,3.1000,-0.0011,0.1185,0,6.0000,1,1.0000,0.0000,0.7000,30.9862,2.2303,-0.0569,0.0000,0.0000
10567,C1,adaptive,586,2.9300,-0.0030,0.1001,0,3.6875,1,1.0000,0.0000,0.7253,33.4894,1.9008,-0.0484,0.0000,0.0000
10568,C1,adaptive,608,3.0400,-0.0018,0.1423,0,4.5333,1,1.0000,0.0000,0.7681,31.7901,1.7629,0.0523,0.0000,0.0000
10569,C1,adaptive,610,3.0500,-0.0033,0.1183,0,3.2000,1,1.0000,0.0000,0.7738,32.5487,1.7871,-0.0163,0.0000,0.0000
10570,C1,broken_down,586,2.9300,-0.0011,0.1146,0,8.5714,1,0.9848,0.0182,0.7662,31.7929,1.9961,-0.0604,0.0000,0.0000
10571,C1,adaptive,609,3.0450,0.0018,0.1301,0,4.4000,1,1.0000,0.0000,0.7258,29.5158,2.1560,-0.1240,0.0000,0.0000
10572,C1,adaptive,564,2.8200,-0.0034,0.1008,0,3.6471,1,1.0000,0.0000,0.7074,29.6040,1.8235,-0.0415,0.0000,0.0000
10573,C1,adaptive,611,3.0550,-0.0011,0.1052,0,4.6154,1,1.0000,0.0000,0.7561,31.4048,1.8361,0.0497,0.0000,0.0000
10574,C1,stable,595,2.9750,-0.0009,0.0943,0,4.1429,1,1.0000,0.0000,0.7378,32.3690,1.8052,-0.0334,0.0000,0.0000
10575,C1,adaptive,629,3.1450,-0.0014,0.1069,0,3.3333,1,1.0000,0.0000,0.7727,27.7449,2.1096,-0.0908,0.0000,0.0000
10576,C1,broken_down,571,2.8550,-0.0040,0.1169,0,4.3571,1,1.0000,0.0000,0.7163,32.4743,1.8049,0.0044,0.0000,0.0000
10577,C1,adaptive,594,2.9700,0.0016,0.1212,0,6.8889,1,1.0000,0.0000,0.7306,30.0438,1.9150,-0.0911,0.0000,0.0000
10578,C1,broken_down,592,2.9600,0.0029,0.0983,0,3.2105,1,1.0000,0.0000,0.7703,31.1820,1.9882,-0.0370,0.0000,0.0000
10579,C1,broken_down,615,3.0750,-0.0014,0.1248,0,3.8824,1,1.0000,0.0000,0.6878,33.0355,1.9635,0.0869,0.0000,0.0000
10580,C1,stable,577,2.8850,-0.0031,0.1030,0,3.0000,1,1.0000,0.0000,0.7435,35.9557,2.0823,0.0132,0.0000,0.0000
10581,C1,adaptive,617,3.0850,-0.0006,0.0993,0,4.5000,1,1.0000,0.0000,0.7747,29.7678,2.1656,-0.0825,0.0000,0.0000
10582,C1,adaptive,660,3.3000,-0.0033,0.1078,0,3.6316,1,1.0000,0.0000,0.7727,32.0196,2.0772,0.1078,0.0000,0.0000
10583,C1,stable,584,2.9200,0.0012,0.1119,0,3.5000,1,1.0000,0.0000,0.6884,30.7040,2.4405,-0.0688,0.0000,0.0000
10584,C1,stable,636,3.1800,-0.0025,0.1153,0,4.1176,1,1.0000,0.0000,0.7767,28.0972,2.1055,0.0228,0.0000,0.0000
10585,C1,stable,573,2.8650,-0.0023,0.1238,0,4.0000,1,1.0000,0.0000,0.7190,34.5388,1.7474,-0.0852,0.0000,0.0000
10586,C1,adaptive,595,2.9750,-0.0069,0.0948,0,3.1579,1,1.0000,0.0000,0.7832,29.9592,1.8694,0.1403,0.0000,0.0000
10587,C1,stable,608,3.0400,0.0005,0.0946,0,3.8750,1,1.0000,0.0000,0.7368,31.1429,1.7746,-0.0055,0.0000,0.0000
10588,C1,adaptive,620,3.1000,-0.0010,0.1129,0,4.4667,1,1.0000,0.0000,0.7532,30.9443,1.9746,-0.0113,0.0000,0.0000
10589,C1,adaptive,588,2.9400,-0.0011,0.0933,0,4.7500,1,1.0000,0.0000,0.7568,30.8472,2.1662,-0.1077,0.0000,0.0000
10590,C1,stable,657,3.2850,0.0011,0.1249,0,4.4667,1,1.0000,0.0000,0.7732,29.0984,1.7809,-0.0399,0.0000,0.0000
10591,C1,stable,612,3.0600,0.0001,0.1057,0,4.2000,1,1.0000,0.0000,0.7369,33.9756,1.5587,0.0156,0.0000,0.0000
10592,C1,stable,626,3.1300,0.0030,0.1206,0,3.4737,1,1.0000,0.0000,0.7460,28.8415,2.3606,-0.0354,0.0000,0.0000
10593,C1,adaptive,635,3.1750,-0.0040,0.1101,0,4.5000,1,1.0000,0.0000,0.7858,31.1202,2.5657,0.0466,0.0000,0.0000
10594,C1,broken_down,577,2.8850,0.0021,0.1313,0,6.4000,1,1.0000,0.0000,0.7175,30.2319,2.0410,-0.0191,0.0000,0.0000
10595,C1,stable,645,3.2250,-0.0013,0.1009,0,4.5714,1,1.0000,0.0000,0.7612,32.2892,2.3161,-0.0503,0.0000,0.0000
10596,C1,adaptive,637,3.1850,-0.0020,0.1163,0,7.1111,1,1.0000,0.0000,0.7425,31.9387,2.0890,0.0750,0.0000,0.0000
10597,C1,broken_down,588,2.9400,0.0009,0.1239,0,5.3333,1,1.0000,0.0000,0.7415,33.2041,2.0788,0.0758,0.0000,0.0000
10598,C1,broken_down,607,3.0350,0.0003,0.1374,0,5.0000,1,1.0000,0.0000,0.7068,29.9860,2.2038,-0.0337,0.0000,0.0000
10599,C1,stable,640,3.2000,-0.0010,0.1221,0,4.4118,1,1.0000,0.0000,0.7750,27.6653,1.7430,0.0946,0.0000,0.0000
10600,C1,adaptive,587,2.9350,-0.0037,0.1004,0,4.0667,1,1.0000,0.0000,0.7615,30.4004,1.6116,-0.0224,0.0000,0.0000
10601,C1,broken_down,560,2.8000,-0.0001,0.1536,0,6.0000,1,1.0000,0.0000,0.7286,32.7843,1.9576,-0.0339,0.0000,0.0000
10602,C1,adaptive,647,3.2350,-0.0001,0.1055,0,4.0588,1,1.0000,0.0000,0.7682,26.1268,1.8661,-0.0476,0.0000,0.0000
10603,C1,broken_down,587,2.9350,-0.0021,0.1256,0,5.5833,1,1.0000,0.0000,0.7342,29.8445,1.8299,-0.0045,0.0000,0.0000
10604,C1,broken_down,599,2.9950,-0.0012,0.1203,0,4.4667,1,1.0000,0.0000,0.7346,32.9159,2.2371,-0.0822,0.0000,0.0000
10605,C1,adaptive,607,3.0350,-0.0032,0.1031,0,3.2105,1,1.0000,0.0000,0.7479,29.3436,1.8558,0.0204,0.0000,0.0000
10606,C1,stable,582,2.9100,-0.0016,0.0922,0,3.8667,1,1.0000,0.0000,0.7234,32.5534,2.0586,0.0191,0.0000,0.0000
10607,C1,adaptive,651,3.2550,-0.0017,0.1066,0,4.0000,1,1.0000,0.0000,0.7742,32.0139,2.2489,-0.1185,0.0000,0.0000
10608,C1,adaptive,603,3.0150,0.0005,0.0938,0,4.1429,1,1.0000,0.0000,0.7380,32.9483,1.7845,-0.0677,0.0000,0.0000
10609,C1,broken_down,637,3.1850,-0.0050,0.1320,0,3.9444,1,1.0000,0.0000,0.7347,27.7201,2.2418,0.0686,0.0000,0.0000
10610,C1,adaptive,593,2.9650,-0.0015,0.1263,0,4.5333,1,1.0000,0.0000,0.7723,32.6550,2.0261,0.1082,0.0000,0.0000
10611,C1,broken_down,635,3.1750,0.0002,0.0972,0,3.7647,1,1.0000,0.0000,0.7496,29.1912,1.7907,-0.0216,0.0000,0.0000
10612,C1,adaptive,602,3.0100,0.0005,0.1022,0,4.1333,1,1.0000,0.0000,0.6794,29.1100,2.0409,-0.0094,0.0000,0.0000
10613,C1,adaptive,600,3.0000,-0.0029,0.1178,0,4.2000,1,1.0000,0.0000,0.7683,29.3579,2.3572,0.0261,0.0000,0.0000
10614,C1,stable,613,3.0650,-0.0024,0.1035,0,3.6471,1,1.0000,0.0000,0.7765,29.3088,2.0342,-0.0483,0.0000,0.0000
10615,C1,adaptive,612,3.0600,-0.0011,0.0885,0,2.6667,1,1.0000,0.0000,0.7353,31.0400,1.8629,-0.0142,0.0000,0.0000
10616,C1,adaptive,629,3.1450,-0.0019,0.1175,0,4.0625,1,1.0000,0.0000,0.7250,30.4408,2.0040,-0.0255,0.0000,0.0000
10617,C1,adaptive,609,3.0450,0.0006,0.1170,0,5.2500,1,1.0000,0.0000,0.7455,29.9802,1.8452,-0.0108,0.0000,0.0000
10618,C1,adaptive,597,2.9850,-0.0036,0.1034,0,4.2857,1,1.0000,0.0000,0.7387,29.2132,2.0368,-0.0875,0.0000,0.0000
10619,C1,stable,644,3.2200,-0.0024,0.1178,0,3.8824,1,1.0000,0.0000,0.7671,30.3887,1.9183,0.1840,0.0000,0.0000
10620,C1,stable,631,3.1550,0.0012,0.1042,0,4.8462,1,1.0000,0.0000,0.7639,27.9938,2.0571,-0.0105,0.0000,0.0000
10621,C1,broken_down,596,2.9800,0.0007,0.1261,0,5.8182,1,1.0000,0.0000,0.7315,31.3968,2.2165,-0.0769,0.0000,0.0000
10622,C1,adaptive,610,3.0500,-0.0020,0.1060,0,4.5714,1,1.0000,0.0000,0.7459,32.0549,1.8331,0.0369,0.0000,0.0000
10623,C1,broken_down,585,2.9250,0.0008,0.1019,0,4.5385,1,1.0000,0.0000,0.7026,29.4818,2.0202,-0.0723,0.0000,0.0000
10624,C1,adaptive,623,3.1150,-0.0004,0.1015,0,4.5000,1,1.0000,0.0000,0.7464,29.2344,2.1198,-0.1093,0.0000,0.0000
10625,C1,broken_down,569,2.8450,-0.0016,0.1094,0,4.9167,1,1.0000,0.0000,0.7258,30.9056,1.5929,0.0740,0.0000,0.0000
10626,C1,broken_down,571,2.8550,-0.0042,0.1008,0,7.1250,1,1.0000,0.0000,0.7320,33.2512,1.8903,-0.0611,0.0000,0.0000
10627,C1,stable,595,2.9750,0.0006,0.1181,0,4.7692,1,1.0000,0.0000,0.7513,31.1387,1.8232,-0.0386,0.0000,0.0000
10628,C1,broken_down,636,3.1800,0.0023,0.1140,0,6.8000,1,1.0000,0.0000,0.7123,28.0464,1.9569,-0.0104,0.0000,0.0000
10629,C1,stable,609,3.0450,0.0007,0.1025,0,4.6923,1,0.9848,0.0182,0.7718,31.7787,2.0905,-0.0386,0.0000,0.0000
10630,C1,adaptive,610,3.0500,-0.0035,0.1219,0,5.5833,1,1.0000,0.0000,0.7656,31.2548,2.3004,-0.0677,0.0000,0.0000
10631,C1,adaptive,618,3.0900,-0.0021,0.1294,0,4.1875,1,1.0000,0.0000,0.7443,29.9261,1.8832,0.1094,0.0000,0.0000
10632,C1,broken_down,618,3.0900,0.0008,0.1227,0,5.5833,1,1.0000,0.0000,0.7508,28.2263,2.6570,-0.0562,0.0000,0.0000
10633,C1,adaptive,596,2.9800,-0.0011,0.1124,0,4.0000,1,1.0000,0.0000,0.7282,29.2488,1.5097,0.0914,0.0000,0.0000
10634,C1,broken_down,594,2.9700,-0.0029,0.1021,0,3.9333,1,1.0000,0.0000,0.7340,34.0757,1.9268,-0.0120,0.0000,0.0000
10635,C1,stable,629,3.1450,-0.0024,0.1165,0,3.6111,1,1.0000,0.0000,0.7361,31.6652,2.1453,-0.0453,0.0000,0.0000
10636,C1,stable,588,2.9400,0.0029,0.0992,0,4.2143,1,1.0000,0.0000,0.7772,29.7352,1.8767,-0.0216,0.0000,0.0000
10637,C1,stable,599,2.9950,-0.0013,0.1454,0,10.5714,1,1.0000,0.0000,0.7446,32.2982,1.7915,-0.0121,0.0000,0.0000
10638,C1,stable,604,3.0200,-0.0011,0.1131,0,3.3889,1,1.0000,0.0000,0.7566,32.3435,1.8180,0.0531,0.0000,0.0000
10639,C1,broken_down,611,3.0550,-0.0002,0.1196,0,7.5556,1,1.0000,0.0000,0.7545,30.6529,1.8364,0.1718,0.0000,0.0000
10640,C1,stable,601,3.0050,-0.0021,0.1233,0,4.8462,1,1.0000,0.0000,0.7488,30.2644,2.3676,-0.1115,0.0000,0.0000
10641,C1,adaptive,620,3.1000,0.0034,0.1081,0,4.4286,1,1.0000,0.0000,0.7500,31.5183,2.2604,-0.2104,0.0000,0.0000
10642,C1,adaptive,582,2.9100,-0.0024,0.1380,0,5.5000,1,1.0000,0.0000,0.7045,28.5171,2.0158,0.0170,0.0000,0.0000
10643,C1,adaptive,589,2.9450,-0.0042,0.1167,0,3.1905,1,1.0000,0.0000,0.7504,32.0950,2.1231,0.0606,0.0000,0.0000
10644,C1,broken_down,615,3.0750,-0.0032,0.1072,0,4.2000,1,1.0000,0.0000,0.7642,33.6596,1.8095,0.0094,0.0000,0.0000
10645,C1,stable,609,3.0450,0.0001,0.1052,0,5.0000,1,1.0000,0.0000,0.7225,30.3864,1.9703,-0.1335,0.0000,0.0000
10646,C1,stable,660,3.3000,-0.0011,0.1033,0,4.7857,1,1.0000,0.0000,0.7773,28.4327,2.5212,-0.0929,0.0000,0.0000
10647,C1,stable,596,2.9800,-0.0021,0.1174,0,4.1250,1,1.0000,0.0000,0.7366,30.5148,1.7206,-0.0237,0.0000,0.0000
10648,C1,adaptive,604,3.0200,-0.0043,0.1131,0,4.7143,1,1.0000,0.0000,0.7136,33.7285,1.8966,0.0259,0.0000,0.0000
10649,C1,broken_down,598,2.9900,0.0006,0.1145,0,6.4000,1,1.0000,0.0000,0.6906,33.2954,1.9142,0.0812,0.0000,0.0000
10650,C1,stable,583,2.9150,0.0004,0.1254,0,5.5000,1,1.0000,0.0000,0.7204,30.8643,2.0231,0.0767,0.0000,0.0000
10651,C1,adaptive,596,2.9800,-0.0028,0.1216,0,4.2667,1,1.0000,0.0000,0.7198,32.4079,2.3025,-0.0002,0.0000,0.0000
10652,C1,adaptive,605,3.0250,0.0008,0.1131,0,3.8824,1,1.0000,0.0000,0.7504,29.6454,2.1045,0.0327,0.0000,0.0000
10653,C1,stable,567,2.8350,-0.0002,0.1174,0,5.5455,1,1.0000,0.0000,0.7090,29.2687,1.9974,0.0213,0.0000,0.0000
10654,C1,adaptive,646,3.2300,-0.0041,0.1115,0,5.3077,1,1.0000,0.0000,0.7307,29.5784,1.9891,0.0820,0.0000,0.0000
10655,C1,adaptive,609,3.0450,-0.0049,0.0984,0,4.4286,1,1.0000,0.0000,0.7570,32.9631,1.9748,0.1037,0.0000,0.0000
10656,C1,adaptive,630,3.1500,-0.0013,0.0981,0,3.2632,1,1.0000,0.0000,0.7508,33.7632,2.3959,0.0077,0.0000,0.0000
10657,C1,stable,609,3.0450,-0.0008,0.1203,0,3.6111,1,1.0000,0.0000,0.7488,29.4890,1.8841,-0.1076,0.0000,0.0000
10658,C1,broken_down,579,2.8950,-0.0030,0.1098,0,4.2667,1,1.0000,0.0000,0.7409,34.5058,2.1406,-0.0246,0.0000,0.0000
10659,C1,adaptive,590,2.9500,0.0005,0.0972,0,2.5217,1,1.0000,0.0000,0.7441,33.6241,2.0719,-0.0459,0.0000,0.0000
10660,C1,adaptive,636,3.1800,-0.0030,0.1006,0,3.6111,1,1.0000,0.0000,0.7579,30.8983,2.0009,-0.0683,0.0000,0.0000
10661,C1,adaptive,627,3.1350,-0.0025,0.1073,0,4.3333,1,1.0000,0.0000,0.7608,29.8868,2.2223,-0.0982,0.0000,0.0000
10662,C1,stable,652,3.2600,-0.0006,0.1217,0,5.0714,1,1.0000,0.0000,0.7515,28.9776,1.9488,-0.0086,0.0000,0.0000
10663,C1,broken_down,618,3.0900,-0.0020,0.1133,0,4.5714,1,1.0000,0.0000,0.7540,26.9378,1.9451,0.2293,0.0000,0.0000
10664,C1,broken_down,572,2.8600,-0.0016,0.1227,0,3.6471,1,1.0000,0.0000,0.7273,33.5264,1.9818,-0.0271,0.0000,0.0000
10665,C1,broken_down,590,2.9500,-0.0044,0.0997,0,4.4615,1,1.0000,0.0000,0.7390,33.1697,1.8067,0.0174,0.0000,0.0000
10666,C1,broken_down,575,2.8750,-0.0036,0.0990,0,3.5294,1,1.0000,0.0000,0.7878,31.1943,1.8313,0.0533,0.0000,0.0000
10667,C1,broken_down,606,3.0300,0.0013,0.1053,0,5.4545,1,1.0000,0.0000,0.7723,28.4530,2.1700,-0.0556,0.0000,0.0000
10668,C1,stable,592,2.9600,-0.0013,0.1213,0,4.3571,1,1.0000,0.0000,0.7280,34.7332,2.0659,-0.1101,0.0000,0.0000
10669,C1,stable,615,3.0750,-0.0027,0.1180,0,3.7647,1,1.0000,0.0000,0.7480,28.3348,2.0872,-0.0519,0.0000,0.0000
10670,C1,broken_down,617,3.0850,0.0000,0.1298,0,4.0000,1,1.0000,0.0000,0.7455,31.7217,1.8052,0.0313,0.0000,0.0000
10671,C1,broken_down,596,2.9800,-0.0002,0.1133,0,3.5000,1,1.0000,0.0000,0.7366,31.0205,2.0455,-0.0723,0.0000,0.0000
10672,C1,broken_down,641,3.2050,0.0012,0.1083,0,6.4000,1,1.0000,0.0000,0.7629,28.8344,2.3231,-0.1011,0.0000,0.0000
10673,C1,broken_down,636,3.1800,-0.0027,0.1234,0,5.0769,1,1.0000,0.0000,0.7469,32.6316,1.8445,-0.0642,0.0000,0.0000
10674,C1,broken_down,605,3.0250,0.0032,0.1045,0,4.3571,1,1.0000,0.0000,0.7207,31.4014,2.1259,0.0452,0.0000,0.0000
10675,C1,stable,619,3.0950,-0.0027,0.1121,0,4.2667,1,1.0000,0.0000,0.7447,28.5206,1.8219,-0.0613,0.0000,0.0000
10676,C1,stable,588,2.9400,-0.0031,0.1312,0,4.3333,1,1.0000,0.0000,0.7075,31.2572,2.0733,-0.0122,0.0000,0.0000
10677,C1,broken_down,633,3.1650,-0.0003,0.1202,0,4.2667,1,1.0000,0.0000,0.7472,28.4186,1.8012,-0.0530,0.0000,0.0000
10678,C1,broken_down,600,3.0000,-0.0025,0.1022,0,5.4545,1,1.0000,0.0000,0.7183,28.6821,2.0109,-0.0253,0.0000,0.0000
10679,C1,adaptive,604,3.0200,-0.0037,0.1167,0,5.1667,1,1.0000,0.0000,0.6970,33.3587,1.8096,0.1300,0.0000,0.0000
10680,C1,adaptive,605,3.0250,-0.0019,0.1051,0,3.0909,1,1.0000,0.0000,0.7669,32.0022,1.8081,-0.0186,0.0000,0.0000
10681,C1,stable,630,3.1500,-0.0019,0.0960,0,4.2000,1,1.0000,0.0000,0.7476,29.9618,1.8561,0.0179,0.0000,0.0000
10682,C1,adaptive,588,2.9400,-0.0029,0.0975,0,3.3333,1,1.0000,0.0000,0.7874,29.4946,1.9010,0.0422,0.0000,0.0000
10683,C1,stable,582,2.9100,0.0002,0.0985,0,5.3636,1,1.0000,0.0000,0.7440,34.5150,2.0310,0.0220,0.0000,0.0000
10684,C1,adaptive,639,3.1950,0.0005,0.1251,0,4.6667,1,1.0000,0.0000,0.7934,30.8698,1.9681,-0.1110,0.0000,0.0000
10685,C1,broken_down,648,3.2400,-0.0023,0.1075,0,6.6000,1,1.0000,0.0000,0.7762,29.7575,2.0235,-0.0127,0.0000,0.0000
10686,C1,adaptive,625,3.1250,0.0027,0.1129,0,6.4545,1,1.0000,0.0000,0.7232,30.2345,1.9052,0.0155,0.0000,0.0000
10687,C1,broken_down,596,2.9800,-0.0041,0.0945,0,3.3333,1,1.0000,0.0000,0.7164,30.4895,1.7919,0.0474,0.0000,0.0000
10688,C1,stable,592,2.9600,-0.0008,0.1250,0,6.0909,1,1.0000,0.0000,0.7703,32.2018,1.8736,-0.0721,0.0000,0.0000
10689,C1,broken_down,626,3.1300,0.0001,0.1339,0,4.7333,1,1.0000,0.0000,0.7748,31.7216,1.8536,0.1465,0.0000,0.0000
10690,C1,adaptive,637,3.1850,-0.0022,0.0888,0,3.1500,1,1.0000,0.0000,0.7394,31.2527,2.0615,0.2034,0.0000,0.0000
10691,C1,adaptive,574,2.8700,-0.0033,0.0871,0,3.5000,1,1.0000,0.0000,0.7439,29.7260,2.0897,-0.0733,0.0000,0.0000
10692,C1,adaptive,594,2.9700,-0.0011,0.1173,0,3.6667,1,1.0000,0.0000,0.7407,30.3682,2.1242,-0.0530,0.0000,0.0000
10693,C1,stable,633,3.1650,-0.0022,0.1360,0,6.0000,1,1.0000,0.0000,0.7504,29.9116,2.0236,-0.0488,0.0000,0.0000
10694,C1,adaptive,601,3.0050,-0.0029,0.1008,0,2.9048,1,1.0000,0.0000,0.7271,30.3707,1.8744,0.0047,0.0000,0.0000
10695,C1,stable,628,3.1400,-0.0041,0.1218,0,5.7500,1,1.0000,0.0000,0.7436,29.4904,2.5669,0.0402,0.0000,0.0000
10696,C1,adaptive,597,2.9850,-0.0020,0.1071,0,3.5294,1,1.0000,0.0000,0.7705,30.7522,2.2104,0.0515,0.0000,0.0000
10697,C1,broken_down,606,3.0300,-0.0041,0.1207,0,4.5000,1,1.0000,0.0000,0.7030,30.9836,2.1649,-0.0492,0.0000,0.0000
10698,C1,adaptive,620,3.1000,-0.0020,0.1290,0,5.3077,1,1.0000,0.0000,0.7548,31.2949,1.6888,-0.0562,0.0000,0.0000
10699,C1,adaptive,627,3.1350,-0.0037,0.1065,0,5.0769,1,1.0000,0.0000,0.7448,30.8009,1.7535,0.0136,0.0000,0.0000
10700,C1,stable,600,3.0000,-0.0026,0.1456,0,6.5455,1,1.0000,0.0000,0.7550,30.2274,1.7837,0.0255,0.0000,0.0000
10701,C1,broken_down,602,3.0100,-0.0017,0.0939,0,3.6875,1,1.0000,0.0000,0.7591,32.2298,2.2981,-0.0000,0.0000,0.0000
10702,C1,adaptive,654,3.2700,-0.0047,0.1142,0,4.5333,1,1.0000,0.0000,0.7202,28.2038,1.9015,0.0356,0.0000,0.0000
10703,C1,adaptive,586,2.9300,-0.0022,0.1251,0,2.9545,1,1.0000,0.0000,0.7253,30.8047,1.9929,-0.0657,0.0000,0.0000
10704,C1,adaptive,623,3.1150,-0.0020,0.1085,0,4.5000,1,1.0000,0.0000,0.7496,28.3619,1.8884,-0.1137,0.0000,0.0000
10705,C1,adaptive,576,2.8800,-0.0010,0.1395,0,4.2667,1,1.0000,0.0000,0.7240,31.3094,1.7851,0.0662,0.0000,0.0000
10706,C1,adaptive,615,3.0750,-0.0007,0.1093,0,5.7273,1,1.0000,0.0000,0.7317,31.5489,1.8554,0.0224,0.0000,0.0000
10707,C1,adaptive,598,2.9900,-0.0025,0.1201,0,5.4167,1,1.0000,0.0000,0.7592,31.1498,1.9262,-0.0137,0.0000,0.0000
10708,C1,broken_down,594,2.9700,-0.0044,0.1094,0,4.2667,1,1.0000,0.0000,0.7811,31.1789,2.0219,0.1167,0.0000,0.0000
10709,C1,broken_down,598,2.9900,-0.0004,0.1257,0,7.2222,1,1.0000,0.0000,0.7391,31.6946,1.9084,0.0145,0.0000,0.0000
10710,C1,adaptive,565,2.8250,-0.0026,0.1181,0,3.2632,1,1.0000,0.0000,0.7257,32.3098,1.7895,-0.0047,0.0000,0.0000
10711,C1,stable,597,2.9850,0.0016,0.1177,0,7.5000,1,1.0000,0.0000,0.7119,31.0518,1.7404,0.1381,0.0000,0.0000
10712,C1,broken_down,594,2.9700,-0.0003,0.1139,0,3.2632,1,1.0000,0.0000,0.7542,33.1272,1.9320,-0.0305,0.0000,0.0000
10713,C1,adaptive,573,2.8650,-0.0040,0.1243,0,3.7059,1,1.0000,0.0000,0.7557,29.9584,1.4576,0.0939,0.0000,0.0000
10714,C1,adaptive,571,2.8550,-0.0031,0.1181,0,3.5000,1,1.0000,0.0000,0.7180,31.3317,1.9434,0.0031,0.0000,0.0000
10715,C1,broken_down,607,3.0350,-0.0009,0.1144,0,5.7273,1,1.0000,0.0000,0.7282,27.4593,1.9268,-0.0262,0.0000,0.0000
10716,C1,broken_down,630,3.1500,-0.0004,0.1069,0,4.7143,1,1.0000,0.0000,0.7587,30.8243,1.9121,-0.1561,0.0000,0.0000
10717,C1,stable,599,2.9950,-0.0007,0.0997,0,5.0833,1,1.0000,0.0000,0.7646,31.5873,2.1837,0.0083,0.0000,0.0000
10718,C1,broken_down,581,2.9050,0.0003,0.1275,0,5.9091,1,1.0000,0.0000,0.7849,33.3158,1.8259,-0.1112,0.0000,0.0000
10719,C1,adaptive,583,2.9150,-0.0037,0.0742,0,3.2353,1,1.0000,0.0000,0.7976,32.8645,2.0321,0.0013,0.0000,0.0000
10720,C1,broken_down,610,3.0500,-0.0045,0.1210,0,6.4000,1,1.0000,0.0000,0.7262,32.0181,1.9383,0.0949,0.0000,0.0000
10721,C1,adaptive,610,3.0500,-0.0036,0.1090,0,6.0909,1,1.0000,0.0000,0.7393,30.0931,1.7462,-0.0288,0.0000,0.0000
10722,C1,stable,608,3.0400,-0.0021,0.1146,0,4.2667,1,1.0000,0.0000,0.7484,31.1011,2.0325,0.0465,0.0000,0.0000
10723,C1,adaptive,591,2.9550,-0.0008,0.1025,0,4.2143,1,1.0000,0.0000,0.7445,27.7705,1.7752,-0.1009,0.0000,0.0000
10724,C1,stable,615,3.0750,-0.0010,0.1183,0,3.8824,1,1.0000,0.0000,0.7366,31.3598,2.1934,0.0242,0.0000,0.0000
10725,C1,stable,594,2.9700,-0.0034,0.1279,0,3.8333,1,1.0000,0.0000,0.7323,28.1977,2.0198,-0.0178,0.0000,0.0000
10726,C1,broken_down,670,3.3500,-0.0026,0.1114,0,4.1667,1,1.0000,0.0000,0.7925,29.5198,2.0568,0.0288,0.0000,0.0000
10727,C1,adaptive,602,3.0100,-0.0016,0.1160,0,4.4000,1,1.0000,0.0000,0.7375,32.5180,1.8538,-0.0147,0.0000,0.0000
10728,C1,stable,629,3.1450,0.0010,0.1053,0,4.0625,1,1.0000,0.0000,0.7504,28.1250,1.9901,0.0687,0.0000,0.0000
10729,C1,adaptive,608,3.0400,-0.0024,0.1138,0,4.3333,1,1.0000,0.0000,0.7286,31.5327,1.9416,0.0938,0.0000,0.0000
10730,C1,adaptive,600,3.0000,-0.0016,0.0847,0,2.7619,1,1.0000,0.0000,0.7817,29.0043,1.8485,0.0271,0.0000,0.0000
10731,C1,broken_down,600,3.0000,-0.0009,0.1228,0,3.1500,1,1.0000,0.0000,0.6983,31.1909,2.1204,-0.0686,0.0000,0.0000
10732,C1,stable,636,3.1800,-0.0022,0.1103,0,4.5714,1,1.0000,0.0000,0.7626,27.7134,1.9343,-0.1196,0.0000,0.0000
10733,C1,adaptive,607,3.0350,-0.0021,0.1078,0,4.4286,1,1.0000,0.0000,0.7562,29.8083,2.3635,0.0136,0.0000,0.0000
10734,C1,stable,612,3.0600,-0.0030,0.0967,0,3.1579,1,1.0000,0.0000,0.7614,31.4013,2.5413,-0.1069,0.0000,0.0000
10735,C1,stable,611,3.0550,-0.0039,0.1106,0,3.8824,1,1.0000,0.0000,0.7643,30.9465,1.8165,0.0586,0.0000,0.0000
10736,C1,broken_down,602,3.0100,-0.0007,0.1149,0,4.0667,1,1.0000,0.0000,0.7126,30.5548,1.9393,0.0943,0.0000,0.0000
10737,C1,adaptive,606,3.0300,-0.0046,0.1295,0,5.3333,1,1.0000,0.0000,0.7360,31.5987,2.0635,0.0118,0.0000,0.0000
10738,C1,broken_down,584,2.9200,-0.0027,0.1167,0,4.7692,1,1.0000,0.0000,0.7466,30.2798,1.9288,-0.0531,0.0000,0.0000
10739,C1,adaptive,610,3.0500,0.0005,0.1041,0,3.7059,1,1.0000,0.0000,0.7344,32.3862,1.9669,0.0706,0.0000,0.0000
10740,C1,stable,637,3.1850,-0.0015,0.1155,0,6.2727,1,1.0000,0.0000,0.7473,26.6450,2.5206,-0.0042,0.0000,0.0000
10741,C1,adaptive,574,2.8700,-0.0000,0.1243,0,4.3333,1,1.0000,0.0000,0.7683,27.7506,1.9081,0.1590,0.0000,0.0000
10742,C1,adaptive,591,2.9550,-0.0060,0.1468,0,4.5333,1,1.0000,0.0000,0.7631,28.2195,1.9058,0.0740,0.0000,0.0000
10743,C1,adaptive,627,3.1350,-0.0029,0.1352,0,5.8333,1,1.0000,0.0000,0.7767,30.4867,1.7680,0.0146,0.0000,0.0000
10744,C1,stable,581,2.9050,-0.0005,0.1017,0,4.0000,1,1.0000,0.0000,0.7487,32.8276,1.8724,0.1076,0.0000,0.0000
10745,C1,broken_down,584,2.9200,-0.0057,0.1153,0,3.4444,1,1.0000,0.0000,0.7140,30.2398,2.2584,-0.0101,0.0000,0.0000
10746,C1,broken_down,604,3.0200,-0.0012,0.1388,0,5.3333,1,1.0000,0.0000,0.7467,29.3858,2.0696,-0.0419,0.0000,0.0000
10747,C1,adaptive,579,2.8950,-0.0040,0.1066,0,4.2143,1,1.0000,0.0000,0.7271,32.5677,1.9152,-0.0325,0.0000,0.0000
10748,C1,adaptive,605,3.0250,0.0029,0.1236,0,5.7500,1,1.0000,0.0000,0.7719,32.3790,2.0083,0.0237,0.0000,0.0000
10749,C1,adaptive,632,3.1600,-0.0045,0.1100,0,3.7647,1,1.0000,0.0000,0.7373,28.9506,1.4915,0.0311,0.0000,0.0000
10750,C1,adaptive,594,2.9700,0.0003,0.1024,0,3.2778,1,1.0000,0.0000,0.7559,30.2539,2.2251,-0.0379,0.0000,0.0000
10751,C1,adaptive,583,2.9150,-0.0025,0.1231,0,5.5000,1,1.0000,0.0000,0.7444,30.6797,1.6943,0.0120,0.0000,0.0000
10752,C1,broken_down,605,3.0250,-0.0039,0.1065,0,4.0667,1,1.0000,0.0000,0.7405,31.6272,1.9610,0.0181,0.0000,0.0000
10753,C1,broken_down,635,3.1750,-0.0003,0.1101,0,4.0625,1,1.0000,0.0000,0.7906,33.0319,1.9099,0.0338,0.0000,0.0000
10754,C1,broken_down,571,2.8550,0.0003,0.1052,0,4.7500,1,1.0000,0.0000,0.7285,32.3822,1.8171,-0.0726,0.0000,0.0000
10755,C1,broken_down,599,2.9950,0.0006,0.1073,0,4.3571,1,1.0000,0.0000,0.7362,34.2472,2.1104,-0.1156,0.0000,0.0000
10756,C1,stable,576,2.8800,0.0014,0.1363,0,4.2000,1,1.0000,0.0000,0.7049,35.0345,1.9389,-0.1491,0.0000,0.0000
10757,C1,adaptive,613,3.0650,-0.0007,0.1228,0,4.9286,1,1.0000,0.0000,0.7390,32.3709,2.0447,-0.0419,0.0000,0.0000
10758,C1,adaptive,615,3.0750,-0.0009,0.1148,0,4.9231,1,1.0000,0.0000,0.7480,29.2217,1.9401,0.0137,0.0000,0.0000
10759,C1,broken_down,639,3.1950,-0.0015,0.1261,0,4.2222,1,1.0000,0.0000,0.7559,28.4555,1.9882,0.0473,0.0000,0.0000
10760,C1,broken_down,609,3.0450,-0.0037,0.1348,0,5.8333,1,1.0000,0.0000,0.7422,31.8673,2.1136,0.1135,0.0000,0.0000
10761,C1,stable,625,3.1250,-0.0011,0.1009,0,3.2500,1,1.0000,0.0000,0.7760,32.2845,1.8127,0.0107,0.0000,0.0000
10762,C1,adaptive,600,3.0000,0.0021,0.1075,0,4.8462,1,1.0000,0.0000,0.7150,34.4242,1.8827,0.0677,0.0000,0.0000
10763,C1,broken_down,617,3.0850,-0.0030,0.1125,0,5.0000,1,1.0000,0.0000,0.7115,29.3918,2.4325,-0.0299,0.0000,0.0000
10764,C1,broken_down,572,2.8600,-0.0010,0.1168,0,5.2500,1,1.0000,0.0000,0.7465,30.1920,1.7065,0.0199,0.0000,0.0000
10765,C1,adaptive,631,3.1550,-0.0028,0.1285,0,4.2500,1,1.0000,0.0000,0.7227,31.3991,2.4487,0.0205,0.0000,0.0000
10766,C1,broken_down,600,3.0000,-0.0004,0.1142,0,4.0000,1,1.0000,0.0000,0.7550,29.9492,2.4614,0.0444,0.0000,0.0000
10767,C1,broken_down,625,3.1250,-0.0004,0.1001,0,4.4000,1,0.9848,0.0182,0.7776,31.4691,1.8699,-0.1077,0.0000,0.0000
10768,C1,adaptive,624,3.1200,-0.0025,0.1052,0,3.9375,1,1.0000,0.0000,0.7404,28.9740,2.4218,0.0382,0.0000,0.0000
10769,C1,adaptive,619,3.0950,-0.0043,0.1218,0,3.3684,1,1.0000,0.0000,0.7447,31.0911,1.8248,0.0445,0.0000,0.0000
10770,C1,adaptive,614,3.0700,-0.0010,0.1232,0,4.2667,1,1.0000,0.0000,0.7720,30.8017,1.6661,-0.0497,0.0000,0.0000
10771,C1,stable,649,3.2450,-0.0015,0.1134,0,3.4500,1,1.0000,0.0000,0.7442,29.9110,1.8552,0.0472,0.0000,0.0000
10772,C1,broken_down,586,2.9300,-0.0010,0.1152,0,3.5000,1,1.0000,0.0000,0.7628,33.1275,1.9776,-0.0066,0.0000,0.0000
10773,C1,adaptive,617,3.0850,-0.0021,0.1036,0,4.0556,1,1.0000,0.0000,0.7715,31.6050,1.7880,-0.0283,0.0000,0.0000
10774,C1,broken_down,596,2.9800,-0.0017,0.1261,0,4.7857,1,1.0000,0.0000,0.7634,33.3297,1.9907,0.0237,0.0000,0.0000
10775,C1,stable,599,2.9950,-0.0014,0.0789,0,3.0000,1,1.0000,0.0000,0.7446,32.0561,2.2052,-0.0402,0.0000,0.0000
10776,C1,broken_down,623,3.1150,-0.0041,0.1079,0,3.8824,1,1.0000,0.0000,0.7432,29.1922,1.6283,0.0010,0.0000,0.0000
10777,C1,adaptive,604,3.0200,-0.0028,0.0988,0,3.8750,1,1.0000,0.0000,0.7384,29.6031,1.7946,0.0452,0.0000,0.0000
10778,C1,broken_down,593,2.9650,0.0003,0.1095,0,5.2500,1,1.0000,0.0000,0.7251,32.0302,2.2465,-0.1261,0.0000,0.0000
10779,C1,adaptive,614,3.0700,0.0003,0.1145,0,3.4444,1,0.9848,0.0182,0.7215,29.0655,2.1523,-0.0765,0.0000,0.0000
10780,C1,broken_down,638,3.1900,-0.0009,0.1040,0,3.9412,1,1.0000,0.0000,0.7273,29.3578,2.0283,-0.0062,0.0000,0.0000
10781,C1,adaptive,615,3.0750,-0.0018,0.1253,0,4.5714,1,1.0000,0.0000,0.7415,33.5373,1.9907,-0.0309,0.0000,0.0000
10782,C1,adaptive,627,3.1350,-0.0028,0.1269,0,3.7778,1,1.0000,0.0000,0.7687,28.1494,1.9468,-0.0844,0.0000,0.0000
10783,C1,adaptive,564,2.8200,-0.0011,0.1105,0,3.8000,1,1.0000,0.0000,0.7039,33.7229,1.5807,0.0345,0.0000,0.0000
10784,C1,adaptive,600,3.0000,-0.0008,0.1097,0,3.5882,1,1.0000,0.0000,0.7467,26.6451,2.0843,-0.0866,0.0000,0.0000
10785,C1,adaptive,612,3.0600,-0.0012,0.1070,0,4.4000,1,1.0000,0.0000,0.7794,30.6667,2.1920,-0.0226,0.0000,0.0000
10786,C1,adaptive,610,3.0500,-0.0018,0.1109,0,4.0667,1,1.0000,0.0000,0.7525,31.8083,2.0680,-0.0016,0.0000,0.0000
10787,C1,stable,617,3.0850,-0.0020,0.0893,0,4.2143,1,1.0000,0.0000,0.7391,29.2412,1.9434,-0.0530,0.0000,0.0000
10788,C1,broken_down,622,3.1100,-0.0006,0.1155,0,6.6000,1,1.0000,0.0000,0.7637,29.4126,1.5988,0.0268,0.0000,0.0000
10789,C1,stable,619,3.0950,-0.0040,0.1119,0,3.0476,1,1.0000,0.0000,0.7512,30.2882,1.7799,-0.0392,0.0000,0.0000
10790,C1,adaptive,612,3.0600,-0.0066,0.1078,0,4.5000,1,1.0000,0.0000,0.7794,34.4298,2.0936,0.0867,0.0000,0.0000
10791,C1,adaptive,607,3.0350,-0.0017,0.0861,0,3.0500,1,1.0000,0.0000,0.7759,30.4565,1.8268,-0.0474,0.0000,0.0000
10792,C1,adaptive,636,3.1800,0.0027,0.0849,0,3.4211,1,1.0000,0.0000,0.7516,28.9728,2.0221,0.0118,0.0000,0.0000
10793,C1,adaptive,632,3.1600,-0.0038,0.1065,0,4.0000,1,1.0000,0.0000,0.7611,33.2037,1.8854,0.1906,0.0000,0.0000
10794,C1,broken_down,658,3.2900,-0.0035,0.1163,0,4.2500,1,1.0000,0.0000,0.7888,26.8382,2.0620,0.0185,0.0000,0.0000
10795,C1,broken_down,604,3.0200,-0.0017,0.1038,0,5.0000,1,1.0000,0.0000,0.7318,29.7330,1.9053,-0.0893,0.0000,0.0000
10796,C1,broken_down,607,3.0350,-0.0006,0.1015,0,3.9412,1,1.0000,0.0000,0.7578,29.8848,1.8645,0.1318,0.0000,0.0000
10797,C1,stable,581,2.9050,-0.0005,0.1106,0,4.6154,1,1.0000,0.0000,0.7108,32.8257,1.7278,0.0280,0.0000,0.0000
10798,C1,broken_down,632,3.1600,-0.0018,0.1023,0,4.7692,1,1.0000,0.0000,0.7816,29.8239,2.2372,-0.0541,0.0000,0.0000
10799,C1,adaptive,594,2.9700,0.0008,0.0934,0,3.3889,1,1.0000,0.0000,0.7138,32.8821,2.1024,-0.0205,0.0000,0.0000
10800,C1,stable,598,2.9900,-0.0032,0.1065,0,4.6154,1,1.0000,0.0000,0.7475,30.5101,2.2282,-0.0944,0.0000,0.0000
10801,C1,stable,590,2.9500,-0.0013,0.1206,0,3.9375,1,1.0000,0.0000,0.7034,31.1880,2.3523,-0.0122,0.0000,0.0000
10802,C1,adaptive,616,3.0800,-0.0005,0.1142,0,3.7059,1,1.0000,0.0000,0.7711,30.5368,2.1006,0.0676,0.0000,0.0000
10803,C1,broken_down,616,3.0800,-0.0014,0.1345,0,6.0000,1,1.0000,0.0000,0.7581,29.3597,1.9947,0.0153,0.0000,0.0000
10804,C1,broken_down,620,3.1000,-0.0027,0.1304,0,4.5714,1,1.0000,0.0000,0.7452,35.3550,2.2155,-0.0824,0.0000,0.0000
10805,C1,adaptive,612,3.0600,-0.0050,0.0937,0,4.0000,1,1.0000,0.0000,0.7696,29.5796,1.8675,-0.0438,0.0000,0.0000
10806,C1,broken_down,645,3.2250,-0.0027,0.1138,0,6.5455,1,1.0000,0.0000,0.7783,30.7371,1.8248,-0.0210,0.0000,0.0000
10807,C1,broken_down,583,2.9150,-0.0028,0.1039,0,3.6875,1,1.0000,0.0000,0.7461,28.3356,1.8856,-0.0103,0.0000,0.0000
10808,C1,adaptive,586,2.9300,0.0005,0.1166,0,7.5000,1,1.0000,0.0000,0.7321,30.2121,2.0779,-0.0313,0.0000,0.0000
10809,C1,adaptive,608,3.0400,-0.0024,0.1058,0,4.5000,1,1.0000,0.0000,0.7451,30.0221,1.9714,-0.0236,0.0000,0.0000
10810,C1,adaptive,601,3.0050,-0.0041,0.0961,0,3.5294,1,1.0000,0.0000,0.7354,30.3529,2.1848,-0.0429,0.0000,0.0000
10811,C1,adaptive,579,2.8950,-0.0023,0.0974,0,4.3846,1,1.0000,0.0000,0.7513,29.3632,1.7351,0.0421,0.0000,0.0000
10812,C1,adaptive,636,3.1800,-0.0063,0.1098,0,4.2000,1,1.0000,0.0000,0.7469,29.7011,2.0596,-0.0618,0.0000,0.0000
10813,C1,stable,584,2.9200,-0.0023,0.1564,0,7.8000,1,1.0000,0.0000,0.6952,34.4852,2.1728,0.0547,0.0000,0.0000
10814,C1,broken_down,601,3.0050,-0.0006,0.1075,0,4.0667,1,1.0000,0.0000,0.7471,31.4811,1.8696,-0.0491,0.0000,0.0000
10815,C1,stable,589,2.9450,-0.0046,0.1014,0,3.3889,1,1.0000,0.0000,0.7912,31.6438,2.0158,0.1158,0.0000,0.0000
10816,C1,stable,652,3.2600,-0.0034,0.1020,0,3.3500,1,1.0000,0.0000,0.7669,29.3680,2.0066,0.0252,0.0000,0.0000
10817,C1,adaptive,646,3.2300,-0.0002,0.1081,0,5.9091,1,1.0000,0.0000,0.7477,29.6108,1.8233,-0.0183,0.0000,0.0000
10818,C1,broken_down,582,2.9100,0.0020,0.1203,0,5.4545,1,1.0000,0.0000,0.7629,29.5428,1.7928,-0.0511,0.0000,0.0000
10819,C1,adaptive,606,3.0300,-0.0011,0.1084,0,4.6154,1,1.0000,0.0000,0.7360,30.8767,1.8514,0.0453,0.0000,0.0000
10820,C1,adaptive,591,2.9550,-0.0028,0.1375,0,4.1875,1,1.0000,0.0000,0.7377,34.5986,1.9916,0.0947,0.0000,0.0000
10821,C1,adaptive,616,3.0800,0.0006,0.1096,0,3.3158,1,1.0000,0.0000,0.7403,33.0680,2.2393,0.0522,0.0000,0.0000
10822,C1,broken_down,607,3.0350,-0.0027,0.1210,0,5.7273,1,1.0000,0.0000,0.7595,30.6920,1.9232,-0.1182,0.0000,0.0000
10823,C1,adaptive,642,3.2100,-0.0020,0.1244,0,4.5333,1,1.0000,0.0000,0.7523,27.8778,2.3042,-0.0386,0.0000,0.0000
10824,C1,broken_down,617,3.0850,-0.0001,0.1284,0,9.8571,1,1.0000,0.0000,0.7455,27.5500,1.7827,-0.0539,0.0000,0.0000
10825,C1,adaptive,600,3.0000,-0.0030,0.0972,0,4.3571,1,1.0000,0.0000,0.7450,31.8792,2.2473,0.0121,0.0000,0.0000
10826,C1,adaptive,625,3.1250,-0.0009,0.1231,0,4.6429,1,1.0000,0.0000,0.7392,31.8009,2.1631,0.0227,0.0000,0.0000
10827,C1,stable,638,3.1900,-0.0007,0.1139,0,5.0000,1,1.0000,0.0000,0.7524,32.8375,1.8927,-0.0397,0.0000,0.0000
10828,C1,broken_down,603,3.0150,-0.0024,0.1204,0,3.6667,1,1.0000,0.0000,0.6982,30.0974,2.2355,0.0136,0.0000,0.0000
10829,C1,stable,607,3.0350,-0.0008,0.1039,0,4.8462,1,1.0000,0.0000,0.7315,31.5473,1.6752,0.0407,0.0000,0.0000
10830,C1,stable,594,2.9700,-0.0031,0.1027,0,3.2105,1,1.0000,0.0000,0.7239,31.3674,1.8464,0.0433,0.0000,0.0000
10831,C1,broken_down,628,3.1400,-0.0034,0.1282,0,4.5333,1,1.0000,0.0000,0.7420,29.5021,1.8693,-0.0531,0.0000,0.0000
10832,C1,adaptive,618,3.0900,-0.0005,0.1311,0,3.9412,1,1.0000,0.0000,0.7589,31.0874,2.0347,-0.0308,0.0000,0.0000
10833,C1,broken_down,586,2.9300,0.0004,0.1112,0,4.2143,1,1.0000,0.0000,0.7167,29.0024,1.6941,-0.0897,0.0000,0.0000
10834,C1,adaptive,613,3.0650,-0.0034,0.1083,0,4.0000,1,1.0000,0.0000,0.7308,31.5826,2.0525,-0.0664,0.0000,0.0000
10835,C1,adaptive,627,3.1350,-0.0009,0.1325,0,6.0000,1,1.0000,0.0000,0.7783,27.9078,2.0498,0.0295,0.0000,0.0000
10836,C1,adaptive,618,3.0900,-0.0007,0.1346,0,5.4615,1,1.0000,0.0000,0.7524,31.3011,2.1112,-0.1644,0.0000,0.0000
10837,C1,stable,596,2.9800,-0.0029,0.1096,0,5.0000,1,1.0000,0.0000,0.7248,31.0000,2.1420,-0.0659,0.0000,0.0000
10838,C1,stable,646,3.2300,0.0014,0.1153,0,5.5000,1,1.0000,0.0000,0.7353,32.4400,1.9812,-0.0596,0.0000,0.0000
10839,C1,broken_down,573,2.8650,-0.0000,0.1299,0,6.4000,1,1.0000,0.0000,0.7417,30.2024,2.1948,0.0140,0.0000,0.0000
10840,C1,stable,614,3.0700,-0.0019,0.1059,0,4.4286,1,1.0000,0.0000,0.7166,28.1000,2.0037,0.0232,0.0000,0.0000
10841,C1,adaptive,620,3.1000,-0.0031,0.1140,0,4.0667,1,1.0000,0.0000,0.7468,31.9287,1.8978,-0.0578,0.0000,0.0000
10842,C1,stable,644,3.2200,-0.0036,0.1240,0,5.3846,1,0.9848,0.0182,0.7562,29.8583,2.0470,0.0473,0.0000,0.0000
10843,C1,adaptive,596,2.9800,-0.0032,0.1065,0,3.3158,1,1.0000,0.0000,0.7164,32.5738,2.6238,-0.0018,0.0000,0.0000
10844,C1,adaptive,603,3.0150,-0.0008,0.0958,0,4.2857,1,0.9848,0.0182,0.7579,30.6236,1.9018,0.0871,0.0000,0.0000
10845,C1,adaptive,611,3.0550,-0.0010,0.1008,0,3.4444,1,1.0000,0.0000,0.7529,37.3826,1.9444,-0.0300,0.0000,0.0000
10846,C1,adaptive,623,3.1150,-0.0044,0.0975,0,3.8125,1,1.0000,0.0000,0.7512,28.5107,2.3319,-0.0415,0.0000,0.0000
10847,C1,adaptive,624,3.1200,-0.0054,0.1231,0,4.4000,1,1.0000,0.0000,0.7612,29.7179,1.8521,0.0136,0.0000,0.0000
10848,C1,stable,613,3.0650,0.0019,0.1165,0,5.5000,1,1.0000,0.0000,0.7732,27.4198,2.1578,0.0266,0.0000,0.0000
10849,C1,adaptive,619,3.0950,-0.0021,0.1105,0,4.0000,1,1.0000,0.0000,0.7399,30.7031,2.3881,0.0739,0.0000,0.0000
10850,C1,adaptive,608,3.0400,0.0004,0.1245,0,5.1538,1,1.0000,0.0000,0.7516,31.4880,2.1813,0.0645,0.0000,0.0000
10851,C1,adaptive,614,3.0700,-0.0012,0.0814,0,2.9048,1,1.0000,0.0000,0.7524,30.8074,2.0907,0.0108,0.0000,0.0000
10852,C1,stable,635,3.1750,0.0028,0.1180,0,5.2308,1,1.0000,0.0000,0.7512,29.4088,1.8809,0.0629,0.0000,0.0000
10853,C1,broken_down,575,2.8750,0.0015,0.1216,0,5.0000,1,1.0000,0.0000,0.7513,30.0046,1.9363,-0.0013,0.0000,0.0000
10854,C1,adaptive,570,2.8500,-0.0012,0.1181,0,5.4545,1,1.0000,0.0000,0.7561,33.8121,1.7836,-0.1100,0.0000,0.0000
10855,C1,stable,618,3.0900,-0.0070,0.1181,0,3.8235,1,1.0000,0.0000,0.7282,30.8644,2.0663,0.1983,0.0000,0.0000
10856,C1,stable,615,3.0750,-0.0010,0.1346,0,5.0769,1,1.0000,0.0000,0.7512,31.5022,1.9897,0.0339,0.0000,0.0000
10857,C1,adaptive,630,3.1500,-0.0006,0.0929,0,3.8750,1,1.0000,0.0000,0.7349,31.3866,2.1065,-0.1534,0.0000,0.0000
10858,C1,adaptive,621,3.1050,-0.0006,0.0976,0,3.6471,1,1.0000,0.0000,0.7601,28.7839,2.2870,0.0213,0.0000,0.0000
10859,C1,adaptive,615,3.0750,-0.0019,0.1066,0,4.1333,1,1.0000,0.0000,0.7089,30.3624,2.0343,-0.1032,0.0000,0.0000
10860,C1,adaptive,584,2.9200,0.0028,0.1047,0,3.8125,1,1.0000,0.0000,0.7705,33.3889,1.8233,0.0120,0.0000,0.0000
10861,C1,adaptive,584,2.9200,-0.0016,0.1087,0,5.0833,1,1.0000,0.0000,0.7432,29.7558,2.0973,-0.1200,0.0000,0.0000
10862,C1,adaptive,606,3.0300,0.0000,0.1163,0,5.3333,1,1.0000,0.0000,0.7475,29.3642,1.8760,-0.0003,0.0000,0.0000
10863,C1,broken_down,613,3.0650,0.0027,0.1013,0,7.7500,1,1.0000,0.0000,0.7651,29.0533,1.9907,0.0140,0.0000,0.0000
10864,C1,adaptive,615,3.0750,0.0001,0.1031,0,3.2000,1,1.0000,0.0000,0.7154,32.9273,2.0872,-0.0115,0.0000,0.0000
10865,C1,adaptive,605,3.0250,-0.0037,0.1222,0,4.4000,1,1.0000,0.0000,0.7388,30.6622,1.8166,0.0762,0.0000,0.0000
10866,C1,broken_down,607,3.0350,-0.0026,0.1006,0,4.2500,1,1.0000,0.0000,0.7282,32.3756,1.7451,0.0468,0.0000,0.0000
10867,C1,adaptive,579,2.8950,0.0001,0.1069,0,2.9524,1,1.0000,0.0000,0.7340,33.3529,1.9408,-0.0495,0.0000,0.0000
10868,C1,broken_down,585,2.9250,-0.0001,0.0990,0,4.2857,1,1.0000,0.0000,0.7077,30.6039,1.7037,0.0339,0.0000,0.0000
10869,C1,adaptive,582,2.9100,0.0011,0.1271,0,6.3000,1,1.0000,0.0000,0.7285,30.1840,1.7449,0.1657,0.0000,0.0000
10870,C1,broken_down,612,3.0600,-0.0038,0.0888,0,3.2632,1,1.0000,0.0000,0.7337,30.1871,1.7459,0.0184,0.0000,0.0000
10871,C1,stable,605,3.0250,-0.0014,0.1191,0,7.0000,1,1.0000,0.0000,0.7306,29.2443,1.8699,0.0651,0.0000,0.0000
10872,C1,adaptive,573,2.8650,-0.0004,0.1197,0,4.6154,1,1.0000,0.0000,0.7365,29.7512,1.8146,0.0193,0.0000,0.0000
10873,C1,adaptive,564,2.8200,-0.0021,0.1280,0,3.6875,1,1.0000,0.0000,0.7376,32.9471,1.6260,-0.0373,0.0000,0.0000
10874,C1,broken_down,595,2.9750,-0.0015,0.1279,0,6.5000,1,1.0000,0.0000,0.7429,30.3462,1.7813,-0.0482,0.0000,0.0000
10875,C1,stable,653,3.2650,-0.0043,0.1221,0,3.3333,1,1.0000,0.0000,0.7596,30.0141,1.8990,0.0456,0.0000,0.0000
10876,C1,adaptive,598,2.9900,-0.0043,0.0906,0,2.8571,1,1.0000,0.0000,0.7659,34.3624,1.7623,-0.0567,0.0000,0.0000
10877,C1,adaptive,612,3.0600,-0.0024,0.1089,0,3.5556,1,1.0000,0.0000,0.7369,27.9113,2.1094,0.0201,0.0000,0.0000
10878,C1,adaptive,569,2.8450,-0.0028,0.1226,0,4.7692,1,1.0000,0.0000,0.7206,32.1732,1.6414,0.0589,0.0000,0.0000
10879,C1,broken_down,613,3.0650,-0.0008,0.1111,0,4.2500,1,1.0000,0.0000,0.7553,30.9395,1.9473,-0.0589,0.0000,0.0000
10880,C1,adaptive,623,3.1150,-0.0030,0.0932,0,3.7059,1,1.0000,0.0000,0.7640,33.4580,2.1125,0.0860,0.0000,0.0000
10881,C1,stable,639,3.1950,-0.0021,0.1011,0,3.4737,1,1.0000,0.0000,0.7387,30.9322,1.8523,0.0431,0.0000,0.0000
10882,C1,stable,603,3.0150,-0.0045,0.1248,0,5.1667,1,1.0000,0.0000,0.7430,29.0625,1.6488,0.0572,0.0000,0.0000
10883,C1,stable,640,3.2000,-0.0002,0.1120,0,4.0000,1,1.0000,0.0000,0.7359,32.5329,1.7257,0.0200,0.0000,0.0000
10884,C1,broken_down,605,3.0250,-0.0022,0.1001,0,4.2857,1,1.0000,0.0000,0.7636,31.7576,1.8316,0.0376,0.0000,0.0000
10885,C1,broken_down,583,2.9150,-0.0027,0.1139,0,4.5000,1,1.0000,0.0000,0.7393,30.0232,1.5952,0.0993,0.0000,0.0000
10886,C1,adaptive,593,2.9650,-0.0003,0.1179,0,7.0000,1,1.0000,0.0000,0.7740,31.7473,1.9538,0.0041,0.0000,0.0000
10887,C1,broken_down,622,3.1100,-0.0021,0.1048,0,4.0000,1,1.0000,0.0000,0.7428,28.0823,2.0703,0.0833,0.0000,0.0000
10888,C1,broken_down,606,3.0300,-0.0021,0.1158,0,4.9231,1,1.0000,0.0000,0.7706,31.3041,2.3485,-0.0542,0.0000,0.0000
10889,C1,adaptive,612,3.0600,-0.0022,0.1008,0,3.2105,1,1.0000,0.0000,0.7157,32.5799,2.0336,-0.0135,0.0000,0.0000
10890,C1,adaptive,623,3.1150,-0.0033,0.1079,0,3.4737,1,1.0000,0.0000,0.7769,27.4132,1.9139,0.1613,0.0000,0.0000
10891,C1,adaptive,611,3.0550,-0.0020,0.1191,0,3.3158,1,1.0000,0.0000,0.7692,27.8936,1.9969,-0.0620,0.0000,0.0000
10892,C1,stable,622,3.1100,0.0004,0.1029,0,4.5714,1,1.0000,0.0000,0.7942,27.8947,1.9509,-0.0005,0.0000,0.0000
10893,C1,broken_down,599,2.9950,0.0007,0.0981,0,3.9333,1,1.0000,0.0000,0.7412,27.9009,1.7946,-0.0503,0.0000,0.0000
10894,C1,stable,577,2.8850,-0.0011,0.1347,0,4.7857,1,1.0000,0.0000,0.7383,33.6784,1.9046,0.0907,0.0000,0.0000
10895,C1,stable,622,3.1100,-0.0009,0.1235,0,4.0000,1,1.0000,0.0000,0.7572,32.2293,1.9589,-0.0655,0.0000,0.0000
10896,C1,adaptive,643,3.2150,-0.0026,0.1124,0,4.7333,1,1.0000,0.0000,0.7698,28.7152,1.9888,-0.1173,0.0000,0.0000
10897,C1,broken_down,590,2.9500,-0.0014,0.0977,0,4.0667,1,1.0000,0.0000,0.7373,30.5862,1.9088,0.0233,0.0000,0.0000
10898,C1,adaptive,607,3.0350,-0.0027,0.1196,0,4.1250,1,1.0000,0.0000,0.7348,28.3789,2.2160,-0.1044,0.0000,0.0000
10899,C1,adaptive,618,3.0900,-0.0044,0.1098,0,3.7222,1,1.0000,0.0000,0.7686,28.8884,1.6698,0.2252,0.0000,0.0000
10900,C1,broken_down,603,3.0150,-0.0015,0.1057,0,4.8462,1,1.0000,0.0000,0.7662,29.9675,1.9847,-0.1014,0.0000,0.0000
10901,C1,adaptive,595,2.9750,-0.0017,0.1130,0,4.0625,1,1.0000,0.0000,0.7345,31.9657,2.0166,0.0575,0.0000,0.0000
10902,C1,adaptive,602,3.0100,0.0018,0.1246,0,4.0588,1,1.0000,0.0000,0.7658,29.5315,2.1072,-0.0419,0.0000,0.0000
10903,C1,adaptive,603,3.0150,-0.0021,0.1137,0,4.3571,1,1.0000,0.0000,0.7380,30.9191,1.8612,-0.0024,0.0000,0.0000
10904,C1,adaptive,561,2.8050,-0.0021,0.1199,0,4.2857,1,1.0000,0.0000,0.6952,30.8949,1.6659,-0.0393,0.0000,0.0000
10905,C1,stable,611,3.0550,-0.0004,0.1112,0,3.7059,1,1.0000,0.0000,0.7398,29.5509,1.9649,-0.0548,0.0000,0.0000
10906,C1,stable,605,3.0250,0.0016,0.1167,0,4.2500,1,1.0000,0.0000,0.7074,27.7336,1.7986,0.0238,0.0000,0.0000
10907,C1,broken_down,640,3.2000,-0.0026,0.1174,0,5.3333,1,1.0000,0.0000,0.7688,29.2154,2.1865,-0.0565,0.0000,0.0000
10908,C1,stable,629,3.1450,-0.0013,0.1318,0,5.6154,1,1.0000,0.0000,0.7393,31.1656,1.9429,-0.0686,0.0000,0.0000
10909,C1,adaptive,554,2.7700,0.0006,0.1366,0,9.0000,1,1.0000,0.0000,0.6787,32.9761,1.7798,0.1122,0.0000,0.0000
10910,C1,broken_down,638,3.1900,-0.0023,0.1217,0,8.8750,1,1.0000,0.0000,0.7163,27.7024,1.9825,-0.0660,0.0000,0.0000
10911,C1,adaptive,627,3.1350,-0.0037,0.1041,0,4.9231,1,1.0000,0.0000,0.7209,28.5774,2.2774,0.0632,0.0000,0.0000
10912,C1,stable,581,2.9050,-0.0055,0.0908,0,3.4706,1,1.0000,0.0000,0.7349,32.0304,2.0023,-0.0136,0.0000,0.0000
10913,C1,broken_down,601,3.0050,-0.0013,0.1136,0,5.5000,1,1.0000,0.0000,0.7488,32.4844,1.5955,0.0670,0.0000,0.0000
10914,C1,adaptive,612,3.0600,-0.0021,0.1261,0,3.9412,1,1.0000,0.0000,0.7516,29.4652,1.8158,-0.0171,0.0000,0.0000
10915,C1,broken_down,587,2.9350,0.0007,0.1086,0,4.2143,1,1.0000,0.0000,0.6763,32.0705,2.1070,-0.0416,0.0000,0.0000
10916,C1,adaptive,633,3.1650,-0.0019,0.1123,0,3.4737,1,1.0000,0.0000,0.7536,28.4465,1.9794,-0.1387,0.0000,0.0000
10917,C1,stable,596,2.9800,-0.0056,0.1158,0,4.5714,1,1.0000,0.0000,0.7668,28.2735,2.3783,-0.0820,0.0000,0.0000
10918,C1,broken_down,599,2.9950,-0.0020,0.1020,0,3.5000,1,1.0000,0.0000,0.7045,29.4479,2.2045,0.0802,0.0000,0.0000
10919,C1,stable,608,3.0400,-0.0030,0.1047,0,4.8462,1,1.0000,0.0000,0.7549,30.7429,1.9387,-0.0140,0.0000,0.0000
10920,C1,broken_down,623,3.1150,-0.0025,0.1050,0,5.5000,1,1.0000,0.0000,0.7496,31.0150,1.7577,0.0720,0.0000,0.0000
10921,C1,stable,590,2.9500,-0.0021,0.0944,0,3.4706,1,1.0000,0.0000,0.7356,31.7581,1.8101,0.0139,0.0000,0.0000
10922,C1,adaptive,604,3.0200,-0.0000,0.1032,0,3.7059,1,1.0000,0.0000,0.7252,31.8630,2.3555,-0.0279,0.0000,0.0000
10923,C1,stable,598,2.9900,-0.0002,0.0844,0,2.6087,1,1.0000,0.0000,0.7391,32.0724,1.7881,-0.0656,0.0000,0.0000
10924,C1,adaptive,586,2.9300,-0.0024,0.1010,0,3.3889,1,0.9848,0.0182,0.7355,28.3016,1.7313,-0.0497,0.0000,0.0000
10925,C1,adaptive,588,2.9400,-0.0006,0.1088,0,3.5294,1,1.0000,0.0000,0.7415,32.9954,1.8994,0.1259,0.0000,0.0000
10926,C1,adaptive,601,3.0050,-0.0022,0.1008,0,4.0000,1,1.0000,0.0000,0.7537,25.8146,1.9592,-0.0435,0.0000,0.0000
10927,C1,adaptive,608,3.0400,-0.0033,0.1192,0,3.2500,1,1.0000,0.0000,0.7286,27.9120,2.1243,-0.0333,0.0000,0.0000
10928,C1,stable,631,3.1550,-0.0020,0.1148,0,4.3333,1,1.0000,0.0000,0.7227,26.0197,2.4416,-0.0235,0.0000,0.0000
10929,C1,adaptive,591,2.9550,0.0006,0.1442,0,5.4167,1,1.0000,0.0000,0.7276,28.9860,1.6287,0.0416,0.0000,0.0000
10930,C1,stable,635,3.1750,-0.0018,0.1054,0,4.5714,1,1.0000,0.0000,0.7402,28.9170,1.7257,-0.0324,0.0000,0.0000
10931,C1,adaptive,593,2.9650,-0.0014,0.0957,0,3.1579,1,1.0000,0.0000,0.7470,31.2032,2.1304,-0.0114,0.0000,0.0000
10932,C1,stable,610,3.0500,-0.0004,0.0997,0,2.8182,1,1.0000,0.0000,0.7459,30.3670,2.0162,0.0578,0.0000,0.0000
10933,C1,adaptive,582,2.9100,-0.0004,0.1286,0,5.0769,1,1.0000,0.0000,0.7491,31.8417,1.9814,-0.1162,0.0000,0.0000
10934,C1,adaptive,632,3.1600,-0.0053,0.0957,0,3.2500,1,1.0000,0.0000,0.7690,31.2366,2.0083,0.0239,0.0000,0.0000
10935,C1,stable,618,3.0900,-0.0011,0.1114,0,4.1875,1,1.0000,0.0000,0.7476,29.1970,2.3582,0.0310,0.0000,0.0000
10936,C1,adaptive,612,3.0600,-0.0068,0.1062,0,3.3000,1,1.0000,0.0000,0.7435,26.6022,1.6655,0.1209,0.0000,0.0000
10937,C1,adaptive,606,3.0300,-0.0037,0.1009,0,3.7500,1,1.0000,0.0000,0.7624,34.7013,1.8817,-0.0143,0.0000,0.0000
10938,C1,adaptive,595,2.9750,0.0012,0.1153,0,4.3571,1,1.0000,0.0000,0.7176,31.7190,1.8765,-0.0322,0.0000,0.0000
10939,C1,stable,614,3.0700,-0.0042,0.1078,0,3.5556,1,1.0000,0.0000,0.7394,31.4185,1.8502,-0.0147,0.0000,0.0000
10940,C1,stable,594,2.9700,-0.0010,0.1061,0,3.5294,1,0.9848,0.0182,0.7475,32.2725,2.1287,0.0336,0.0000,0.0000
10941,C1,stable,581,2.9050,-0.0007,0.1048,0,5.0000,1,1.0000,0.0000,0.7298,32.6627,2.0098,0.0831,0.0000,0.0000
10942,C1,stable,631,3.1550,-0.0036,0.1356,0,4.7143,1,1.0000,0.0000,0.7607,31.1208,2.1351,-0.0556,0.0000,0.0000
10943,C1,adaptive,593,2.9650,-0.0020,0.1016,0,3.5000,1,1.0000,0.0000,0.7639,32.2605,1.9199,-0.0640,0.0000,0.0000
10944,C1,adaptive,606,3.0300,0.0001,0.1370,0,4.9231,1,1.0000,0.0000,0.7591,29.7413,2.0045,0.0675,0.0000,0.0000
10945,C1,stable,610,3.0500,0.0014,0.0970,0,3.8750,1,0.9848,0.0182,0.7557,31.0803,1.8546,0.0552,0.0000,0.0000
10946,C1,adaptive,614,3.0700,-0.0019,0.1219,0,3.5000,1,1.0000,0.0000,0.7638,29.6588,1.7939,-0.0580,0.0000,0.0000
10947,C1,adaptive,673,3.3650,-0.0027,0.0913,0,4.3333,1,1.0000,0.0000,0.7667,28.6822,2.3797,-0.0410,0.0000,0.0000
10948,C1,broken_down,608,3.0400,-0.0033,0.1135,0,3.5556,1,1.0000,0.0000,0.7467,29.8590,1.9684,-0.0510,0.0000,0.0000
10949,C1,adaptive,602,3.0100,-0.0025,0.1293,0,4.9231,1,1.0000,0.0000,0.7126,29.4592,2.1141,0.0021,0.0000,0.0000
10950,C1,stable,582,2.9100,-0.0026,0.1117,0,5.5455,1,1.0000,0.0000,0.7388,30.9326,2.0750,0.0941,0.0000,0.0000
10951,C1,adaptive,627,3.1350,-0.0036,0.1017,0,4.2667,1,1.0000,0.0000,0.7305,30.6441,2.1945,0.1314,0.0000,0.0000
10952,C1,stable,589,2.9450,0.0001,0.1023,0,3.2500,1,1.0000,0.0000,0.7419,31.4508,1.7628,-0.0527,0.0000,0.0000
10953,C1,stable,620,3.1000,-0.0047,0.0997,0,4.1333,1,1.0000,0.0000,0.7532,31.1478,2.4759,0.0915,0.0000,0.0000
10954,C1,adaptive,623,3.1150,-0.0049,0.1323,0,4.7500,1,1.0000,0.0000,0.7785,32.7588,2.2488,0.0225,0.0000,0.0000
10955,C1,broken_down,640,3.2000,0.0000,0.1115,0,6.5000,1,1.0000,0.0000,0.7094,31.3040,2.1255,-0.0444,0.0000,0.0000
10956,C1,adaptive,610,3.0500,0.0008,0.1230,0,8.0000,1,1.0000,0.0000,0.7459,31.1670,1.6997,0.0252,0.0000,0.0000
10957,C1,adaptive,596,2.9800,0.0014,0.1119,0,4.0667,1,1.0000,0.0000,0.7148,30.9507,2.0610,0.1015,0.0000,0.0000
10958,C1,stable,620,3.1000,-0.0032,0.1156,0,4.0000,1,1.0000,0.0000,0.7355,30.6162,1.9770,-0.0993,0.0000,0.0000
10959,C1,broken_down,616,3.0800,-0.0015,0.1136,0,3.8889,1,1.0000,0.0000,0.7581,31.0171,2.6610,-0.1024,0.0000,0.0000
10960,C1,adaptive,624,3.1200,-0.0048,0.1106,0,4.2000,1,1.0000,0.0000,0.7692,28.9229,1.9851,0.0542,0.0000,0.0000
10961,C1,adaptive,576,2.8800,-0.0003,0.0990,0,4.9167,1,1.0000,0.0000,0.7500,32.8287,1.9696,-0.0020,0.0000,0.0000
10962,C1,stable,603,3.0150,-0.0033,0.1121,0,5.0833,1,1.0000,0.0000,0.7562,30.3355,2.1148,0.0335,0.0000,0.0000
10963,C1,adaptive,617,3.0850,-0.0041,0.1349,0,5.5000,1,1.0000,0.0000,0.7553,29.6910,2.1351,0.0485,0.0000,0.0000
10964,C1,adaptive,599,2.9950,-0.0007,0.1064,0,3.7222,1,1.0000,0.0000,0.7513,29.6911,2.2776,0.1479,0.0000,0.0000
10965,C1,stable,601,3.0050,-0.0006,0.1141,0,3.8750,1,1.0000,0.0000,0.7537,31.2208,1.9698,-0.0890,0.0000,0.0000
10966,C1,adaptive,586,2.9300,0.0016,0.1001,0,2.9048,1,1.0000,0.0000,0.7253,32.9788,2.1734,0.0102,0.0000,0.0000
10967,C1,stable,605,3.0250,-0.0013,0.1045,0,4.5000,1,1.0000,0.0000,0.7455,30.4235,1.7374,0.0151,0.0000,0.0000
10968,C1,adaptive,651,3.2550,-0.0021,0.1235,0,6.0833,1,1.0000,0.0000,0.7419,28.3002,1.7471,0.0691,0.0000,0.0000
10969,C1,adaptive,624,3.1200,-0.0021,0.1100,0,6.2000,1,1.0000,0.0000,0.7372,30.4717,1.8681,0.0755,0.0000,0.0000
10970,C1,adaptive,586,2.9300,-0.0013,0.0981,0,3.2778,1,1.0000,0.0000,0.7355,32.0162,2.1269,0.1077,0.0000,0.0000
10971,C1,stable,635,3.1750,-0.0011,0.1020,0,5.2500,1,1.0000,0.0000,0.7165,27.5011,2.1543,-0.0261,0.0000,0.0000
10972,C1,broken_down,607,3.0350,-0.0005,0.1363,0,5.9167,1,1.0000,0.0000,0.7463,30.3289,1.9557,-0.0052,0.0000,0.0000
10973,C1,adaptive,652,3.2600,-0.0009,0.1046,0,3.7222,1,1.0000,0.0000,0.7485,28.1045,2.1005,-0.1733,0.0000,0.0000
10974,C1,adaptive,621,3.1050,0.0007,0.1099,0,4.0000,1,0.9848,0.0182,0.7488,30.0774,2.1257,-0.0609,0.0000,0.0000
10975,C1,adaptive,655,3.2750,0.0012,0.0905,0,4.2000,1,0.9848,0.0182,0.8000,28.0095,2.0125,0.0950,0.0000,0.0000
10976,C1,adaptive,573,2.8650,-0.0004,0.1086,0,4.0667,1,0.9848,0.0182,0.7435,32.5423,2.2043,0.0836,0.0000,0.0000
10977,C1,broken_down,600,3.0000,-0.0016,0.1067,0,3.5882,1,1.0000,0.0000,0.7400,28.0090,2.3492,0.0168,0.0000,0.0000
10978,C1,adaptive,582,2.9100,-0.0026,0.1040,0,4.2857,1,1.0000,0.0000,0.7320,31.9343,2.0060,-0.0105,0.0000,0.0000
10979,C1,stable,622,3.1100,0.0015,0.1080,0,4.7143,1,1.0000,0.0000,0.7395,31.0522,2.3497,-0.0294,0.0000,0.0000
10980,C1,adaptive,568,2.8400,-0.0034,0.1180,0,3.1500,1,1.0000,0.0000,0.7289,30.2319,2.0349,0.0190,0.0000,0.0000
10981,C1,adaptive,587,2.9350,-0.0005,0.1319,0,5.1667,1,1.0000,0.0000,0.7070,32.5735,1.9731,-0.0845,0.0000,0.0000
10982,C1,adaptive,640,3.2000,0.0031,0.1151,0,5.0000,1,1.0000,0.0000,0.7312,30.7308,1.8712,0.0160,0.0000,0.0000
10983,C1,stable,572,2.8600,-0.0021,0.0988,0,2.6087,1,1.0000,0.0000,0.7517,33.0256,1.9082,-0.0133,0.0000,0.0000
10984,C1,adaptive,604,3.0200,-0.0019,0.1002,0,3.4211,1,1.0000,0.0000,0.7583,31.9716,2.4360,-0.0338,0.0000,0.0000
10985,C1,broken_down,602,3.0100,-0.0006,0.1337,0,9.2857,1,1.0000,0.0000,0.7409,31.8991,2.1144,-0.1001,0.0000,0.0000
10986,C1,adaptive,660,3.3000,-0.0036,0.0912,0,3.7647,1,1.0000,0.0000,0.7758,31.1328,2.2011,-0.0806,0.0000,0.0000
10987,C1,adaptive,619,3.0950,-0.0010,0.1294,0,4.4000,1,1.0000,0.0000,0.7722,29.5774,2.0950,-0.1129,0.0000,0.0000
10988,C1,stable,590,2.9500,-0.0051,0.1011,0,4.0000,1,1.0000,0.0000,0.7102,29.7757,1.5963,0.0979,0.0000,0.0000
10989,C1,adaptive,595,2.9750,-0.0017,0.1069,0,4.9231,1,1.0000,0.0000,0.7513,32.5749,2.0520,0.0022,0.0000,0.0000
10990,C1,broken_down,565,2.8250,0.0008,0.0987,0,4.1429,1,1.0000,0.0000,0.7434,33.9524,2.0672,0.0344,0.0000,0.0000
10991,C1,adaptive,609,3.0450,0.0010,0.1277,0,4.1176,1,1.0000,0.0000,0.7668,29.9293,2.0473,-0.1543,0.0000,0.0000
10992,C1,adaptive,628,3.1400,-0.0050,0.1067,0,3.8235,1,1.0000,0.0000,0.7500,32.4904,2.3252,-0.0038,0.0000,0.0000
10993,C1,stable,613,3.0650,-0.0047,0.0934,0,4.0625,1,1.0000,0.0000,0.7798,31.3473,2.4426,-0.0344,0.0000,0.0000
10994,C1,adaptive,608,3.0400,0.0001,0.0987,0,5.0833,1,1.0000,0.0000,0.7401,29.7378,1.8217,0.0188,0.0000,0.0000
10995,C1,adaptive,596,2.9800,0.0006,0.1026,0,5.3333,1,1.0000,0.0000,0.7315,31.5711,1.5310,0.1683,0.0000,0.0000
10996,C1,adaptive,604,3.0200,-0.0004,0.0982,0,3.6471,1,1.0000,0.0000,0.7815,29.9237,1.5071,-0.0864,0.0000,0.0000
10997,C1,adaptive,595,2.9750,-0.0004,0.1038,0,3.0000,1,1.0000,0.0000,0.7513,32.2304,2.1295,0.0208,0.0000,0.0000
10998,C1,broken_down,608,3.0400,-0.0023,0.1395,0,5.4615,1,1.0000,0.0000,0.7270,28.2896,2.1008,-0.1017,0.0000,0.0000
10999,C1,adaptive,620,3.1000,-0.0021,0.1051,0,4.6429,1,1.0000,0.0000,0.7645,32.6435,2.0208,-0.0737,0.0000,0.0000
11000,C2,stressed,485,2.4250,-0.0042,0.1486,0,6.7500,1,1.0000,0.0000,0.7052,37.5263,1.7949,0.0320,0.0000,0.0000
11001,C2,stressed,478,2.3900,-0.0050,0.1081,0,3.7143,1,1.0000,0.0000,0.7029,39.0030,1.5361,0.0403,0.0000,0.0000
11002,C2,broken_down,486,2.4300,-0.0037,0.1348,0,4.8182,1,1.0000,0.0000,0.6749,38.5030,1.6548,0.0500,0.0000,0.0000
11003,C2,stressed,484,2.4200,-0.0029,0.1185,0,3.2500,1,1.0000,0.0000,0.7252,34.7521,1.6479,0.1365,0.0000,0.0000
11004,C2,broken_down,490,2.4500,-0.0042,0.1269,0,4.6364,1,1.0000,0.0000,0.6796,35.6817,1.6095,-0.0538,0.0000,0.0000
11005,C2,adaptive,490,2.4500,-0.0040,0.1177,0,5.6667,1,1.0000,0.0000,0.7061,41.5780,2.0658,-0.1635,0.0000,0.0000
11006,C2,adaptive,455,2.2750,-0.0035,0.1123,0,3.3571,1,1.0000,0.0000,0.6879,41.6294,1.2316,0.1140,0.0000,0.0000
11007,C2,adaptive,464,2.3200,-0.0046,0.1329,0,3.5714,1,1.0000,0.0000,0.7134,34.5801,1.6504,0.2136,0.0000,0.0000
11008,C2,broken_down,520,2.6000,-0.0021,0.0901,0,3.5333,1,1.0000,0.0000,0.7192,36.3529,1.8149,-0.1183,0.0000,0.0000
11009,C2,broken_down,455,2.2750,-0.0017,0.1310,0,4.3636,1,1.0000,0.0000,0.6747,35.1531,1.5748,0.1580,0.0000,0.0000
11010,C2,adaptive,446,2.2300,-0.0025,0.1383,0,7.1429,1,1.0000,0.0000,0.7063,33.7905,1.7245,-0.0310,0.0000,0.0000
11011,C2,broken_down,477,2.3850,-0.0046,0.1134,0,5.2222,1,1.0000,0.0000,0.6834,38.7669,1.6456,0.0362,0.0000,0.0000
11012,C2,broken_down,519,2.5950,-0.0067,0.1222,0,5.7273,1,1.0000,0.0000,0.7476,29.5619,1.7935,0.0827,0.0000,0.0000
11013,C2,stressed,482,2.4100,-0.0037,0.1276,0,3.6000,1,1.0000,0.0000,0.6784,41.2508,1.7105,0.0061,0.0000,0.0000
11014,C2,adaptive,451,2.2550,-0.0049,0.1277,0,4.3333,1,1.0000,0.0000,0.7184,36.3920,1.5244,0.0752,0.0000,0.0000
11015,C2,broken_down,510,2.5500,-0.0074,0.1212,0,4.1538,1,1.0000,0.0000,0.7275,35.7871,1.6079,0.2249,0.0000,0.0000
11016,C2,adaptive,524,2.6200,-0.0069,0.1304,0,4.6154,1,1.0000,0.0000,0.7309,35.7023,2.0582,0.0828,0.0000,0.0000
11017,C2,stressed,449,2.2450,-0.0071,0.1505,0,5.0000,1,1.0000,0.0000,0.6637,37.7013,1.3085,0.1647,0.0000,0.0000
11018,C2,stressed,472,2.3600,-0.0045,0.1194,0,4.5455,1,1.0000,0.0000,0.7309,34.8841,1.3381,0.0285,0.0000,0.0000
11019,C2,broken_down,488,2.4400,-0.0053,0.1185,0,3.7857,1,1.0000,0.0000,0.7049,36.8924,1.6836,0.1523,0.0000,0.0000
11020,C2,broken_down,500,2.5000,-0.0057,0.1320,0,4.0714,1,1.0000,0.0000,0.7200,35.1694,1.7055,0.0306,0.0000,0.0000
11021,C2,broken_down,488,2.4400,-0.0069,0.1086,0,4.1667,1,1.0000,0.0000,0.7090,32.7775,1.4516,0.0922,0.0000,0.0000
11022,C2,adaptive,490,2.4500,-0.0053,0.1211,0,2.9474,1,1.0000,0.0000,0.6837,36.9940,1.6187,0.0155,0.0000,0.0000
11023,C2,adaptive,508,2.5400,-0.0071,0.1115,0,4.0769,1,1.0000,0.0000,0.6969,32.5141,1.7555,0.1905,0.0000,0.0000
11024,C2,adaptive,462,2.3100,-0.0044,0.1205,0,4.0000,1,1.0000,0.0000,0.6991,37.8854,1.7356,0.0758,0.0000,0.0000
11025,C2,broken_down,504,2.5200,-0.0028,0.0873,0,5.3333,1,1.0000,0.0000,0.7044,31.2648,1.8481,0.0194,0.0000,0.0000
11026,C2,adaptive,490,2.4500,-0.0059,0.1224,0,4.0000,1,1.0000,0.0000,0.6714,38.1398,1.6484,0.2149,0.0000,0.0000
11027,C2,stressed,500,2.5000,-0.0012,0.1017,0,3.9231,1,1.0000,0.0000,0.7220,34.3934,1.6527,-0.0159,0.0000,0.0000
11028,C2,stressed,481,2.4050,-0.0052,0.1090,0,2.8889,1,1.0000,0.0000,0.6757,35.9908,2.0027,-0.0317,0.0000,0.0000
11029,C2,adaptive,462,2.3100,-0.0017,0.1035,0,4.0000,1,1.0000,0.0000,0.7121,40.3708,1.7760,0.0466,0.0000,0.0000
11030,C2,adaptive,500,2.5000,-0.0064,0.1263,0,9.0000,1,1.0000,0.0000,0.7180,36.9777,1.7353,0.0939,0.0000,0.0000
11031,C2,broken_down,476,2.3800,-0.0048,0.1085,0,4.3077,1,0.9848,0.0182,0.6954,32.8369,1.7745,-0.0990,0.0000,0.0000
11032,C2,broken_down,465,2.3250,-0.0025,0.1127,0,5.2222,1,1.0000,0.0000,0.6731,36.2236,1.5209,0.0982,0.0000,0.0000
11033,C2,adaptive,466,2.3300,-0.0018,0.1212,0,3.5714,1,1.0000,0.0000,0.6888,37.5950,1.6276,0.0518,0.0000,0.0000
11034,C2,adaptive,486,2.4300,-0.0048,0.1087,0,3.2500,1,1.0000,0.0000,0.7202,39.3486,1.9239,-0.0438,0.0000,0.0000
11035,C2,stressed,484,2.4200,-0.0031,0.1412,0,6.2222,1,1.0000,0.0000,0.6880,36.7327,1.4947,0.0744,0.0000,0.0000
11036,C2,broken_down,471,2.3550,-0.0039,0.1024,0,3.6429,1,1.0000,0.0000,0.6773,34.7586,1.9418,-0.0719,0.0000,0.0000
11037,C2,broken_down,493,2.4650,-0.0061,0.1608,0,7.6250,1,1.0000,0.0000,0.6856,35.4763,1.7510,0.0738,0.0000,0.0000
11038,C2,adaptive,498,2.4900,-0.0037,0.1208,0,3.7857,1,1.0000,0.0000,0.7008,37.2006,1.7990,-0.0256,0.0000,0.0000
11039,C2,adaptive,454,2.2700,-0.0029,0.0940,0,2.5000,1,0.9848,0.0182,0.7379,34.0896,1.7326,-0.0263,0.0000,0.0000
11040,C2,adaptive,478,2.3900,-0.0027,0.0997,0,4.0000,1,0.9848,0.0182,0.7531,32.7472,1.7390,0.0468,0.0000,0.0000
11041,C2,stressed,482,2.4100,-0.0058,0.0882,0,3.3571,1,1.0000,0.0000,0.6680,36.9907,1.9802,0.0288,0.0000,0.0000
11042,C2,broken_down,523,2.6150,-0.0027,0.1098,0,4.6667,1,1.0000,0.0000,0.7514,34.5242,1.8400,-0.0085,0.0000,0.0000
11043,C2,broken_down,488,2.4400,-0.0052,0.1342,0,4.7500,1,1.0000,0.0000,0.7090,36.9653,1.8513,-0.0189,0.0000,0.0000
11044,C2,broken_down,488,2.4400,-0.0033,0.0987,0,3.5714,1,1.0000,0.0000,0.6988,33.1877,1.6467,0.1916,0.0000,0.0000
11045,C2,adaptive,479,2.3950,-0.0072,0.1087,0,3.9231,1,0.9848,0.0182,0.6743,32.8297,1.7148,0.0896,0.0000,0.0000
11046,C2,adaptive,459,2.2950,-0.0058,0.1026,0,2.3182,1,1.0000,0.0000,0.7015,35.8230,1.5962,0.0167,0.0000,0.0000
11047,C2,stressed,448,2.2400,-0.0054,0.1034,0,4.1818,1,1.0000,0.0000,0.6830,42.9967,1.7010,0.1738,0.0000,0.0000
11048,C2,broken_down,485,2.4250,-0.0038,0.1067,0,4.2500,1,1.0000,0.0000,0.7113,33.7768,1.3977,0.0593,0.0000,0.0000
11049,C2,adaptive,502,2.5100,-0.0041,0.1295,0,3.6667,1,1.0000,0.0000,0.7390,38.4609,1.5159,-0.0238,0.0000,0.0000
11050,C2,adaptive,490,2.4500,-0.0050,0.1286,0,4.3077,1,1.0000,0.0000,0.6755,33.7281,1.6766,0.0537,0.0000,0.0000
11051,C2,broken_down,496,2.4800,-0.0043,0.1136,0,5.2000,1,1.0000,0.0000,0.7137,36.8107,1.5748,0.1164,0.0000,0.0000
11052,C2,broken_down,489,2.4450,-0.0005,0.1256,0,5.6667,1,0.9697,0.0364,0.7137,31.3610,1.9191,-0.0489,0.0000,0.0000
11053,C2,adaptive,485,2.4250,-0.0065,0.1033,0,3.0588,1,1.0000,0.0000,0.6948,36.9911,1.6448,0.0669,0.0000,0.0000
11054,C2,adaptive,510,2.5500,-0.0053,0.1154,0,3.7857,1,1.0000,0.0000,0.7039,36.1894,1.9346,0.0072,0.0000,0.0000
11055,C2,stressed,517,2.5850,-0.0052,0.1033,0,3.4375,1,1.0000,0.0000,0.6770,32.2314,1.6851,0.0382,0.0000,0.0000
11056,C2,stressed,488,2.4400,-0.0033,0.1417,0,5.8000,1,1.0000,0.0000,0.6885,40.7351,1.6591,-0.0194,0.0000,0.0000
11057,C2,adaptive,518,2.5900,-0.0071,0.1213,0,5.4000,1,1.0000,0.0000,0.7201,38.7560,1.5128,0.1468,0.0000,0.0000
11058,C2,stressed,454,2.2700,-0.0020,0.1175,0,4.2500,1,1.0000,0.0000,0.7357,35.3293,1.5122,0.1121,0.0000,0.0000
11059,C2,adaptive,462,2.3100,-0.0035,0.1356,0,3.6429,1,1.0000,0.0000,0.6753,38.6378,1.2287,0.2451,0.0000,0.0000
11060,C2,stressed,518,2.5900,-0.0039,0.1174,0,4.3077,1,1.0000,0.0000,0.7259,33.2553,1.7251,-0.0912,0.0000,0.0000
11061,C2,adaptive,444,2.2200,-0.0019,0.0995,0,3.7500,1,1.0000,0.0000,0.6779,36.0299,1.5614,-0.0948,0.0000,0.0000
11062,C2,broken_down,497,2.4850,-0.0070,0.1125,0,4.5455,1,1.0000,0.0000,0.7082,32.6591,1.9794,0.1189,0.0000,0.0000
11063,C2,broken_down,510,2.5500,-0.0063,0.1402,0,3.9286,1,1.0000,0.0000,0.6922,39.9065,1.7565,0.1403,0.0000,0.0000
11064,C2,adaptive,488,2.4400,-0.0034,0.1243,0,4.6667,1,1.0000,0.0000,0.7131,39.9425,1.6864,-0.0293,0.0000,0.0000
11065,C2,stressed,507,2.5350,-0.0029,0.1241,0,6.6250,1,1.0000,0.0000,0.6923,33.1425,1.8066,0.0075,0.0000,0.0000
11066,C2,stressed,461,2.3050,-0.0020,0.1311,0,3.6923,1,1.0000,0.0000,0.7158,38.0182,1.9297,-0.0390,0.0000,0.0000
11067,C2,adaptive,464,2.3200,-0.0028,0.1426,0,8.8333,1,1.0000,0.0000,0.6724,39.5801,1.6220,-0.0271,0.0000,0.0000
11068,C2,broken_down,481,2.4050,-0.0033,0.1426,0,5.0000,1,1.0000,0.0000,0.6902,32.9819,1.9114,-0.0439,0.0000,0.0000
11069,C2,stressed,484,2.4200,-0.0049,0.1274,0,4.0000,1,1.0000,0.0000,0.6839,30.9094,1.8180,0.0264,0.0000,0.0000
11070,C2,adaptive,478,2.3900,-0.0030,0.1583,0,10.0000,1,1.0000,0.0000,0.7280,35.3822,1.7210,-0.0985,0.0000,0.0000
11071,C2,broken_down,470,2.3500,-0.0049,0.1266,0,4.9000,1,1.0000,0.0000,0.6830,38.5358,1.5776,0.0752,0.0000,0.0000
11072,C2,broken_down,464,2.3200,-0.0050,0.1404,0,5.1000,1,0.9848,0.0182,0.6810,36.6677,1.5292,0.0113,0.0000,0.0000
11073,C2,adaptive,454,2.2700,-0.0041,0.1233,0,3.1250,1,1.0000,0.0000,0.6630,39.4419,1.6582,0.0108,0.0000,0.0000
11074,C2,broken_down,505,2.5250,-0.0037,0.1282,0,6.0000,1,1.0000,0.0000,0.6713,37.5546,1.8116,0.1232,0.0000,0.0000
11075,C2,adaptive,513,2.5650,-0.0065,0.0986,0,2.6000,1,1.0000,0.0000,0.7057,32.5939,1.9101,0.0642,0.0000,0.0000
11076,C2,adaptive,483,2.4150,-0.0050,0.1299,0,4.5455,1,1.0000,0.0000,0.7081,33.3743,1.4942,0.1051,0.0000,0.0000
11077,C2,stressed,491,2.4550,-0.0065,0.1020,0,2.6316,1,1.0000,0.0000,0.7189,34.7819,1.7845,0.1074,0.0000,0.0000
11078,C2,broken_down,486,2.4300,-0.0046,0.1509,0,5.0909,1,1.0000,0.0000,0.6646,36.6409,1.7336,0.0054,0.0000,0.0000
11079,C2,adaptive,449,2.2450,-0.0049,0.1086,0,3.7500,1,1.0000,0.0000,0.6704,37.4950,1.6215,0.0557,0.0000,0.0000
11080,C2,stressed,480,2.4000,-0.0038,0.1566,0,3.9286,1,1.0000,0.0000,0.7104,34.1877,1.6090,0.0463,0.0000,0.0000
11081,C2,adaptive,503,2.5150,-0.0053,0.1211,0,3.4667,1,1.0000,0.0000,0.7018,31.5694,2.1792,0.0085,0.0000,0.0000
11082,C2,adaptive,516,2.5800,-0.0039,0.1237,0,4.5833,1,1.0000,0.0000,0.7054,36.7363,1.5954,0.0027,0.0000,0.0000
11083,C2,adaptive,456,2.2800,-0.0070,0.1330,0,5.5556,1,0.9697,0.0364,0.6623,37.0232,1.5734,0.0912,0.0000,0.0000
11084,C2,broken_down,497,2.4850,-0.0051,0.1045,0,3.5000,1,1.0000,0.0000,0.7082,34.1705,1.4005,0.0384,0.0000,0.0000
11085,C2,adaptive,467,2.3350,-0.0061,0.1122,0,2.8824,1,1.0000,0.0000,0.7302,41.5455,1.4842,0.0979,0.0000,0.0000
11086,C2,adaptive,514,2.5700,-0.0016,0.1316,0,3.9286,1,1.0000,0.0000,0.7101,35.2301,1.8453,0.0219,0.0000,0.0000
11087,C2,stressed,500,2.5000,-0.0042,0.1333,0,4.5833,1,1.0000,0.0000,0.7020,35.6923,1.9147,0.0611,0.0000,0.0000
11088,C2,adaptive,518,2.5900,-0.0024,0.1068,0,4.0000,1,1.0000,0.0000,0.7239,35.8320,2.0029,0.0556,0.0000,0.0000
11089,C2,adaptive,496,2.4800,-0.0030,0.1458,0,3.6429,1,1.0000,0.0000,0.6815,31.5473,1.9704,0.0711,0.0000,0.0000
11090,C2,adaptive,452,2.2600,-0.0052,0.1206,0,3.4000,1,1.0000,0.0000,0.6549,35.7568,1.8910,0.1414,0.0000,0.0000
11091,C2,adaptive,503,2.5150,-0.0042,0.0992,0,2.8333,1,1.0000,0.0000,0.7237,37.1648,1.7236,0.0501,0.0000,0.0000
11092,C2,stressed,485,2.4250,-0.0029,0.1314,0,3.8571,1,1.0000,0.0000,0.6990,36.8909,1.5318,0.0406,0.0000,0.0000
11093,C2,adaptive,440,2.2000,-0.0045,0.1174,0,4.2727,1,1.0000,0.0000,0.6818,37.9633,1.4146,0.0831,0.0000,0.0000
11094,C2,broken_down,525,2.6250,-0.0035,0.1211,0,3.8125,1,1.0000,0.0000,0.7410,36.9871,1.5983,0.0690,0.0000,0.0000
11095,C2,stressed,452,2.2600,-0.0052,0.1239,0,4.4545,1,1.0000,0.0000,0.6925,36.5847,1.3610,0.1004,0.0000,0.0000
11096,C2,broken_down,476,2.3800,-0.0050,0.1092,0,3.5000,1,1.0000,0.0000,0.6870,31.7859,1.7016,0.1210,0.0000,0.0000
11097,C2,broken_down,459,2.2950,-0.0016,0.1389,0,8.2857,1,1.0000,0.0000,0.6841,37.6497,1.7042,0.0685,0.0000,0.0000
11098,C2,broken_down,476,2.3800,-0.0024,0.1520,0,5.4000,1,1.0000,0.0000,0.6828,35.1908,1.6539,0.0797,0.0000,0.0000
11099,C2,adaptive,525,2.6250,-0.0038,0.1360,0,5.0000,1,1.0000,0.0000,0.6876,32.7812,2.0087,0.0703,0.0000,0.0000
11100,C2,adaptive,478,2.3900,-0.0056,0.1147,0,3.6923,1,1.0000,0.0000,0.7259,36.2911,1.6838,0.1301,0.0000,0.0000
11101,C2,stressed,484,2.4200,-0.0054,0.1064,0,3.5000,1,1.0000,0.0000,0.6921,33.2478,1.7547,0.1267,0.0000,0.0000
11102,C2,broken_down,476,2.3800,-0.0044,0.1082,0,3.2667,1,1.0000,0.0000,0.7227,32.5058,1.5758,0.0874,0.0000,0.0000
11103,C2,broken_down,496,2.4800,-0.0041,0.1075,0,3.7857,1,1.0000,0.0000,0.6815,35.7367,1.8838,0.1013,0.0000,0.0000
11104,C2,stressed,482,2.4100,-0.0045,0.1189,0,2.9000,1,1.0000,0.0000,0.7075,36.0674,1.7549,0.0560,0.0000,0.0000
11105,C2,stressed,484,2.4200,-0.0044,0.0995,0,3.5714,1,1.0000,0.0000,0.7004,34.3422,2.0976,0.0544,0.0000,0.0000
11106,C2,adaptive,478,2.3900,-0.0056,0.0917,0,2.7647,1,1.0000,0.0000,0.6757,37.1703,1.8350,-0.0123,0.0000,0.0000
11107,C2,adaptive,491,2.4550,-0.0032,0.1156,0,3.3529,1,1.0000,0.0000,0.7149,35.7037,1.9027,-0.0071,0.0000,0.0000
11108,C2,broken_down,486,2.4300,-0.0046,0.1073,0,3.0625,1,1.0000,0.0000,0.6811,35.4230,1.6656,-0.0103,0.0000,0.0000
11109,C2,adaptive,491,2.4550,-0.0069,0.1166,0,3.1667,1,1.0000,0.0000,0.7271,34.7115,1.7194,0.1197,0.0000,0.0000
11110,C2,adaptive,485,2.4250,-0.0044,0.1356,0,3.4118,1,1.0000,0.0000,0.7134,38.4855,1.8532,-0.0304,0.0000,0.0000
11111,C2,stressed,493,2.4650,-0.0034,0.0945,0,3.6154,1,1.0000,0.0000,0.6876,35.3687,1.5623,-0.0715,0.0000,0.0000
11112,C2,adaptive,475,2.3750,-0.0024,0.1012,0,4.5455,1,1.0000,0.0000,0.6484,34.5682,2.0762,-0.0756,0.0000,0.0000
11113,C2,adaptive,476,2.3800,-0.0057,0.1278,0,5.3000,1,1.0000,0.0000,0.7059,38.9524,1.9125,0.0289,0.0000,0.0000
11114,C2,broken_down,488,2.4400,-0.0039,0.0994,0,3.2667,1,1.0000,0.0000,0.7152,35.5358,1.8719,0.1429,0.0000,0.0000
11115,C2,adaptive,475,2.3750,-0.0037,0.1233,0,5.1000,1,1.0000,0.0000,0.6989,34.5602,1.7419,-0.0422,0.0000,0.0000
11116,C2,stressed,464,2.3200,-0.0039,0.1189,0,3.4286,1,0.9848,0.0182,0.7134,36.3112,1.8419,0.0157,0.0000,0.0000
11117,C2,adaptive,510,2.5500,-0.0035,0.1062,0,3.9286,1,1.0000,0.0000,0.6980,34.3062,1.6119,0.0658,0.0000,0.0000
11118,C2,adaptive,445,2.2250,-0.0058,0.0946,0,6.1429,1,1.0000,0.0000,0.6607,36.6429,1.6689,0.0850,0.0000,0.0000
11119,C2,broken_down,469,2.3450,-0.0065,0.1050,0,3.1875,1,1.0000,0.0000,0.7186,34.4748,1.4084,0.0993,0.0000,0.0000
11120,C2,adaptive,468,2.3400,-0.0050,0.1083,0,3.4667,1,1.0000,0.0000,0.7009,32.7896,1.7164,0.1028,0.0000,0.0000
11121,C2,broken_down,497,2.4850,0.0004,0.1226,0,4.8182,1,1.0000,0.0000,0.7344,38.2466,1.8351,0.0100,0.0000,0.0000
11122,C2,adaptive,484,2.4200,-0.0024,0.1143,0,4.4167,1,0.9848,0.0182,0.6921,36.7642,1.8965,-0.0039,0.0000,0.0000
11123,C2,adaptive,470,2.3500,-0.0057,0.1188,0,3.3333,1,1.0000,0.0000,0.6915,35.0031,1.4624,0.0878,0.0000,0.0000
11124,C2,adaptive,499,2.4950,-0.0052,0.1144,0,3.0588,1,1.0000,0.0000,0.7415,34.5649,1.9085,0.0292,0.0000,0.0000
11125,C2,broken_down,494,2.4700,-0.0049,0.1150,0,4.7273,1,1.0000,0.0000,0.6964,36.0785,1.6667,0.0380,0.0000,0.0000
11126,C2,stressed,481,2.4050,0.0011,0.1097,0,3.1875,1,1.0000,0.0000,0.7318,33.5284,1.7115,0.0177,0.0000,0.0000
11127,C2,stressed,494,2.4700,-0.0034,0.1174,0,3.5625,1,0.9848,0.0182,0.7126,37.5938,1.3607,0.1340,0.0000,0.0000
11128,C2,adaptive,465,2.3250,-0.0043,0.0995,0,2.7647,1,1.0000,0.0000,0.6903,34.0000,1.6581,0.0541,0.0000,0.0000
11129,C2,broken_down,488,2.4400,-0.0028,0.0956,0,4.2727,1,1.0000,0.0000,0.7336,36.1620,1.7906,0.1642,0.0000,0.0000
11130,C2,adaptive,467,2.3350,-0.0053,0.1276,0,2.5500,1,1.0000,0.0000,0.6852,33.8312,1.3487,0.0471,0.0000,0.0000
11131,C2,broken_down,515,2.5750,-0.0071,0.1280,0,3.6667,1,1.0000,0.0000,0.7359,33.8443,1.6360,0.1008,0.0000,0.0000
11132,C2,stressed,447,2.2350,-0.0057,0.0968,0,3.8333,1,1.0000,0.0000,0.6801,36.6743,1.6094,0.1211,0.0000,0.0000
11133,C2,stressed,443,2.2150,-0.0028,0.0976,0,2.6875,1,0.9848,0.0182,0.6885,37.7738,1.7004,0.0137,0.0000,0.0000
11134,C2,adaptive,521,2.6050,-0.0055,0.1172,0,5.0909,1,1.0000,0.0000,0.7121,34.8086,2.0127,0.0675,0.0000,0.0000
11135,C2,stressed,489,2.4450,-0.0035,0.1082,0,3.0588,1,1.0000,0.0000,0.7014,39.6327,1.5527,0.0532,0.0000,0.0000
11136,C2,stressed,459,2.2950,-0.0035,0.1037,0,4.1818,1,1.0000,0.0000,0.6928,38.6509,1.4640,0.1282,0.0000,0.0000
11137,C2,broken_down,513,2.5650,-0.0036,0.1259,0,6.3333,1,1.0000,0.0000,0.7271,34.0214,1.4248,0.0496,0.0000,0.0000
11138,C2,stressed,476,2.3800,-0.0077,0.1264,0,4.8182,1,1.0000,0.0000,0.6723,34.2219,1.5529,0.1640,0.0000,0.0000
11139,C2,adaptive,452,2.2600,-0.0040,0.1110,0,4.6000,1,0.9848,0.0182,0.6925,36.2364,1.5912,-0.0546,0.0000,0.0000
11140,C2,adaptive,459,2.2950,-0.0046,0.1280,0,4.0833,1,1.0000,0.0000,0.6776,33.9068,1.6693,0.0207,0.0000,0.0000
11141,C2,broken_down,495,2.4750,-0.0024,0.1547,0,5.5455,1,0.9848,0.0182,0.7535,35.5201,1.7515,-0.0141,0.0000,0.0000
11142,C2,broken_down,502,2.5100,-0.0015,0.1315,0,5.8889,1,1.0000,0.0000,0.7331,34.7011,1.6872,-0.0071,0.0000,0.0000
11143,C2,broken_down,492,2.4600,-0.0026,0.1257,0,3.9286,1,1.0000,0.0000,0.6972,37.1633,1.8308,-0.0770,0.0000,0.0000
11144,C2,broken_down,496,2.4800,-0.0046,0.1280,0,5.8889,1,1.0000,0.0000,0.7016,34.9713,1.7646,0.1125,0.0000,0.0000
11145,C2,adaptive,495,2.4750,-0.0013,0.1150,0,3.5333,1,1.0000,0.0000,0.7313,34.9254,1.5513,0.1242,0.0000,0.0000
11146,C2,broken_down,505,2.5250,-0.0058,0.1299,0,5.5000,1,1.0000,0.0000,0.6851,37.9624,1.9170,-0.0216,0.0000,0.0000
11147,C2,stressed,496,2.4800,-0.0059,0.0897,0,2.7222,1,0.9848,0.0182,0.7278,33.5983,1.4561,0.1131,0.0000,0.0000
11148,C2,adaptive,478,2.3900,-0.0052,0.1224,0,3.3333,1,1.0000,0.0000,0.7448,34.7865,1.7633,0.0313,0.0000,0.0000
11149,C2,stressed,501,2.5050,-0.0039,0.1176,0,7.7143,1,1.0000,0.0000,0.7126,36.7339,1.7116,0.0375,0.0000,0.0000
11150,C2,adaptive,476,2.3800,-0.0050,0.1299,0,6.5000,1,1.0000,0.0000,0.7017,36.0419,1.5232,0.1144,0.0000,0.0000
11151,C2,broken_down,511,2.5550,-0.0065,0.1003,0,3.0588,1,1.0000,0.0000,0.7378,36.4324,1.6639,0.0755,0.0000,0.0000
11152,C2,adaptive,487,2.4350,-0.0038,0.1169,0,5.6667,1,1.0000,0.0000,0.7680,37.0936,1.9103,-0.0094,0.0000,0.0000
11153,C2,broken_down,495,2.4750,-0.0060,0.1042,0,4.2727,1,1.0000,0.0000,0.6626,39.1524,1.7002,0.0549,0.0000,0.0000
11154,C2,stressed,519,2.5950,-0.0013,0.1190,0,8.1429,1,1.0000,0.0000,0.6859,37.4888,1.6757,0.0530,0.0000,0.0000
11155,C2,broken_down,511,2.5550,-0.0053,0.1228,0,6.1000,1,1.0000,0.0000,0.7025,35.7744,1.8177,0.0386,0.0000,0.0000
11156,C2,stressed,463,2.3150,-0.0013,0.1190,0,6.1250,1,1.0000,0.0000,0.6523,33.5497,1.6553,-0.0499,0.0000,0.0000
11157,C2,adaptive,462,2.3100,-0.0006,0.1338,0,3.8462,1,1.0000,0.0000,0.6602,38.1967,1.7768,0.0058,0.0000,0.0000
11158,C2,adaptive,459,2.2950,-0.0033,0.1527,0,5.5000,1,1.0000,0.0000,0.6536,36.0600,1.5617,0.0528,0.0000,0.0000
11159,C2,stressed,460,2.3000,-0.0060,0.0888,0,2.8125,1,1.0000,0.0000,0.6891,35.5584,1.6503,0.0720,0.0000,0.0000
11160,C2,adaptive,507,2.5350,-0.0058,0.1251,0,5.0000,1,1.0000,0.0000,0.6864,31.8132,1.6909,0.0999,0.0000,0.0000
11161,C2,broken_down,493,2.4650,-0.0079,0.1094,0,4.7273,1,1.0000,0.0000,0.6957,36.2041,1.6047,0.0483,0.0000,0.0000
11162,C2,adaptive,504,2.5200,-0.0031,0.1032,0,3.3333,1,1.0000,0.0000,0.7163,38.3989,1.7190,0.0765,0.0000,0.0000
11163,C2,stressed,482,2.4100,-0.0049,0.1079,0,3.1765,1,1.0000,0.0000,0.7199,36.7954,1.6358,0.0616,0.0000,0.0000
11164,C2,adaptive,520,2.6000,-0.0052,0.1420,0,4.8333,1,1.0000,0.0000,0.6750,32.0399,2.0821,-0.0063,0.0000,0.0000
11165,C2,adaptive,477,2.3850,-0.0043,0.1375,0,4.6364,1,1.0000,0.0000,0.7652,38.4712,1.2328,0.0926,0.0000,0.0000
11166,C2,adaptive,464,2.3200,-0.0004,0.1376,0,3.5625,1,1.0000,0.0000,0.6767,36.8981,1.4616,0.1253,0.0000,0.0000
11167,C2,adaptive,484,2.4200,-0.0080,0.0975,0,2.6500,1,1.0000,0.0000,0.7459,33.9751,1.6853,0.1570,0.0000,0.0000
11168,C2,adaptive,508,2.5400,-0.0039,0.1201,0,4.2308,1,1.0000,0.0000,0.7264,35.1355,2.1817,0.1299,0.0000,0.0000
11169,C2,adaptive,464,2.3200,-0.0040,0.1218,0,3.2000,1,1.0000,0.0000,0.6616,42.6775,1.6876,-0.0822,0.0000,0.0000
11170,C2,broken_down,463,2.3150,-0.0008,0.1326,0,6.2500,1,1.0000,0.0000,0.6782,37.5637,1.6035,0.0933,0.0000,0.0000
11171,C2,broken_down,480,2.4000,-0.0048,0.1226,0,4.6364,1,1.0000,0.0000,0.7292,36.6829,1.7779,0.0840,0.0000,0.0000
11172,C2,broken_down,491,2.4550,-0.0045,0.1095,0,3.5333,1,0.9848,0.0182,0.6986,39.7638,1.5315,0.0546,0.0000,0.0000
11173,C2,broken_down,477,2.3850,-0.0045,0.1144,0,3.8571,1,1.0000,0.0000,0.6709,33.2219,1.6394,0.0488,0.0000,0.0000
11174,C2,adaptive,490,2.4500,-0.0035,0.1429,0,4.0000,1,1.0000,0.0000,0.6673,36.4587,2.0443,-0.0922,0.0000,0.0000
11175,C2,stressed,487,2.4350,-0.0066,0.0960,0,3.5000,1,1.0000,0.0000,0.7187,36.4486,1.6312,0.0570,0.0000,0.0000
11176,C2,adaptive,466,2.3300,-0.0049,0.0848,0,2.5000,1,1.0000,0.0000,0.7382,38.6483,1.6482,0.0185,0.0000,0.0000
11177,C2,stressed,494,2.4700,-0.0036,0.1221,0,4.5000,1,1.0000,0.0000,0.7490,33.6216,1.5828,0.0912,0.0000,0.0000
11178,C2,adaptive,448,2.2400,-0.0036,0.1120,0,3.4615,1,1.0000,0.0000,0.6451,40.8097,1.3680,0.1543,0.0000,0.0000
11179,C2,adaptive,466,2.3300,-0.0018,0.1059,0,3.0625,1,1.0000,0.0000,0.7403,37.3855,1.8457,0.0075,0.0000,0.0000
11180,C2,adaptive,473,2.3650,-0.0085,0.1253,0,2.7143,1,1.0000,0.0000,0.6617,37.3419,1.6525,0.1400,0.0000,0.0000
11181,C2,broken_down,485,2.4250,-0.0076,0.0981,0,3.4286,1,1.0000,0.0000,0.6948,38.2374,1.5490,0.2288,0.0000,0.0000
11182,C2,stressed,503,2.5150,-0.0029,0.1194,0,5.7778,1,1.0000,0.0000,0.7276,36.3060,1.6795,-0.0717,0.0000,0.0000
11183,C2,stressed,516,2.5800,-0.0019,0.1037,0,3.2353,1,1.0000,0.0000,0.7306,35.6950,2.1136,-0.0363,0.0000,0.0000
11184,C2,adaptive,476,2.3800,-0.0054,0.1096,0,3.2500,1,1.0000,0.0000,0.6744,36.8162,1.7863,0.0885,0.0000,0.0000
11185,C2,broken_down,441,2.2050,-0.0061,0.0901,0,2.8750,1,1.0000,0.0000,0.7143,38.7524,1.5027,0.0998,0.0000,0.0000
11186,C2,broken_down,459,2.2950,-0.0041,0.1164,0,6.0000,1,0.9848,0.0182,0.7015,33.6739,1.5974,0.1182,0.0000,0.0000
11187,C2,adaptive,483,2.4150,-0.0073,0.1430,0,5.4000,1,1.0000,0.0000,0.6915,33.2335,1.8153,0.0883,0.0000,0.0000
11188,C2,adaptive,501,2.5050,-0.0032,0.1233,0,4.0769,1,1.0000,0.0000,0.6727,36.2315,1.8474,-0.0246,0.0000,0.0000
11189,C2,broken_down,498,2.4900,-0.0035,0.0967,0,2.8824,1,1.0000,0.0000,0.7189,37.3324,2.0319,-0.0633,0.0000,0.0000
11190,C2,broken_down,478,2.3900,-0.0045,0.1192,0,4.1538,1,1.0000,0.0000,0.7092,34.3923,2.0199,0.0615,0.0000,0.0000
11191,C2,stressed,477,2.3850,-0.0013,0.1092,0,3.4667,1,1.0000,0.0000,0.6310,35.7907,1.3803,-0.0285,0.0000,0.0000
11192,C2,broken_down,502,2.5100,-0.0028,0.1069,0,3.4667,1,1.0000,0.0000,0.7012,36.2244,1.6047,-0.0755,0.0000,0.0000
11193,C2,broken_down,502,2.5100,-0.0025,0.1315,0,4.2308,1,1.0000,0.0000,0.7171,36.6944,1.7450,0.0554,0.0000,0.0000
11194,C2,broken_down,471,2.3550,-0.0057,0.1308,0,3.1250,1,0.9697,0.0364,0.7240,37.7067,1.7365,0.1868,0.0000,0.0000
11195,C2,broken_down,478,2.3900,-0.0040,0.1217,0,4.0000,1,1.0000,0.0000,0.7071,37.2456,1.8718,0.0481,0.0000,0.0000
11196,C2,adaptive,473,2.3650,-0.0055,0.1189,0,4.5000,1,1.0000,0.0000,0.6956,36.9179,1.9826,-0.0112,0.0000,0.0000
11197,C2,broken_down,491,2.4550,-0.0020,0.1387,0,7.4286,1,1.0000,0.0000,0.6986,33.5539,1.7945,0.0582,0.0000,0.0000
11198,C2,adaptive,457,2.2850,-0.0013,0.1253,0,5.0000,1,1.0000,0.0000,0.6893,32.9429,1.4587,0.1907,0.0000,0.0000
11199,C2,adaptive,501,2.5050,-0.0034,0.1060,0,3.8667,1,1.0000,0.0000,0.7206,35.4598,1.7602,0.0860,0.0000,0.0000
11200,C2,adaptive,503,2.5150,-0.0041,0.1072,0,4.0769,1,1.0000,0.0000,0.7197,32.8370,1.8150,0.0144,0.0000,0.0000
11201,C2,stressed,459,2.2950,-0.0045,0.1066,0,2.7647,1,1.0000,0.0000,0.6601,39.3234,1.7140,0.0894,0.0000,0.0000
11202,C2,adaptive,501,2.5050,-0.0064,0.1126,0,3.0588,1,1.0000,0.0000,0.7026,35.3807,1.4982,0.0286,0.0000,0.0000
11203,C2,broken_down,495,2.4750,-0.0035,0.1285,0,4.8333,1,1.0000,0.0000,0.6990,35.7139,1.5936,-0.0231,0.0000,0.0000
11204,C2,broken_down,441,2.2050,-0.0040,0.1302,0,5.2727,1,0.9848,0.0182,0.7052,41.3923,1.4801,0.0166,0.0000,0.0000
11205,C2,broken_down,498,2.4900,-0.0074,0.1155,0,2.7000,1,1.0000,0.0000,0.7249,35.8255,1.6612,0.1840,0.0000,0.0000
11206,C2,stressed,495,2.4750,-0.0050,0.1217,0,4.7273,1,1.0000,0.0000,0.7152,35.2260,1.5272,0.0606,0.0000,0.0000
11207,C2,stressed,506,2.5300,-0.0038,0.1005,0,3.1875,1,1.0000,0.0000,0.7253,37.1499,1.6664,-0.0434,0.0000,0.0000
11208,C2,adaptive,478,2.3900,-0.0017,0.1018,0,3.0625,1,1.0000,0.0000,0.6967,34.2883,1.9409,-0.0957,0.0000,0.0000
11209,C2,stressed,480,2.4000,-0.0054,0.1118,0,3.7692,1,1.0000,0.0000,0.6937,35.0120,1.5917,0.0796,0.0000,0.0000
11210,C2,stressed,475,2.3750,-0.0020,0.1096,0,3.8462,1,1.0000,0.0000,0.6779,35.9224,1.4965,0.0511,0.0000,0.0000
11211,C2,broken_down,476,2.3800,-0.0036,0.1229,0,5.0000,1,1.0000,0.0000,0.7185,36.4094,1.8715,0.0735,0.0000,0.0000
11212,C2,adaptive,490,2.4500,-0.0043,0.1248,0,3.6429,1,1.0000,0.0000,0.7388,36.8232,1.7275,0.1537,0.0000,0.0000
11213,C2,adaptive,504,2.5200,-0.0018,0.1190,0,4.0000,1,1.0000,0.0000,0.6746,35.7206,1.2773,-0.0536,0.0000,0.0000
11214,C2,stressed,472,2.3600,-0.0071,0.1158,0,2.8889,1,1.0000,0.0000,0.7034,33.1506,1.5493,0.1132,0.0000,0.0000
11215,C2,broken_down,510,2.5500,-0.0080,0.1059,0,4.4167,1,1.0000,0.0000,0.6882,38.8177,1.9732,0.1073,0.0000,0.0000
11216,C2,adaptive,489,2.4450,-0.0028,0.1259,0,4.7500,1,1.0000,0.0000,0.7055,33.4493,1.9157,0.0399,0.0000,0.0000
11217,C2,stressed,495,2.4750,-0.0074,0.0877,0,2.9412,1,1.0000,0.0000,0.7212,34.2409,1.9582,0.1556,0.0000,0.0000
11218,C2,adaptive,498,2.4900,-0.0044,0.1349,0,4.4615,1,1.0000,0.0000,0.7269,39.1602,1.7073,0.1267,0.0000,0.0000
11219,C2,stressed,479,2.3950,-0.0043,0.1240,0,5.0909,1,1.0000,0.0000,0.6994,36.0478,1.8373,0.0388,0.0000,0.0000
11220,C2,adaptive,478,2.3900,-0.0063,0.0896,0,2.5000,1,1.0000,0.0000,0.7071,38.9911,1.9706,-0.0256,0.0000,0.0000
11221,C2,stressed,462,2.3100,-0.0034,0.1313,0,3.7692,1,1.0000,0.0000,0.6602,40.9311,1.6445,-0.0702,0.0000,0.0000
11222,C2,broken_down,477,2.3850,-0.0055,0.1116,0,3.0588,1,1.0000,0.0000,0.7170,41.7281,1.6060,0.1579,0.0000,0.0000
11223,C2,broken_down,492,2.4600,-0.0041,0.1277,0,4.2500,1,1.0000,0.0000,0.6606,45.0431,1.7203,0.0784,0.0000,0.0000
11224,C2,adaptive,502,2.5100,-0.0032,0.0956,0,2.4545,1,1.0000,0.0000,0.7271,35.6493,1.6173,0.0171,0.0000,0.0000
11225,C2,adaptive,486,2.4300,-0.0061,0.1317,0,3.7059,1,1.0000,0.0000,0.7119,38.4133,1.6021,0.0897,0.0000,0.0000
11226,C2,stressed,506,2.5300,-0.0034,0.1005,0,3.8462,1,1.0000,0.0000,0.6858,32.8761,1.5270,0.0216,0.0000,0.0000
11227,C2,stressed,469,2.3450,-0.0031,0.1359,0,3.7143,1,1.0000,0.0000,0.6866,39.4534,1.3655,0.1620,0.0000,0.0000
11228,C2,adaptive,488,2.4400,-0.0045,0.1428,0,4.0000,1,1.0000,0.0000,0.7398,32.4543,1.6532,-0.0226,0.0000,0.0000
11229,C2,adaptive,487,2.4350,-0.0066,0.1223,0,3.5333,1,1.0000,0.0000,0.7043,36.4227,1.8780,-0.0543,0.0000,0.0000
11230,C2,stressed,480,2.4000,-0.0078,0.1198,0,3.5000,1,1.0000,0.0000,0.7104,34.1437,1.7369,0.1712,0.0000,0.0000
11231,C2,adaptive,505,2.5250,-0.0038,0.1114,0,3.3333,1,1.0000,0.0000,0.7050,32.6910,1.5687,0.0311,0.0000,0.0000
11232,C2,broken_down,477,2.3850,-0.0036,0.1165,0,4.5455,1,1.0000,0.0000,0.7233,36.0928,1.4650,0.0143,0.0000,0.0000
11233,C2,adaptive,473,2.3650,-0.0053,0.1390,0,4.4167,1,0.9848,0.0182,0.7273,34.9535,1.8074,0.0625,0.0000,0.0000
11234,C2,broken_down,497,2.4850,-0.0036,0.1226,0,4.8182,1,1.0000,0.0000,0.7062,36.8063,1.8245,0.1426,0.0000,0.0000
11235,C2,stressed,492,2.4600,-0.0065,0.1277,0,3.7857,1,1.0000,0.0000,0.6992,35.3983,2.1170,-0.0367,0.0000,0.0000
11236,C2,broken_down,460,2.3000,-0.0058,0.1207,0,4.9000,1,1.0000,0.0000,0.6891,33.3502,2.0491,-0.0776,0.0000,0.0000
11237,C2,adaptive,467,2.3350,-0.0030,0.1387,0,3.7857,1,1.0000,0.0000,0.6574,41.0619,1.8186,0.1915,0.0000,0.0000
11238,C2,adaptive,474,2.3700,-0.0044,0.1283,0,3.7857,1,1.0000,0.0000,0.6857,36.1231,1.5268,0.0384,0.0000,0.0000
11239,C2,stressed,457,2.2850,-0.0059,0.1413,0,4.5000,1,0.9697,0.0364,0.7396,38.7101,1.3626,0.0198,0.0000,0.0000
11240,C2,broken_down,519,2.5950,-0.0038,0.1119,0,3.9286,1,1.0000,0.0000,0.7418,36.8338,1.6352,0.2022,0.0000,0.0000
11241,C2,adaptive,505,2.5250,-0.0040,0.1074,0,3.7333,1,1.0000,0.0000,0.7089,37.6229,1.8420,-0.1232,0.0000,0.0000
11242,C2,stressed,496,2.4800,-0.0030,0.1213,0,3.2941,1,1.0000,0.0000,0.7077,35.1766,1.6007,0.0568,0.0000,0.0000
11243,C2,stressed,479,2.3950,-0.0071,0.1209,0,3.9286,1,1.0000,0.0000,0.7015,33.4762,1.8465,0.1684,0.0000,0.0000
11244,C2,adaptive,488,2.4400,-0.0061,0.1079,0,3.2500,1,1.0000,0.0000,0.7295,33.1039,1.4763,0.0489,0.0000,0.0000
11245,C2,broken_down,480,2.4000,-0.0051,0.1139,0,3.2353,1,1.0000,0.0000,0.6958,38.2784,1.7069,0.1428,0.0000,0.0000
11246,C2,adaptive,530,2.6500,-0.0019,0.0965,0,3.0000,1,1.0000,0.0000,0.6906,34.8142,1.5759,0.0300,0.0000,0.0000
11247,C2,stressed,503,2.5150,-0.0037,0.1274,0,3.6667,1,1.0000,0.0000,0.7058,34.5775,1.4726,0.0292,0.0000,0.0000
11248,C2,adaptive,494,2.4700,-0.0049,0.0786,0,2.7647,1,1.0000,0.0000,0.7206,35.8652,1.5179,0.1025,0.0000,0.0000
11249,C2,broken_down,491,2.4550,-0.0036,0.1458,0,3.7333,1,1.0000,0.0000,0.7169,34.1023,1.8464,0.0544,0.0000,0.0000
11250,C2,broken_down,463,2.3150,-0.0018,0.1377,0,6.2500,1,1.0000,0.0000,0.6868,36.5849,1.8851,0.0443,0.0000,0.0000
11251,C2,broken_down,471,2.3550,-0.0029,0.1067,0,3.6429,1,1.0000,0.0000,0.7240,38.1701,1.6493,0.0696,0.0000,0.0000
11252,C2,adaptive,490,2.4500,-0.0039,0.1408,0,5.6000,1,1.0000,0.0000,0.6980,35.4854,1.5126,-0.0109,0.0000,0.0000
11253,C2,broken_down,494,2.4700,-0.0039,0.0958,0,5.0000,1,1.0000,0.0000,0.7024,36.0000,1.7129,0.0802,0.0000,0.0000
11254,C2,stressed,486,2.4300,-0.0059,0.1478,0,9.1667,1,1.0000,0.0000,0.6523,33.6341,1.9141,0.0477,0.0000,0.0000
11255,C2,broken_down,484,2.4200,-0.0057,0.1243,0,4.2143,1,1.0000,0.0000,0.6839,36.1601,1.7428,0.1687,0.0000,0.0000
11256,C2,adaptive,511,2.5550,-0.0047,0.0987,0,3.1250,1,1.0000,0.0000,0.7280,33.8441,1.9897,0.1185,0.0000,0.0000
11257,C2,broken_down,475,2.3750,-0.0064,0.1072,0,3.4667,1,0.9848,0.0182,0.6947,36.8576,1.7918,0.0988,0.0000,0.0000
11258,C2,broken_down,473,2.3650,-0.0028,0.1217,0,4.7273,1,1.0000,0.0000,0.6808,35.7733,1.6557,0.1361,0.0000,0.0000
11259,C2,adaptive,516,2.5800,-0.0038,0.1059,0,3.9231,1,1.0000,0.0000,0.7132,38.6250,1.7476,0.0218,0.0000,0.0000
11260,C2,broken_down,484,2.4200,-0.0043,0.1002,0,4.6364,1,1.0000,0.0000,0.6942,37.7262,1.6079,0.0777,0.0000,0.0000
11261,C2,broken_down,504,2.5200,-0.0014,0.1015,0,5.6667,1,0.9848,0.0182,0.7004,33.9320,1.6642,-0.0382,0.0000,0.0000
11262,C2,adaptive,465,2.3250,-0.0050,0.1188,0,3.5000,1,0.9848,0.0182,0.7183,37.8443,1.6086,0.0666,0.0000,0.0000
11263,C2,adaptive,478,2.3900,-0.0043,0.1478,0,6.0000,1,1.0000,0.0000,0.7134,35.0059,1.6094,0.0250,0.0000,0.0000
11264,C2,broken_down,477,2.3850,-0.0059,0.1218,0,3.6429,1,1.0000,0.0000,0.7044,38.5655,1.5737,0.1318,0.0000,0.0000
11265,C2,broken_down,508,2.5400,-0.0037,0.0958,0,3.5333,1,1.0000,0.0000,0.7264,34.0434,1.7641,0.0987,0.0000,0.0000
11266,C2,broken_down,479,2.3950,-0.0054,0.1366,0,4.3846,1,1.0000,0.0000,0.6743,35.0712,1.8392,0.0580,0.0000,0.0000
11267,C2,broken_down,459,2.2950,-0.0067,0.1222,0,4.5455,1,1.0000,0.0000,0.6732,35.6214,1.5880,0.1202,0.0000,0.0000
11268,C2,adaptive,485,2.4250,-0.0027,0.1246,0,4.2500,1,1.0000,0.0000,0.7072,35.2449,1.6379,-0.0257,0.0000,0.0000
11269,C2,broken_down,522,2.6100,-0.0042,0.1082,0,4.0769,1,1.0000,0.0000,0.7050,37.8913,2.2525,-0.0588,0.0000,0.0000
11270,C2,broken_down,521,2.6050,-0.0066,0.1480,0,5.3333,1,1.0000,0.0000,0.7044,38.5531,1.9321,0.0093,0.0000,0.0000
11271,C2,stressed,469,2.3450,-0.0041,0.1224,0,3.9231,1,1.0000,0.0000,0.7015,35.5502,1.4166,-0.0329,0.0000,0.0000
11272,C2,stressed,500,2.5000,-0.0041,0.0937,0,3.5714,1,1.0000,0.0000,0.7620,37.0814,1.6743,0.0774,0.0000,0.0000
11273,C2,adaptive,484,2.4200,-0.0066,0.1178,0,3.6000,1,1.0000,0.0000,0.7025,37.0206,1.6241,0.0782,0.0000,0.0000
11274,C2,adaptive,440,2.2000,-0.0031,0.1330,0,5.8750,1,1.0000,0.0000,0.6773,37.6544,1.4672,-0.0327,0.0000,0.0000
11275,C2,stressed,438,2.1900,-0.0007,0.1328,0,3.7692,1,1.0000,0.0000,0.6667,37.7842,1.8391,0.0738,0.0000,0.0000
11276,C2,broken_down,450,2.2500,-0.0054,0.1130,0,3.5385,1,1.0000,0.0000,0.6667,38.6833,1.6028,0.0691,0.0000,0.0000
11277,C2,adaptive,476,2.3800,-0.0052,0.1106,0,3.7692,1,1.0000,0.0000,0.6744,33.4019,1.6386,0.1022,0.0000,0.0000
11278,C2,stable,534,2.6700,-0.0041,0.1183,0,4.3077,1,1.0000,0.0000,0.7116,32.4079,1.7608,0.0956,0.0000,0.0000
11279,C2,stressed,472,2.3600,-0.0073,0.1063,0,3.2667,1,1.0000,0.0000,0.6547,32.8738,1.6331,-0.0165,0.0000,0.0000
11280,C2,adaptive,473,2.3650,-0.0052,0.1101,0,3.5000,1,1.0000,0.0000,0.6786,35.5047,1.4240,0.0603,0.0000,0.0000
11281,C2,broken_down,480,2.4000,-0.0045,0.1128,0,4.3636,1,1.0000,0.0000,0.6750,37.4043,2.0459,0.0752,0.0000,0.0000
11282,C2,broken_down,476,2.3800,-0.0052,0.1506,0,6.4444,1,1.0000,0.0000,0.6912,38.1277,1.8234,0.0041,0.0000,0.0000
11283,C2,adaptive,487,2.4350,-0.0050,0.1237,0,3.9286,1,1.0000,0.0000,0.6940,39.2456,1.8516,0.0541,0.0000,0.0000
11284,C2,adaptive,493,2.4650,-0.0072,0.1053,0,4.5000,1,1.0000,0.0000,0.7039,38.2738,1.4384,0.2189,0.0000,0.0000
11285,C2,broken_down,497,2.4850,-0.0034,0.1142,0,4.0000,1,1.0000,0.0000,0.7223,35.4847,1.7370,0.1029,0.0000,0.0000
11286,C2,broken_down,464,2.3200,-0.0026,0.1096,0,3.2667,1,1.0000,0.0000,0.6530,37.7888,1.4564,0.0465,0.0000,0.0000
11287,C2,broken_down,502,2.5100,-0.0059,0.1378,0,4.5000,1,1.0000,0.0000,0.7390,35.5040,1.6997,0.0233,0.0000,0.0000
11288,C2,adaptive,459,2.2950,-0.0007,0.0851,0,3.0000,1,1.0000,0.0000,0.7037,35.6192,1.6617,-0.0218,0.0000,0.0000
11289,C2,stressed,491,2.4550,-0.0074,0.1241,0,4.6364,1,1.0000,0.0000,0.7108,38.1891,1.8616,0.0809,0.0000,0.0000
11290,C2,adaptive,455,2.2750,-0.0045,0.0951,0,3.3571,1,1.0000,0.0000,0.6945,37.4494,1.6901,0.0474,0.0000,0.0000
11291,C2,adaptive,471,2.3550,-0.0032,0.1063,0,3.2000,1,1.0000,0.0000,0.6985,35.8085,1.6382,0.1654,0.0000,0.0000
11292,C2,stressed,451,2.2550,-0.0039,0.1140,0,3.3571,1,1.0000,0.0000,0.6718,34.2805,1.7016,-0.0155,0.0000,0.0000
11293,C2,broken_down,464,2.3200,-0.0032,0.1437,0,4.7500,1,0.9848,0.0182,0.7220,34.4716,1.9101,0.1125,0.0000,0.0000
11294,C2,broken_down,494,2.4700,-0.0074,0.1110,0,4.1667,1,0.9848,0.0182,0.7024,35.7176,1.8529,0.1744,0.0000,0.0000
11295,C2,adaptive,498,2.4900,-0.0042,0.1044,0,4.0833,1,1.0000,0.0000,0.7068,37.5455,1.7404,0.0452,0.0000,0.0000
11296,C2,stressed,485,2.4250,-0.0061,0.1548,0,5.7000,1,1.0000,0.0000,0.7010,33.9324,1.6178,0.0137,0.0000,0.0000
11297,C2,adaptive,491,2.4550,-0.0035,0.1390,0,4.9167,1,1.0000,0.0000,0.7312,34.3760,1.6205,-0.0194,0.0000,0.0000
11298,C2,adaptive,466,2.3300,-0.0072,0.1305,0,3.4375,1,1.0000,0.0000,0.7124,37.8946,1.6865,0.1666,0.0000,0.0000
11299,C2,stressed,503,2.5150,-0.0078,0.1178,0,4.5833,1,1.0000,0.0000,0.6918,36.5517,1.6500,0.0943,0.0000,0.0000
11300,C2,broken_down,487,2.4350,-0.0043,0.1323,0,10.0000,1,0.9848,0.0182,0.6879,36.4418,1.5606,0.1369,0.0000,0.0000
11301,C2,stressed,496,2.4800,-0.0047,0.1156,0,3.4000,1,1.0000,0.0000,0.7198,37.7423,1.7474,0.0654,0.0000,0.0000
11302,C2,broken_down,514,2.5700,-0.0043,0.1093,0,2.8947,1,1.0000,0.0000,0.6984,35.4485,1.8582,0.0124,0.0000,0.0000
11303,C2,stressed,479,2.3950,-0.0032,0.1000,0,3.1875,1,1.0000,0.0000,0.6848,35.1067,1.6024,0.0163,0.0000,0.0000
11304,C2,broken_down,445,2.2250,-0.0034,0.1406,0,3.9231,1,1.0000,0.0000,0.7101,39.3323,1.7049,0.0407,0.0000,0.0000
11305,C2,stressed,509,2.5450,-0.0021,0.1210,0,4.8182,1,1.0000,0.0000,0.7191,38.0820,1.8015,0.0992,0.0000,0.0000
11306,C2,adaptive,503,2.5150,-0.0061,0.1188,0,4.0000,1,1.0000,0.0000,0.7197,34.2099,1.7452,0.1121,0.0000,0.0000
11307,C2,adaptive,477,2.3850,-0.0042,0.1371,0,5.6667,1,1.0000,0.0000,0.6960,39.4428,1.5097,0.1081,0.0000,0.0000
11308,C2,broken_down,472,2.3600,-0.0048,0.1306,0,3.7857,1,1.0000,0.0000,0.6631,37.7827,1.7994,0.0740,0.0000,0.0000
11309,C2,stressed,479,2.3950,-0.0054,0.1049,0,2.6667,1,1.0000,0.0000,0.6868,30.8845,1.7443,0.0280,0.0000,0.0000
11310,C2,broken_down,494,2.4700,-0.0021,0.0803,0,2.9375,1,1.0000,0.0000,0.7227,32.7647,1.7336,0.0015,0.0000,0.0000
11311,C2,adaptive,493,2.4650,-0.0030,0.1462,0,5.4000,1,1.0000,0.0000,0.6673,34.9331,1.5682,-0.0695,0.0000,0.0000
11312,C2,stressed,492,2.4600,-0.0047,0.1047,0,3.4000,1,1.0000,0.0000,0.6728,35.7795,1.9879,0.1633,0.0000,0.0000
11313,C2,broken_down,492,2.4600,-0.0037,0.1121,0,3.7692,1,1.0000,0.0000,0.6768,32.8048,1.8738,-0.0523,0.0000,0.0000
11314,C2,adaptive,453,2.2650,-0.0065,0.0955,0,2.5556,1,1.0000,0.0000,0.7329,36.3163,1.4783,0.1446,0.0000,0.0000
11315,C2,broken_down,465,2.3250,-0.0002,0.1464,0,4.6364,1,0.9848,0.0182,0.7075,37.5714,1.6710,-0.0405,0.0000,0.0000
11316,C2,adaptive,505,2.5250,-0.0022,0.1097,0,4.0000,1,1.0000,0.0000,0.6931,35.3886,1.7694,0.0607,0.0000,0.0000
11317,C2,adaptive,499,2.4950,-0.0038,0.1010,0,3.6923,1,1.0000,0.0000,0.7034,36.4302,1.6320,0.0595,0.0000,0.0000
11318,C2,broken_down,472,2.3600,-0.0040,0.1363,0,4.7273,1,1.0000,0.0000,0.6674,39.8000,1.6758,-0.0236,0.0000,0.0000
11319,C2,broken_down,477,2.3850,-0.0073,0.1092,0,3.6429,1,1.0000,0.0000,0.7086,36.3284,1.5741,0.0962,0.0000,0.0000
11320,C2,broken_down,481,2.4050,-0.0047,0.1256,0,4.8182,1,1.0000,0.0000,0.6736,35.1204,1.3279,0.0527,0.0000,0.0000
11321,C2,adaptive,490,2.4500,-0.0039,0.1041,0,4.2500,1,1.0000,0.0000,0.7388,37.5028,1.7158,-0.0060,0.0000,0.0000
11322,C2,broken_down,467,2.3350,-0.0038,0.1304,0,4.8333,1,1.0000,0.0000,0.7024,37.5213,1.8761,0.1379,0.0000,0.0000
11323,C2,adaptive,446,2.2300,-0.0059,0.1039,0,2.6471,1,1.0000,0.0000,0.6951,39.5194,1.6026,0.0698,0.0000,0.0000
11324,C2,adaptive,456,2.2800,-0.0074,0.1265,0,4.0833,1,1.0000,0.0000,0.7018,37.5031,1.8755,0.0857,0.0000,0.0000
11325,C2,adaptive,470,2.3500,-0.0023,0.1266,0,4.5000,1,1.0000,0.0000,0.6723,37.2310,1.3622,0.1139,0.0000,0.0000
11326,C2,broken_down,489,2.4450,-0.0080,0.1512,0,3.9333,1,1.0000,0.0000,0.7055,36.9681,1.6517,0.0818,0.0000,0.0000
11327,C2,adaptive,509,2.5450,-0.0024,0.0945,0,4.7273,1,1.0000,0.0000,0.6758,38.4767,1.9713,0.1048,0.0000,0.0000
11328,C2,adaptive,467,2.3350,-0.0040,0.0987,0,2.5556,1,1.0000,0.0000,0.7323,36.9591,1.5567,0.0647,0.0000,0.0000
11329,C2,stressed,469,2.3450,-0.0038,0.1189,0,3.7692,1,1.0000,0.0000,0.6716,42.2127,1.7513,0.0018,0.0000,0.0000
11330,C2,stable,487,2.4350,-0.0021,0.1241,0,3.3750,1,1.0000,0.0000,0.7577,39.3306,1.6109,0.1205,0.0000,0.0000
11331,C2,stressed,501,2.5050,-0.0049,0.1219,0,4.4167,1,1.0000,0.0000,0.7305,35.7787,1.6577,0.1670,0.0000,0.0000
11332,C2,adaptive,474,2.3700,-0.0030,0.0928,0,2.8750,1,1.0000,0.0000,0.6857,37.8923,1.7984,0.1012,0.0000,0.0000
11333,C2,stressed,491,2.4550,-0.0041,0.1074,0,4.5455,1,1.0000,0.0000,0.7230,35.0761,1.7000,0.2215,0.0000,0.0000
11334,C2,broken_down,514,2.5700,-0.0040,0.1012,0,4.0000,1,1.0000,0.0000,0.7179,31.7344,1.9875,0.0570,0.0000,0.0000
11335,C2,broken_down,525,2.6250,-0.0047,0.1081,0,4.1538,1,1.0000,0.0000,0.7181,33.3263,1.9697,0.0453,0.0000,0.0000
11336,C2,broken_down,488,2.4400,-0.0037,0.1014,0,6.8571,1,1.0000,0.0000,0.7541,34.0707,1.8073,0.0404,0.0000,0.0000
11337,C2,stressed,475,2.3750,-0.0022,0.1089,0,4.0833,1,1.0000,0.0000,0.7074,40.4018,1.7424,0.0182,0.0000,0.0000
11338,C2,broken_down,487,2.4350,-0.0045,0.1117,0,2.7778,1,1.0000,0.0000,0.6715,34.9144,1.7373,-0.0021,0.0000,0.0000
11339,C2,broken_down,524,2.6200,-0.0053,0.1116,0,4.0667,1,1.0000,0.0000,0.7290,36.0812,1.7570,0.1161,0.0000,0.0000
11340,C2,adaptive,512,2.5600,-0.0014,0.1208,0,4.4167,1,1.0000,0.0000,0.7383,34.3889,1.7371,0.0342,0.0000,0.0000
11341,C2,adaptive,514,2.5700,-0.0031,0.1135,0,3.6667,1,1.0000,0.0000,0.7393,33.5026,1.8606,-0.0300,0.0000,0.0000
11342,C2,broken_down,488,2.4400,-0.0050,0.1137,0,3.3333,1,0.9848,0.0182,0.7275,35.4423,1.7916,-0.0011,0.0000,0.0000
11343,C2,broken_down,474,2.3700,-0.0072,0.1157,0,2.1667,1,0.9848,0.0182,0.7152,35.9823,1.6079,0.0525,0.0000,0.0000
11344,C2,stressed,462,2.3100,-0.0026,0.1079,0,3.5385,1,1.0000,0.0000,0.6840,36.1076,1.5935,0.0909,0.0000,0.0000
11345,C2,broken_down,487,2.4350,-0.0043,0.1158,0,6.8750,1,0.9848,0.0182,0.7331,34.0336,1.7908,0.0042,0.0000,0.0000
11346,C2,broken_down,503,2.5150,-0.0051,0.1194,0,8.8333,1,1.0000,0.0000,0.6859,32.7913,1.6934,-0.0140,0.0000,0.0000
11347,C2,stressed,493,2.4650,-0.0041,0.1303,0,3.8571,1,1.0000,0.0000,0.7404,37.6219,1.7233,0.0000,0.0000,0.0000
11348,C2,adaptive,510,2.5500,-0.0046,0.1092,0,4.0769,1,1.0000,0.0000,0.7686,36.9031,1.8720,0.0774,0.0000,0.0000
11349,C2,stressed,506,2.5300,-0.0051,0.1107,0,3.7857,1,1.0000,0.0000,0.7213,34.1205,1.6469,0.0027,0.0000,0.0000
11350,C2,adaptive,458,2.2900,-0.0052,0.1259,0,3.8462,1,1.0000,0.0000,0.7031,35.3354,1.5734,0.1716,0.0000,0.0000
11351,C2,broken_down,494,2.4700,-0.0088,0.1258,0,3.0000,1,1.0000,0.0000,0.7247,39.7821,1.7348,0.1396,0.0000,0.0000
11352,C2,adaptive,528,2.6400,-0.0031,0.1345,0,5.2727,1,1.0000,0.0000,0.6913,33.2904,1.6841,0.0125,0.0000,0.0000
11353,C2,stressed,486,2.4300,-0.0029,0.1269,0,4.8182,1,1.0000,0.0000,0.7202,37.9943,1.7268,0.0822,0.0000,0.0000
11354,C2,stressed,501,2.5050,-0.0032,0.1236,0,3.2500,1,1.0000,0.0000,0.7246,36.4821,1.5221,-0.0226,0.0000,0.0000
11355,C2,stressed,481,2.4050,-0.0022,0.1298,0,3.4667,1,1.0000,0.0000,0.7152,36.1860,1.7046,0.0670,0.0000,0.0000
11356,C2,adaptive,531,2.6550,-0.0064,0.1106,0,3.6471,1,1.0000,0.0000,0.7401,35.2926,1.6713,-0.0089,0.0000,0.0000
11357,C2,adaptive,467,2.3350,-0.0010,0.1472,0,5.0000,1,1.0000,0.0000,0.6916,34.1827,1.5529,0.0224,0.0000,0.0000
11358,C2,broken_down,533,2.6650,-0.0041,0.1215,0,4.3571,1,1.0000,0.0000,0.7261,37.2196,1.6789,0.0910,0.0000,0.0000
11359,C2,adaptive,463,2.3150,-0.0026,0.1348,0,4.2500,1,1.0000,0.0000,0.6890,32.6583,1.7152,-0.0152,0.0000,0.0000
11360,C2,broken_down,488,2.4400,-0.0036,0.1257,0,5.7778,1,1.0000,0.0000,0.6988,32.7185,1.9140,0.0719,0.0000,0.0000
11361,C2,stressed,475,2.3750,-0.0059,0.1360,0,3.8571,1,1.0000,0.0000,0.7137,39.0796,1.8592,0.0722,0.0000,0.0000
11362,C2,adaptive,465,2.3250,-0.0053,0.1443,0,3.5000,1,1.0000,0.0000,0.6989,35.1754,1.5890,0.0489,0.0000,0.0000
11363,C2,stressed,476,2.3800,-0.0050,0.1289,0,3.6667,1,1.0000,0.0000,0.7038,36.6388,1.5486,0.2349,0.0000,0.0000
11364,C2,adaptive,503,2.5150,-0.0017,0.1228,0,4.0769,1,1.0000,0.0000,0.7177,38.0083,1.8068,0.0778,0.0000,0.0000
11365,C2,broken_down,483,2.4150,-0.0078,0.1099,0,5.0000,1,1.0000,0.0000,0.6646,34.5857,1.8058,0.0997,0.0000,0.0000
11366,C2,broken_down,460,2.3000,-0.0004,0.1275,0,3.3333,1,1.0000,0.0000,0.6283,33.4983,1.9959,-0.1349,0.0000,0.0000
11367,C2,adaptive,493,2.4650,-0.0031,0.1313,0,4.0000,1,1.0000,0.0000,0.6957,35.9504,1.6152,0.0734,0.0000,0.0000
11368,C2,broken_down,459,2.2950,-0.0043,0.1080,0,3.9231,1,1.0000,0.0000,0.6885,33.6108,1.9275,0.1170,0.0000,0.0000
11369,C2,stressed,486,2.4300,-0.0041,0.0984,0,3.9231,1,1.0000,0.0000,0.6914,37.6815,1.8437,0.1377,0.0000,0.0000
11370,C2,stressed,495,2.4750,-0.0045,0.0995,0,3.5714,1,1.0000,0.0000,0.6949,31.5291,1.8279,0.1566,0.0000,0.0000
11371,C2,stressed,501,2.5050,-0.0042,0.1203,0,4.9091,1,1.0000,0.0000,0.7066,30.5339,1.6705,-0.0897,0.0000,0.0000
11372,C2,stressed,494,2.4700,-0.0021,0.1157,0,6.0000,1,1.0000,0.0000,0.7166,35.6525,1.6574,-0.0667,0.0000,0.0000
11373,C2,stressed,488,2.4400,-0.0073,0.1308,0,3.6429,1,1.0000,0.0000,0.7029,33.3965,1.8116,0.0822,0.0000,0.0000
11374,C2,stressed,482,2.4100,-0.0032,0.0923,0,3.5000,1,1.0000,0.0000,0.7241,38.6390,1.8357,0.0494,0.0000,0.0000
11375,C2,adaptive,499,2.4950,-0.0038,0.1181,0,3.9286,1,1.0000,0.0000,0.7074,32.2068,1.9546,0.1438,0.0000,0.0000
11376,C2,broken_down,462,2.3100,-0.0032,0.1328,0,4.4167,1,1.0000,0.0000,0.6905,35.3260,1.8230,0.0032,0.0000,0.0000
11377,C2,broken_down,519,2.5950,-0.0052,0.1061,0,4.3333,1,0.9848,0.0182,0.7572,33.9338,1.7997,-0.0400,0.0000,0.0000
11378,C2,adaptive,486,2.4300,-0.0068,0.1121,0,3.6429,1,0.9848,0.0182,0.6996,34.1676,1.7425,0.1748,0.0000,0.0000
11379,C2,stressed,500,2.5000,-0.0067,0.1063,0,3.3750,1,0.9848,0.0182,0.7120,34.9972,1.8665,-0.0797,0.0000,0.0000
11380,C2,adaptive,482,2.4100,-0.0051,0.1425,0,4.0769,1,1.0000,0.0000,0.6950,35.4328,1.4335,0.1307,0.0000,0.0000
11381,C2,stressed,449,2.2450,-0.0050,0.1104,0,3.4286,1,0.9848,0.0182,0.7327,38.8541,1.5657,0.1120,0.0000,0.0000
11382,C2,adaptive,492,2.4600,-0.0039,0.0938,0,2.8235,1,1.0000,0.0000,0.7358,35.8812,1.6129,0.0468,0.0000,0.0000
11383,C2,adaptive,439,2.1950,-0.0043,0.1107,0,3.3846,1,1.0000,0.0000,0.7130,39.9297,1.8283,-0.0269,0.0000,0.0000
11384,C2,broken_down,484,2.4200,-0.0041,0.1236,0,3.6000,1,1.0000,0.0000,0.6942,37.1190,1.7460,0.1064,0.0000,0.0000
11385,C2,stressed,454,2.2700,-0.0045,0.1362,0,3.6429,1,1.0000,0.0000,0.7181,36.4724,1.6315,0.0400,0.0000,0.0000
11386,C2,broken_down,481,2.4050,-0.0058,0.1069,0,2.6316,1,1.0000,0.0000,0.6944,37.8413,1.4626,0.1318,0.0000,0.0000
11387,C2,adaptive,482,2.4100,-0.0064,0.1158,0,3.1875,1,1.0000,0.0000,0.7116,33.8455,1.4388,0.0303,0.0000,0.0000
11388,C2,adaptive,486,2.4300,-0.0031,0.1252,0,5.3000,1,1.0000,0.0000,0.6811,33.6495,1.5307,0.0581,0.0000,0.0000
11389,C2,stressed,510,2.5500,-0.0034,0.1284,0,3.6875,1,1.0000,0.0000,0.6588,38.4107,1.7276,0.1368,0.0000,0.0000
11390,C2,stressed,500,2.5000,-0.0004,0.1053,0,4.1667,1,1.0000,0.0000,0.7400,33.9378,1.5341,0.0370,0.0000,0.0000
11391,C2,adaptive,479,2.3950,-0.0020,0.1279,0,6.0000,1,1.0000,0.0000,0.6827,32.8869,1.9512,0.0166,0.0000,0.0000
11392,C2,stressed,474,2.3700,-0.0043,0.1382,0,4.3077,1,1.0000,0.0000,0.6814,35.8762,1.8823,0.0355,0.0000,0.0000
11393,C2,adaptive,486,2.4300,-0.0072,0.1193,0,4.2308,1,1.0000,0.0000,0.7016,39.2727,1.5530,0.2141,0.0000,0.0000
11394,C2,adaptive,514,2.5700,-0.0060,0.1209,0,3.3125,1,1.0000,0.0000,0.7529,35.1292,1.9815,0.0521,0.0000,0.0000
11395,C2,broken_down,479,2.3950,-0.0045,0.1126,0,3.8462,1,1.0000,0.0000,0.6994,34.7104,1.6786,0.0969,0.0000,0.0000
11396,C2,adaptive,487,2.4350,-0.0078,0.1022,0,3.4667,1,1.0000,0.0000,0.7043,36.4082,2.0321,0.1543,0.0000,0.0000
11397,C2,broken_down,478,2.3900,-0.0041,0.1360,0,3.9286,1,1.0000,0.0000,0.6548,38.8147,1.5124,-0.1092,0.0000,0.0000
11398,C2,broken_down,504,2.5200,-0.0032,0.1359,0,4.8462,1,1.0000,0.0000,0.6944,35.7171,1.6159,0.0299,0.0000,0.0000
11399,C2,broken_down,495,2.4750,-0.0055,0.1160,0,4.9091,1,1.0000,0.0000,0.7071,33.2229,1.5495,0.1154,0.0000,0.0000
11400,C2,adaptive,472,2.3600,-0.0031,0.1501,0,4.4167,1,1.0000,0.0000,0.7161,37.8343,1.6053,0.1577,0.0000,0.0000
11401,C2,stressed,504,2.5200,-0.0030,0.1134,0,5.7778,1,1.0000,0.0000,0.7262,32.8415,1.9862,0.0025,0.0000,0.0000
11402,C2,adaptive,475,2.3750,-0.0074,0.1409,0,3.3750,1,1.0000,0.0000,0.6737,40.6375,1.3826,0.2175,0.0000,0.0000
11403,C2,stressed,482,2.4100,-0.0020,0.0989,0,3.5000,1,1.0000,0.0000,0.7054,33.1059,1.7107,0.1064,0.0000,0.0000
11404,C2,stressed,455,2.2750,-0.0043,0.1174,0,4.2500,1,1.0000,0.0000,0.6989,37.5314,1.5106,-0.0306,0.0000,0.0000
11405,C2,adaptive,464,2.3200,-0.0035,0.1110,0,3.5000,1,1.0000,0.0000,0.7263,34.0059,1.7854,0.0489,0.0000,0.0000
11406,C2,broken_down,454,2.2700,-0.0048,0.1241,0,3.6923,1,1.0000,0.0000,0.6718,39.2951,1.4605,0.1284,0.0000,0.0000
11407,C2,stressed,473,2.3650,-0.0020,0.1182,0,3.5000,1,1.0000,0.0000,0.7188,35.2559,1.7448,0.0319,0.0000,0.0000
11408,C2,broken_down,482,2.4100,-0.0049,0.1393,0,8.0000,1,1.0000,0.0000,0.7241,34.6991,1.7445,0.0236,0.0000,0.0000
11409,C2,adaptive,499,2.4950,-0.0021,0.1114,0,5.0000,1,1.0000,0.0000,0.7355,33.3760,1.8493,0.0547,0.0000,0.0000
11410,C2,broken_down,457,2.2850,-0.0023,0.1486,0,4.6364,1,1.0000,0.0000,0.7090,39.8241,1.6062,-0.0424,0.0000,0.0000
11411,C2,adaptive,484,2.4200,-0.0051,0.1026,0,3.4667,1,1.0000,0.0000,0.6550,35.7161,1.8655,0.1509,0.0000,0.0000
11412,C2,stressed,503,2.5150,-0.0018,0.1115,0,5.3000,1,1.0000,0.0000,0.7197,34.5166,1.8872,-0.0716,0.0000,0.0000
11413,C2,adaptive,478,2.3900,-0.0049,0.1433,0,5.0000,1,1.0000,0.0000,0.7008,36.7821,1.7199,0.0141,0.0000,0.0000
11414,C2,adaptive,506,2.5300,-0.0026,0.1446,0,4.6923,1,1.0000,0.0000,0.7292,36.4986,1.9136,-0.1354,0.0000,0.0000
11415,C2,broken_down,501,2.5050,-0.0025,0.1209,0,4.0769,1,1.0000,0.0000,0.7186,34.6750,1.6967,-0.1411,0.0000,0.0000
11416,C2,broken_down,488,2.4400,-0.0043,0.1038,0,3.3750,1,1.0000,0.0000,0.6803,32.2108,1.4183,0.0870,0.0000,0.0000
11417,C2,adaptive,471,2.3550,-0.0040,0.1304,0,4.8333,1,1.0000,0.0000,0.7197,38.1711,1.6363,0.1150,0.0000,0.0000
11418,C2,adaptive,492,2.4600,-0.0040,0.1446,0,5.0909,1,1.0000,0.0000,0.7154,35.7102,1.8702,-0.0261,0.0000,0.0000
11419,C2,adaptive,484,2.4200,-0.0034,0.0988,0,3.5333,1,1.0000,0.0000,0.7479,37.1105,1.7517,-0.0246,0.0000,0.0000
11420,C2,adaptive,490,2.4500,-0.0032,0.1194,0,5.5556,1,0.9848,0.0182,0.7163,34.7607,1.5350,0.1324,0.0000,0.0000
11421,C2,stable,479,2.3950,-0.0040,0.1042,0,2.8824,1,1.0000,0.0000,0.7056,37.4467,1.5287,0.0581,0.0000,0.0000
11422,C2,adaptive,483,2.4150,-0.0060,0.1182,0,3.1875,1,1.0000,0.0000,0.7640,36.7588,1.7844,-0.0106,0.0000,0.0000
11423,C2,adaptive,459,2.2950,-0.0067,0.1287,0,4.4167,1,1.0000,0.0000,0.6841,36.4968,1.7085,0.0866,0.0000,0.0000
11424,C2,adaptive,491,2.4550,-0.0031,0.1315,0,5.6000,1,1.0000,0.0000,0.6273,32.3344,1.7543,0.0988,0.0000,0.0000
11425,C2,broken_down,486,2.4300,-0.0026,0.1207,0,5.1000,1,1.0000,0.0000,0.6955,35.2663,1.8171,-0.0153,0.0000,0.0000
11426,C2,broken_down,488,2.4400,-0.0047,0.1230,0,4.8182,1,1.0000,0.0000,0.6906,31.6231,1.5826,0.1550,0.0000,0.0000
11427,C2,adaptive,502,2.5100,-0.0044,0.0823,0,3.0000,1,1.0000,0.0000,0.6932,32.3391,2.1589,-0.0393,0.0000,0.0000
11428,C2,adaptive,499,2.4950,-0.0046,0.1224,0,4.5000,1,1.0000,0.0000,0.7134,34.9522,2.0245,-0.0593,0.0000,0.0000
11429,C2,broken_down,474,2.3700,-0.0022,0.1340,0,8.1429,1,1.0000,0.0000,0.6814,37.7926,1.4888,0.0021,0.0000,0.0000
11430,C2,adaptive,472,2.3600,-0.0023,0.1038,0,2.5500,1,1.0000,0.0000,0.7606,36.8384,1.3834,0.2340,0.0000,0.0000
11431,C2,adaptive,517,2.5850,-0.0040,0.1098,0,5.7778,1,1.0000,0.0000,0.6905,34.8515,1.9629,0.1895,0.0000,0.0000
11432,C2,broken_down,505,2.5250,-0.0056,0.1144,0,4.3333,1,1.0000,0.0000,0.7584,33.3420,1.7017,0.1647,0.0000,0.0000
11433,C2,adaptive,479,2.3950,-0.0036,0.1432,0,3.6667,1,1.0000,0.0000,0.6681,36.1094,1.7795,0.1258,0.0000,0.0000
11434,C2,adaptive,470,2.3500,-0.0050,0.1181,0,3.7857,1,1.0000,0.0000,0.6979,35.3262,1.5709,-0.0160,0.0000,0.0000
11435,C2,stressed,495,2.4750,-0.0035,0.1163,0,3.4667,1,1.0000,0.0000,0.7111,35.7188,1.7509,0.0292,0.0000,0.0000
11436,C2,stressed,496,2.4800,-0.0027,0.1213,0,3.3529,1,1.0000,0.0000,0.6835,35.1770,1.8888,0.0701,0.0000,0.0000
11437,C2,adaptive,461,2.3050,-0.0060,0.0761,0,2.3889,1,1.0000,0.0000,0.6703,33.7282,1.5247,0.1398,0.0000,0.0000
11438,C2,adaptive,494,2.4700,-0.0036,0.1191,0,4.3077,1,1.0000,0.0000,0.7267,36.0947,1.7057,0.0221,0.0000,0.0000
11439,C2,broken_down,454,2.2700,-0.0010,0.1142,0,2.8889,1,1.0000,0.0000,0.6982,38.7823,1.7074,0.0782,0.0000,0.0000
11440,C2,broken_down,492,2.4600,-0.0034,0.1148,0,3.3333,1,1.0000,0.0000,0.7195,38.0678,1.4995,0.2090,0.0000,0.0000
11441,C2,broken_down,486,2.4300,-0.0076,0.1307,0,5.6000,1,1.0000,0.0000,0.6728,34.0979,1.6739,0.1180,0.0000,0.0000
11442,C2,stressed,515,2.5750,-0.0055,0.0940,0,3.0000,1,1.0000,0.0000,0.6932,34.7619,2.0105,0.0369,0.0000,0.0000
11443,C2,adaptive,494,2.4700,-0.0069,0.0985,0,2.9412,1,1.0000,0.0000,0.6984,34.5304,1.8797,0.0013,0.0000,0.0000
11444,C2,stressed,513,2.5650,-0.0054,0.1093,0,2.8889,1,1.0000,0.0000,0.6979,33.0922,1.5842,0.0065,0.0000,0.0000
11445,C2,stressed,487,2.4350,-0.0054,0.0960,0,2.8235,1,1.0000,0.0000,0.7146,40.1149,1.6295,0.2175,0.0000,0.0000
11446,C2,broken_down,498,2.4900,-0.0051,0.1332,0,4.5000,1,1.0000,0.0000,0.6466,39.8323,1.7140,0.0858,0.0000,0.0000
11447,C2,broken_down,456,2.2800,-0.0027,0.1213,0,4.2727,1,1.0000,0.0000,0.6645,32.4257,1.6292,0.1513,0.0000,0.0000
11448,C2,adaptive,486,2.4300,-0.0053,0.1180,0,4.7273,1,1.0000,0.0000,0.6770,31.7872,1.8040,0.0683,0.0000,0.0000
11449,C2,broken_down,512,2.5600,-0.0028,0.1504,0,5.1818,1,1.0000,0.0000,0.7656,34.5204,1.9322,-0.0380,0.0000,0.0000
11450,C2,broken_down,461,2.3050,-0.0080,0.1296,0,4.2500,1,1.0000,0.0000,0.7007,35.3034,1.7608,0.0369,0.0000,0.0000
11451,C2,broken_down,502,2.5100,-0.0033,0.1371,0,3.1579,1,1.0000,0.0000,0.7151,34.3705,1.6949,0.0541,0.0000,0.0000
11452,C2,stable,479,2.3950,-0.0039,0.1300,0,4.7273,1,1.0000,0.0000,0.6743,36.5139,1.6008,0.0997,0.0000,0.0000
11453,C2,adaptive,483,2.4150,-0.0024,0.1316,0,6.6250,1,1.0000,0.0000,0.6977,41.0119,2.1345,-0.0808,0.0000,0.0000
11454,C2,adaptive,468,2.3400,-0.0018,0.1222,0,3.1875,1,1.0000,0.0000,0.6774,35.3312,2.0317,-0.0082,0.0000,0.0000
11455,C2,adaptive,479,2.3950,-0.0072,0.1077,0,2.9412,1,1.0000,0.0000,0.7349,35.5312,1.6056,0.2482,0.0000,0.0000
11456,C2,broken_down,461,2.3050,-0.0048,0.1101,0,2.4762,1,1.0000,0.0000,0.7354,40.1534,1.5668,-0.0156,0.0000,0.0000
11457,C2,stressed,501,2.5050,-0.0059,0.0980,0,2.8824,1,1.0000,0.0000,0.7086,34.5493,1.6013,-0.0021,0.0000,0.0000
11458,C2,broken_down,494,2.4700,-0.0061,0.1130,0,5.1000,1,1.0000,0.0000,0.6923,33.5000,1.5532,0.0537,0.0000,0.0000
11459,C2,adaptive,488,2.4400,-0.0035,0.1428,0,3.8571,1,1.0000,0.0000,0.7008,37.8333,1.6204,0.1252,0.0000,0.0000
11460,C2,adaptive,491,2.4550,-0.0053,0.1230,0,5.0000,1,1.0000,0.0000,0.6925,33.2912,1.8706,0.0692,0.0000,0.0000
11461,C2,adaptive,509,2.5450,-0.0016,0.1200,0,4.4167,1,1.0000,0.0000,0.7210,38.4332,1.6879,0.0629,0.0000,0.0000
11462,C2,adaptive,456,2.2800,-0.0064,0.1170,0,4.0000,1,1.0000,0.0000,0.7083,36.7926,1.4622,0.0500,0.0000,0.0000
11463,C2,adaptive,492,2.4600,-0.0063,0.1169,0,2.6842,1,1.0000,0.0000,0.7337,34.3435,1.8019,0.0563,0.0000,0.0000
11464,C2,adaptive,501,2.5050,-0.0063,0.1040,0,3.9231,1,1.0000,0.0000,0.7066,33.2571,1.6668,0.1629,0.0000,0.0000
11465,C2,adaptive,488,2.4400,-0.0062,0.1171,0,3.3125,1,1.0000,0.0000,0.7172,33.0343,1.4943,0.0462,0.0000,0.0000
11466,C2,broken_down,461,2.3050,-0.0009,0.1224,0,3.4667,1,1.0000,0.0000,0.7223,39.3874,1.6136,0.0427,0.0000,0.0000
11467,C2,stressed,496,2.4800,-0.0000,0.1102,0,4.1538,1,1.0000,0.0000,0.7218,37.1648,1.8634,-0.0189,0.0000,0.0000
11468,C2,broken_down,504,2.5200,-0.0029,0.0962,0,3.0625,1,0.9848,0.0182,0.7163,36.0720,1.7711,0.0825,0.0000,0.0000
11469,C2,stressed,489,2.4450,-0.0018,0.1259,0,4.0769,1,1.0000,0.0000,0.7280,37.1152,1.9580,0.0264,0.0000,0.0000
11470,C2,adaptive,516,2.5800,-0.0045,0.1114,0,4.1538,1,1.0000,0.0000,0.7461,35.2052,1.6498,-0.0470,0.0000,0.0000
11471,C2,stressed,481,2.4050,-0.0033,0.1225,0,3.7143,1,1.0000,0.0000,0.6757,33.8000,1.6762,0.0615,0.0000,0.0000
11472,C2,stressed,514,2.5700,-0.0056,0.1715,0,5.7273,1,1.0000,0.0000,0.6965,32.6089,1.8384,0.0347,0.0000,0.0000
11473,C2,stressed,516,2.5800,-0.0036,0.1134,0,3.9286,1,1.0000,0.0000,0.6647,34.6764,1.7810,0.0609,0.0000,0.0000
11474,C2,adaptive,500,2.5000,-0.0054,0.1100,0,2.7000,1,1.0000,0.0000,0.7120,34.9298,1.4979,0.0888,0.0000,0.0000
11475,C2,adaptive,469,2.3450,-0.0071,0.0986,0,3.0625,1,1.0000,0.0000,0.7036,34.1545,1.8671,0.2014,0.0000,0.0000
11476,C2,adaptive,518,2.5900,-0.0072,0.0991,0,3.0588,1,1.0000,0.0000,0.7239,35.7867,2.0097,0.0849,0.0000,0.0000
11477,C2,adaptive,455,2.2750,-0.0039,0.1196,0,3.7692,1,1.0000,0.0000,0.6857,39.0609,1.3984,0.0318,0.0000,0.0000
11478,C2,broken_down,442,2.2100,-0.0034,0.1222,0,4.1667,1,1.0000,0.0000,0.6833,37.1788,1.6859,-0.0089,0.0000,0.0000
11479,C2,adaptive,457,2.2850,-0.0082,0.1278,0,4.2500,1,1.0000,0.0000,0.6696,36.6176,1.6108,0.0020,0.0000,0.0000
11480,C2,stressed,475,2.3750,-0.0038,0.1335,0,4.7273,1,0.9848,0.0182,0.7368,34.8514,1.7648,-0.0641,0.0000,0.0000
11481,C2,adaptive,484,2.4200,-0.0045,0.1291,0,4.9091,1,1.0000,0.0000,0.6901,38.4910,1.6420,0.1235,0.0000,0.0000
11482,C2,stressed,455,2.2750,-0.0027,0.0914,0,2.6316,1,1.0000,0.0000,0.7253,36.6970,1.1781,-0.1045,0.0000,0.0000
11483,C2,adaptive,444,2.2200,-0.0045,0.1160,0,3.6154,1,1.0000,0.0000,0.6644,36.8305,1.6901,0.0656,0.0000,0.0000
11484,C2,stressed,485,2.4250,-0.0028,0.0933,0,2.5789,1,1.0000,0.0000,0.7258,35.0199,1.5369,-0.0432,0.0000,0.0000
11485,C2,broken_down,496,2.4800,-0.0036,0.1250,0,3.3750,1,1.0000,0.0000,0.7298,34.7818,1.5225,-0.0489,0.0000,0.0000
11486,C2,broken_down,505,2.5250,-0.0063,0.1041,0,3.6000,1,1.0000,0.0000,0.7010,35.4915,1.8598,0.0435,0.0000,0.0000
11487,C2,adaptive,487,2.4350,-0.0027,0.1354,0,7.6250,1,1.0000,0.0000,0.6694,34.4908,1.5147,-0.0469,0.0000,0.0000
11488,C2,adaptive,491,2.4550,-0.0040,0.1356,0,3.4375,1,1.0000,0.0000,0.6904,34.7493,1.8857,-0.1165,0.0000,0.0000
11489,C2,broken_down,518,2.5900,-0.0030,0.1123,0,4.4167,1,1.0000,0.0000,0.7124,33.2114,1.6311,0.0166,0.0000,0.0000
11490,C2,adaptive,492,2.4600,-0.0052,0.0976,0,2.7895,1,1.0000,0.0000,0.7175,36.3116,1.8871,0.0162,0.0000,0.0000
11491,C2,broken_down,480,2.4000,-0.0026,0.1330,0,4.7273,1,1.0000,0.0000,0.6750,34.4846,1.5106,-0.0708,0.0000,0.0000
11492,C2,adaptive,486,2.4300,-0.0024,0.1228,0,3.6429,1,1.0000,0.0000,0.6872,38.2844,1.8804,-0.0646,0.0000,0.0000
11493,C2,adaptive,526,2.6300,-0.0028,0.1343,0,4.3077,1,1.0000,0.0000,0.7091,35.9625,1.7313,0.1252,0.0000,0.0000
11494,C2,broken_down,509,2.5450,-0.0001,0.1230,0,4.2143,1,0.9848,0.0182,0.7328,33.4692,1.9659,-0.0484,0.0000,0.0000
11495,C2,broken_down,457,2.2850,-0.0037,0.1271,0,3.5000,1,1.0000,0.0000,0.7155,37.1590,1.7065,0.1072,0.0000,0.0000
11496,C2,stressed,478,2.3900,-0.0031,0.0893,0,3.2000,1,1.0000,0.0000,0.7448,36.9607,2.0811,-0.0075,0.0000,0.0000
11497,C2,stressed,475,2.3750,-0.0061,0.1089,0,4.5455,1,1.0000,0.0000,0.7242,35.3517,1.7331,0.1228,0.0000,0.0000
11498,C2,stressed,503,2.5150,-0.0021,0.1320,0,3.2353,1,1.0000,0.0000,0.6958,37.6457,2.0161,0.1253,0.0000,0.0000
11499,C2,stressed,483,2.4150,-0.0029,0.0909,0,2.5263,1,1.0000,0.0000,0.7391,34.7647,1.7369,-0.0430,0.0000,0.0000
11500,C2,adaptive,501,2.5050,-0.0039,0.1136,0,4.3333,1,1.0000,0.0000,0.6687,35.4955,1.6157,0.1086,0.0000,0.0000
11501,C2,stressed,487,2.4350,-0.0051,0.0922,0,2.6667,1,1.0000,0.0000,0.7023,35.9240,1.4209,0.1373,0.0000,0.0000
11502,C2,broken_down,506,2.5300,-0.0052,0.1173,0,3.0000,1,1.0000,0.0000,0.7194,37.7555,1.3708,0.0783,0.0000,0.0000
11503,C2,adaptive,488,2.4400,-0.0038,0.0973,0,3.8462,1,1.0000,0.0000,0.6967,37.1853,1.5091,-0.0010,0.0000,0.0000
11504,C2,stressed,485,2.4250,-0.0024,0.1077,0,4.2500,1,0.9848,0.0182,0.6825,36.5740,1.8457,0.1089,0.0000,0.0000
11505,C2,adaptive,481,2.4050,-0.0033,0.1180,0,4.9091,1,1.0000,0.0000,0.6819,34.0915,1.6861,-0.0133,0.0000,0.0000
11506,C2,stressed,513,2.5650,-0.0035,0.1041,0,3.9231,1,1.0000,0.0000,0.7466,31.9817,2.0820,0.0508,0.0000,0.0000
11507,C2,broken_down,480,2.4000,-0.0056,0.1042,0,2.6000,1,1.0000,0.0000,0.6792,40.4724,1.9467,-0.0096,0.0000,0.0000
11508,C2,broken_down,468,2.3400,-0.0021,0.1392,0,4.2308,1,1.0000,0.0000,0.6538,34.1536,1.6629,0.0110,0.0000,0.0000
11509,C2,adaptive,501,2.5050,-0.0016,0.1033,0,3.3125,1,1.0000,0.0000,0.7246,34.7107,1.5714,0.0260,0.0000,0.0000
11510,C2,broken_down,486,2.4300,-0.0035,0.1447,0,4.0714,1,1.0000,0.0000,0.7140,36.9424,1.4816,0.1219,0.0000,0.0000
11511,C2,stressed,484,2.4200,-0.0031,0.1119,0,4.0000,1,0.9697,0.0364,0.7417,34.8858,1.7553,0.0597,0.0000,0.0000
11512,C2,adaptive,501,2.5050,-0.0054,0.1169,0,4.0769,1,1.0000,0.0000,0.7106,32.2781,1.7659,-0.0312,0.0000,0.0000
11513,C2,adaptive,497,2.4850,-0.0019,0.1071,0,4.5833,1,1.0000,0.0000,0.6942,36.4145,1.5340,0.1590,0.0000,0.0000
11514,C2,stressed,444,2.2200,-0.0047,0.0995,0,3.5714,1,1.0000,0.0000,0.6937,40.1786,1.5735,-0.0709,0.0000,0.0000
11515,C2,adaptive,476,2.3800,-0.0021,0.1607,0,6.6667,1,0.9848,0.0182,0.6681,32.7547,1.5524,-0.0281,0.0000,0.0000
11516,C2,broken_down,489,2.4450,-0.0022,0.1406,0,4.3077,1,0.9848,0.0182,0.6933,38.5428,1.5058,-0.0199,0.0000,0.0000
11517,C2,broken_down,482,2.4100,-0.0051,0.1124,0,3.8462,1,0.9848,0.0182,0.7386,41.0787,1.5080,-0.0069,0.0000,0.0000
11518,C2,adaptive,501,2.5050,-0.0045,0.1296,0,2.9474,1,1.0000,0.0000,0.6906,36.6561,1.8277,0.0684,0.0000,0.0000
11519,C2,stressed,446,2.2300,-0.0024,0.1192,0,3.4286,1,1.0000,0.0000,0.6749,36.0598,1.5097,0.0552,0.0000,0.0000
11520,C2,stressed,487,2.4350,-0.0054,0.1436,0,4.0769,1,0.9697,0.0364,0.7372,38.6490,2.0169,0.0697,0.0000,0.0000
11521,C2,adaptive,463,2.3150,-0.0054,0.0967,0,2.8824,1,1.0000,0.0000,0.6609,35.2810,1.7174,0.0612,0.0000,0.0000
11522,C2,adaptive,492,2.4600,-0.0051,0.1528,0,6.0000,1,1.0000,0.0000,0.7195,38.3588,1.6970,0.0287,0.0000,0.0000
11523,C2,broken_down,477,2.3850,-0.0027,0.1326,0,4.4167,1,1.0000,0.0000,0.6918,37.1818,1.7112,0.0574,0.0000,0.0000
11524,C2,adaptive,511,2.5550,-0.0033,0.1221,0,4.0769,1,1.0000,0.0000,0.7006,32.0978,1.8158,-0.1211,0.0000,0.0000
11525,C2,stressed,477,2.3850,-0.0026,0.1088,0,3.5714,1,1.0000,0.0000,0.6960,38.7380,1.5743,0.0307,0.0000,0.0000
11526,C2,broken_down,498,2.4900,-0.0015,0.1295,0,4.9091,1,1.0000,0.0000,0.7149,35.1938,1.8483,0.0992,0.0000,0.0000
11527,C2,stressed,519,2.5950,-0.0063,0.1065,0,3.7333,1,1.0000,0.0000,0.7225,34.5573,1.7590,0.0951,0.0000,0.0000
11528,C2,adaptive,482,2.4100,-0.0051,0.0920,0,2.5263,1,1.0000,0.0000,0.7158,37.4812,1.9731,0.1051,0.0000,0.0000
11529,C2,broken_down,484,2.4200,-0.0016,0.1550,0,7.3333,1,1.0000,0.0000,0.6901,37.7365,1.5493,0.0683,0.0000,0.0000
11530,C2,stressed,461,2.3050,-0.0045,0.1227,0,3.5714,1,1.0000,0.0000,0.6855,35.6930,1.6926,0.1573,0.0000,0.0000
11531,C2,adaptive,476,2.3800,-0.0030,0.1446,0,4.3077,1,1.0000,0.0000,0.6639,36.1203,1.6789,-0.0929,0.0000,0.0000
11532,C2,adaptive,467,2.3350,-0.0063,0.1365,0,4.3333,1,1.0000,0.0000,0.6874,44.9813,1.7494,0.1406,0.0000,0.0000
11533,C2,adaptive,445,2.2250,-0.0026,0.1260,0,3.4000,1,1.0000,0.0000,0.6966,34.6032,1.7815,0.0722,0.0000,0.0000
11534,C2,broken_down,498,2.4900,-0.0039,0.1285,0,5.0909,1,1.0000,0.0000,0.6647,34.5861,1.3781,0.0639,0.0000,0.0000
11535,C2,stressed,460,2.3000,-0.0033,0.1373,0,3.6667,1,1.0000,0.0000,0.6457,33.7172,1.6643,0.0021,0.0000,0.0000
11536,C2,stressed,510,2.5500,-0.0059,0.1023,0,3.9231,1,0.9848,0.0182,0.7235,31.8537,2.1923,0.1905,0.0000,0.0000
11537,C2,adaptive,491,2.4550,-0.0013,0.1064,0,4.9000,1,1.0000,0.0000,0.7006,37.3576,1.6462,-0.0178,0.0000,0.0000
11538,C2,stressed,485,2.4250,-0.0047,0.1215,0,4.8182,1,0.9848,0.0182,0.6845,33.4669,1.3766,-0.0085,0.0000,0.0000
11539,C2,stressed,505,2.5250,-0.0041,0.1289,0,4.2143,1,1.0000,0.0000,0.7129,34.7694,2.0105,0.1041,0.0000,0.0000
11540,C2,adaptive,489,2.4450,-0.0025,0.1051,0,3.5714,1,1.0000,0.0000,0.7035,40.2965,1.7361,0.0317,0.0000,0.0000
11541,C2,adaptive,487,2.4350,-0.0021,0.1134,0,5.7778,1,1.0000,0.0000,0.7351,35.6173,1.7216,-0.0759,0.0000,0.0000
11542,C2,broken_down,493,2.4650,-0.0019,0.1013,0,3.9231,1,1.0000,0.0000,0.6856,34.3994,1.6311,-0.0830,0.0000,0.0000
11543,C2,adaptive,486,2.4300,-0.0038,0.0809,0,5.1111,1,1.0000,0.0000,0.7202,32.6429,1.4816,0.0581,0.0000,0.0000
11544,C2,adaptive,508,2.5400,-0.0052,0.1155,0,4.4167,1,1.0000,0.0000,0.7283,35.4000,2.0877,0.0238,0.0000,0.0000
11545,C2,broken_down,451,2.2550,-0.0047,0.1295,0,3.5714,1,1.0000,0.0000,0.6851,39.8479,1.2986,0.1168,0.0000,0.0000
11546,C2,broken_down,499,2.4950,-0.0072,0.1298,0,3.8667,1,1.0000,0.0000,0.6613,33.7212,1.8337,0.1316,0.0000,0.0000
11547,C2,broken_down,493,2.4650,-0.0064,0.1202,0,3.4667,1,1.0000,0.0000,0.6978,33.2762,1.5987,0.1108,0.0000,0.0000
11548,C2,stressed,491,2.4550,-0.0052,0.1247,0,4.4286,1,1.0000,0.0000,0.7312,39.5794,1.7362,0.0062,0.0000,0.0000
11549,C2,broken_down,501,2.5050,-0.0040,0.1099,0,3.7857,1,1.0000,0.0000,0.6986,31.9486,1.7442,0.0761,0.0000,0.0000
11550,C2,stressed,447,2.2350,-0.0050,0.1068,0,3.1333,1,1.0000,0.0000,0.6756,40.3179,1.4038,0.0872,0.0000,0.0000
11551,C2,adaptive,497,2.4850,-0.0059,0.1018,0,2.7895,1,1.0000,0.0000,0.7062,35.5128,1.3081,0.2269,0.0000,0.0000
11552,C2,stressed,509,2.5450,-0.0040,0.1223,0,4.0000,1,1.0000,0.0000,0.7132,39.5702,1.7196,0.0301,0.0000,0.0000
11553,C2,adaptive,476,2.3800,-0.0035,0.0931,0,3.4286,1,1.0000,0.0000,0.7458,33.2338,1.6620,-0.0535,0.0000,0.0000
11554,C2,adaptive,481,2.4050,-0.0017,0.1194,0,3.2353,1,1.0000,0.0000,0.6778,37.2423,1.6209,-0.0372,0.0000,0.0000
11555,C2,stressed,488,2.4400,-0.0018,0.1038,0,4.0833,1,1.0000,0.0000,0.7070,37.8725,2.0410,-0.0784,0.0000,0.0000
11556,C2,adaptive,523,2.6150,-0.0023,0.1095,0,4.4167,1,0.9848,0.0182,0.7266,41.4447,1.7837,0.0165,0.0000,0.0000
11557,C2,stressed,491,2.4550,-0.0057,0.1156,0,2.7778,1,1.0000,0.0000,0.7393,33.6446,1.8229,0.0141,0.0000,0.0000
11558,C2,adaptive,491,2.4550,-0.0043,0.1346,0,5.5455,1,1.0000,0.0000,0.6965,36.7047,2.2093,-0.0807,0.0000,0.0000
11559,C2,stressed,481,2.4050,-0.0049,0.1117,0,3.5333,1,1.0000,0.0000,0.6985,36.4286,1.7962,0.0327,0.0000,0.0000
11560,C2,adaptive,498,2.4900,-0.0053,0.1315,0,4.5833,1,1.0000,0.0000,0.7088,32.0482,2.0491,-0.0046,0.0000,0.0000
11561,C2,broken_down,470,2.3500,-0.0050,0.1472,0,6.5000,1,1.0000,0.0000,0.6723,33.1203,2.0869,0.0324,0.0000,0.0000
11562,C2,broken_down,474,2.3700,-0.0018,0.1101,0,5.1000,1,1.0000,0.0000,0.7152,32.7139,1.4854,0.0991,0.0000,0.0000
11563,C2,adaptive,518,2.5900,-0.0048,0.1120,0,4.1538,1,1.0000,0.0000,0.7162,35.2668,1.6993,-0.0256,0.0000,0.0000
11564,C2,adaptive,475,2.3750,-0.0057,0.1139,0,4.3077,1,1.0000,0.0000,0.6737,36.5156,1.8808,0.0744,0.0000,0.0000
11565,C2,adaptive,463,2.3150,-0.0021,0.1175,0,3.6923,1,1.0000,0.0000,0.6652,34.5390,1.5362,0.0438,0.0000,0.0000
11566,C2,broken_down,502,2.5100,-0.0043,0.1301,0,6.2222,1,1.0000,0.0000,0.6912,36.7723,1.7176,-0.0707,0.0000,0.0000
11567,C2,adaptive,496,2.4800,-0.0039,0.1062,0,3.1176,1,1.0000,0.0000,0.7419,33.5788,1.7622,0.1043,0.0000,0.0000
11568,C2,stressed,466,2.3300,-0.0042,0.1144,0,3.2000,1,1.0000,0.0000,0.6373,40.9630,1.4704,0.0836,0.0000,0.0000
11569,C2,broken_down,501,2.5050,-0.0053,0.1176,0,3.0588,1,1.0000,0.0000,0.7046,32.5297,1.7798,-0.0265,0.0000,0.0000
11570,C2,adaptive,469,2.3450,-0.0052,0.1256,0,3.4375,1,1.0000,0.0000,0.6567,37.4286,1.8928,-0.0415,0.0000,0.0000
11571,C2,broken_down,508,2.5400,-0.0030,0.1306,0,3.6250,1,1.0000,0.0000,0.7028,35.4902,1.7439,0.1343,0.0000,0.0000
11572,C2,stressed,496,2.4800,-0.0032,0.1146,0,3.0000,1,1.0000,0.0000,0.7036,34.2865,1.6850,-0.0022,0.0000,0.0000
11573,C2,broken_down,462,2.3100,-0.0049,0.1126,0,3.6429,1,1.0000,0.0000,0.7078,33.0122,1.6107,0.0739,0.0000,0.0000
11574,C2,adaptive,462,2.3100,-0.0005,0.1035,0,3.9167,1,1.0000,0.0000,0.6991,36.1796,1.5999,-0.0999,0.0000,0.0000
11575,C2,adaptive,492,2.4600,-0.0034,0.1446,0,5.0000,1,1.0000,0.0000,0.6809,33.7343,1.7153,0.1077,0.0000,0.0000
11576,C2,adaptive,463,2.3150,-0.0063,0.1463,0,6.0000,1,1.0000,0.0000,0.6825,36.1614,1.8280,0.0041,0.0000,0.0000
11577,C2,stressed,512,2.5600,-0.0013,0.1156,0,4.9167,1,1.0000,0.0000,0.7285,33.5442,1.9774,0.0202,0.0000,0.0000
11578,C2,broken_down,471,2.3550,-0.0050,0.1407,0,4.8182,1,0.9848,0.0182,0.6921,37.1994,1.3806,0.0399,0.0000,0.0000
11579,C2,stressed,472,2.3600,-0.0039,0.1190,0,3.5000,1,1.0000,0.0000,0.7373,38.3966,1.4965,0.1800,0.0000,0.0000
11580,C2,adaptive,483,2.4150,-0.0035,0.1310,0,4.0769,1,1.0000,0.0000,0.7371,35.4522,1.9331,-0.0088,0.0000,0.0000
11581,C2,broken_down,486,2.4300,-0.0033,0.1039,0,3.0588,1,1.0000,0.0000,0.7181,39.4441,1.8697,0.0535,0.0000,0.0000
11582,C2,broken_down,474,2.3700,-0.0030,0.1772,0,5.2727,1,1.0000,0.0000,0.7004,35.4307,1.7194,-0.0267,0.0000,0.0000
11583,C2,stressed,489,2.4450,-0.0037,0.1300,0,4.4615,1,1.0000,0.0000,0.7321,37.8715,1.9193,0.1286,0.0000,0.0000
11584,C2,adaptive,504,2.5200,-0.0060,0.1369,0,3.7857,1,1.0000,0.0000,0.6984,34.9460,1.8166,-0.0295,0.0000,0.0000
11585,C2,broken_down,468,2.3400,-0.0030,0.1100,0,4.8000,1,1.0000,0.0000,0.6902,33.9907,1.5629,-0.0064,0.0000,0.0000
11586,C2,broken_down,480,2.4000,-0.0026,0.1337,0,7.7143,1,1.0000,0.0000,0.6667,34.7656,1.6541,0.0741,0.0000,0.0000
11587,C2,stressed,501,2.5050,-0.0027,0.0963,0,3.3125,1,1.0000,0.0000,0.7265,33.8132,1.4663,0.1132,0.0000,0.0000
11588,C2,stressed,506,2.5300,-0.0049,0.1001,0,3.7857,1,1.0000,0.0000,0.7036,32.1854,1.5572,0.0325,0.0000,0.0000
11589,C2,broken_down,475,2.3750,-0.0054,0.0907,0,2.7222,1,1.0000,0.0000,0.7074,37.3810,1.5532,0.0462,0.0000,0.0000
11590,C2,adaptive,485,2.4250,-0.0048,0.1314,0,3.4667,1,1.0000,0.0000,0.7113,36.5768,1.6050,0.0003,0.0000,0.0000
11591,C2,broken_down,452,2.2600,-0.0071,0.1346,0,4.2500,1,1.0000,0.0000,0.6881,38.2379,1.4747,0.1002,0.0000,0.0000
11592,C2,broken_down,448,2.2400,-0.0051,0.1336,0,5.1000,1,0.9848,0.0182,0.6629,39.2761,1.6936,0.0473,0.0000,0.0000
11593,C2,stressed,519,2.5950,-0.0076,0.0923,0,3.5333,1,1.0000,0.0000,0.7283,34.4286,1.7132,0.2151,0.0000,0.0000
11594,C2,broken_down,515,2.5750,-0.0045,0.0921,0,3.6429,1,1.0000,0.0000,0.7223,35.2769,1.9121,-0.0270,0.0000,0.0000
11595,C2,stressed,444,2.2200,-0.0057,0.1389,0,2.6316,1,1.0000,0.0000,0.6689,35.8519,1.6276,-0.0283,0.0000,0.0000
11596,C2,adaptive,470,2.3500,-0.0030,0.1202,0,4.0833,1,1.0000,0.0000,0.6872,37.5325,1.6884,0.0846,0.0000,0.0000
11597,C2,broken_down,477,2.3850,-0.0009,0.1476,0,5.7000,1,1.0000,0.0000,0.6709,33.6531,1.6428,0.0564,0.0000,0.0000
11598,C2,adaptive,480,2.4000,-0.0050,0.1028,0,2.7000,1,1.0000,0.0000,0.7042,41.3728,1.7055,0.1356,0.0000,0.0000
11599,C2,broken_down,469,2.3450,-0.0027,0.1260,0,4.0833,1,0.9848,0.0182,0.6866,38.3975,1.5924,-0.0805,0.0000,0.0000
11600,C2,broken_down,467,2.3350,-0.0025,0.1301,0,8.5000,1,1.0000,0.0000,0.7173,38.7791,1.8921,0.0149,0.0000,0.0000
11601,C2,adaptive,474,2.3700,-0.0044,0.1037,0,3.6154,1,1.0000,0.0000,0.6835,34.3704,1.4952,0.0484,0.0000,0.0000
11602,C2,adaptive,486,2.4300,-0.0033,0.1156,0,2.6190,1,1.0000,0.0000,0.6770,37.6292,1.7621,0.1105,0.0000,0.0000
11603,C2,adaptive,486,2.4300,-0.0026,0.1001,0,3.2667,1,1.0000,0.0000,0.7078,37.7907,2.0475,0.0807,0.0000,0.0000
11604,C2,adaptive,513,2.5650,-0.0042,0.1249,0,4.4286,1,1.0000,0.0000,0.7154,36.3188,1.8199,-0.0910,0.0000,0.0000
11605,C2,adaptive,457,2.2850,-0.0064,0.1129,0,4.1667,1,1.0000,0.0000,0.7133,38.3681,1.5314,0.0472,0.0000,0.0000
11606,C2,adaptive,488,2.4400,-0.0057,0.1489,0,4.2143,1,1.0000,0.0000,0.6885,36.6637,1.9687,-0.0075,0.0000,0.0000
11607,C2,stressed,492,2.4600,-0.0029,0.1009,0,4.0833,1,1.0000,0.0000,0.7337,34.0859,1.7821,0.1703,0.0000,0.0000
11608,C2,adaptive,514,2.5700,-0.0030,0.1089,0,4.0000,1,1.0000,0.0000,0.7237,33.3468,2.1949,0.0194,0.0000,0.0000
11609,C2,adaptive,494,2.4700,-0.0021,0.1043,0,3.9231,1,1.0000,0.0000,0.7105,36.6439,1.5337,0.0538,0.0000,0.0000
11610,C2,adaptive,486,2.4300,-0.0044,0.1296,0,3.7857,1,1.0000,0.0000,0.6872,38.3653,1.4204,0.1015,0.0000,0.0000
11611,C2,adaptive,506,2.5300,-0.0015,0.1304,0,5.6000,1,1.0000,0.0000,0.7213,35.3863,1.8625,-0.0453,0.0000,0.0000
11612,C2,adaptive,483,2.4150,-0.0029,0.1189,0,3.6429,1,1.0000,0.0000,0.6749,36.5675,1.6454,0.1581,0.0000,0.0000
11613,C2,broken_down,478,2.3900,-0.0062,0.1015,0,3.0625,1,1.0000,0.0000,0.6987,34.3802,1.8125,0.1020,0.0000,0.0000
11614,C2,broken_down,487,2.4350,-0.0031,0.1292,0,5.7778,1,1.0000,0.0000,0.7187,35.3200,1.9142,0.0940,0.0000,0.0000
11615,C2,broken_down,483,2.4150,-0.0051,0.1044,0,4.8000,1,1.0000,0.0000,0.6977,34.2374,1.5785,0.0084,0.0000,0.0000
11616,C2,broken_down,459,2.2950,-0.0055,0.1120,0,3.2667,1,1.0000,0.0000,0.6863,38.7429,1.5449,0.0482,0.0000,0.0000
11617,C2,broken_down,491,2.4550,-0.0076,0.1139,0,3.4375,1,1.0000,0.0000,0.7169,37.6080,1.9055,0.1074,0.0000,0.0000
11618,C2,broken_down,467,2.3350,-0.0016,0.1337,0,5.0909,1,1.0000,0.0000,0.6595,37.2662,1.7291,0.0196,0.0000,0.0000
11619,C2,adaptive,467,2.3350,-0.0053,0.1087,0,3.7692,1,1.0000,0.0000,0.6788,32.6120,1.6117,0.0030,0.0000,0.0000
11620,C2,stressed,474,2.3700,-0.0024,0.1027,0,4.3636,1,1.0000,0.0000,0.7468,39.0085,1.6929,-0.0091,0.0000,0.0000
11621,C2,stressed,459,2.2950,-0.0043,0.0989,0,3.6667,1,1.0000,0.0000,0.7190,39.2182,1.6997,0.0679,0.0000,0.0000
11622,C2,broken_down,496,2.4800,-0.0046,0.1163,0,4.2308,1,1.0000,0.0000,0.7379,32.5492,1.5774,-0.0313,0.0000,0.0000
11623,C2,adaptive,492,2.4600,-0.0030,0.0928,0,3.1111,1,1.0000,0.0000,0.7215,36.9577,1.7394,0.0223,0.0000,0.0000
11624,C2,adaptive,476,2.3800,-0.0050,0.1194,0,6.3750,1,1.0000,0.0000,0.7101,34.5118,1.8966,0.0687,0.0000,0.0000
11625,C2,stressed,491,2.4550,-0.0056,0.1336,0,3.5000,1,1.0000,0.0000,0.6782,32.4084,1.5046,0.1249,0.0000,0.0000
11626,C2,adaptive,487,2.4350,-0.0015,0.1028,0,5.2222,1,1.0000,0.0000,0.6920,35.0772,1.7679,0.0256,0.0000,0.0000
11627,C2,broken_down,496,2.4800,-0.0025,0.1179,0,5.2000,1,1.0000,0.0000,0.6794,34.7745,1.6484,0.0820,0.0000,0.0000
11628,C2,broken_down,448,2.2400,-0.0020,0.1150,0,2.6316,1,1.0000,0.0000,0.7254,41.6154,1.3216,-0.0203,0.0000,0.0000
11629,C2,adaptive,504,2.5200,-0.0022,0.1154,0,3.8571,1,1.0000,0.0000,0.6766,31.9238,1.7047,0.0457,0.0000,0.0000
11630,C2,stable,463,2.3150,-0.0021,0.1111,0,3.8571,1,1.0000,0.0000,0.7300,35.9675,1.7709,0.0194,0.0000,0.0000
11631,C2,adaptive,470,2.3500,-0.0050,0.0979,0,4.6000,1,1.0000,0.0000,0.7000,42.9514,2.0585,-0.0190,0.0000,0.0000
11632,C2,stressed,534,2.6700,-0.0009,0.0871,0,2.9444,1,1.0000,0.0000,0.7528,35.2388,1.9254,0.0296,0.0000,0.0000
11633,C2,adaptive,476,2.3800,-0.0026,0.0942,0,2.6111,1,1.0000,0.0000,0.7332,39.7135,1.7340,0.0582,0.0000,0.0000
11634,C2,broken_down,460,2.3000,-0.0060,0.1149,0,5.0000,1,1.0000,0.0000,0.6913,37.3585,1.4930,0.1357,0.0000,0.0000
11635,C2,adaptive,471,2.3550,-0.0035,0.0968,0,3.5385,1,1.0000,0.0000,0.6369,32.2367,1.5088,-0.0682,0.0000,0.0000
11636,C2,adaptive,500,2.5000,-0.0023,0.1430,0,3.8000,1,0.9848,0.0182,0.6800,33.3559,1.7256,0.0046,0.0000,0.0000
11637,C2,adaptive,495,2.4750,-0.0016,0.1049,0,2.7368,1,1.0000,0.0000,0.7131,34.3909,1.6291,0.0661,0.0000,0.0000
11638,C2,stressed,480,2.4000,-0.0044,0.1128,0,2.6316,1,1.0000,0.0000,0.6833,35.0610,1.8143,0.0121,0.0000,0.0000
11639,C2,adaptive,474,2.3700,-0.0024,0.1287,0,6.8750,1,0.9697,0.0364,0.7046,39.6018,1.5250,0.1768,0.0000,0.0000
11640,C2,broken_down,447,2.2350,-0.0025,0.1098,0,3.3571,1,1.0000,0.0000,0.6465,33.4844,1.5215,-0.0159,0.0000,0.0000
11641,C2,adaptive,539,2.6950,-0.0033,0.1303,0,8.7143,1,1.0000,0.0000,0.7477,30.9801,1.9023,-0.0265,0.0000,0.0000
11642,C2,stressed,479,2.3950,-0.0048,0.1171,0,4.5000,1,1.0000,0.0000,0.7035,37.6409,1.7010,0.0667,0.0000,0.0000
11643,C2,stressed,478,2.3900,-0.0019,0.1060,0,5.4444,1,1.0000,0.0000,0.6757,37.4737,1.8758,0.0051,0.0000,0.0000
11644,C2,broken_down,481,2.4050,-0.0015,0.1242,0,5.7778,1,0.9848,0.0182,0.7297,31.7350,1.8158,-0.0291,0.0000,0.0000
11645,C2,stressed,473,2.3650,-0.0021,0.1189,0,4.0769,1,1.0000,0.0000,0.6850,34.6204,1.7924,-0.1076,0.0000,0.0000
11646,C2,adaptive,492,2.4600,-0.0035,0.1175,0,3.7333,1,1.0000,0.0000,0.7256,34.6835,1.9951,0.0060,0.0000,0.0000
11647,C2,stressed,494,2.4700,-0.0041,0.1002,0,4.1667,1,1.0000,0.0000,0.7126,33.9006,1.9523,-0.0818,0.0000,0.0000
11648,C2,adaptive,464,2.3200,-0.0039,0.1142,0,4.0000,1,1.0000,0.0000,0.7069,35.1524,1.5121,0.0209,0.0000,0.0000
11649,C2,adaptive,508,2.5400,-0.0014,0.1168,0,3.5000,1,0.9848,0.0182,0.6969,33.7260,1.7315,-0.0247,0.0000,0.0000
11650,C2,broken_down,481,2.4050,-0.0059,0.1301,0,6.6250,1,1.0000,0.0000,0.7297,36.4729,1.8192,-0.0800,0.0000,0.0000
11651,C2,adaptive,492,2.4600,-0.0053,0.1419,0,3.5000,1,1.0000,0.0000,0.7175,35.8357,1.6977,0.1543,0.0000,0.0000
11652,C2,broken_down,461,2.3050,-0.0064,0.1166,0,4.9000,1,1.0000,0.0000,0.6833,35.3587,2.0018,0.0637,0.0000,0.0000
11653,C2,adaptive,472,2.3600,-0.0052,0.0946,0,3.0625,1,1.0000,0.0000,0.6801,37.2804,2.0800,0.0806,0.0000,0.0000
11654,C2,broken_down,503,2.5150,-0.0011,0.0979,0,4.0769,1,1.0000,0.0000,0.6958,31.7514,1.8049,0.0121,0.0000,0.0000
11655,C2,adaptive,485,2.4250,-0.0045,0.1187,0,3.7333,1,1.0000,0.0000,0.7216,40.1143,1.7857,-0.0575,0.0000,0.0000
11656,C2,stable,491,2.4550,-0.0030,0.1281,0,2.7895,1,1.0000,0.0000,0.7617,35.3262,1.8221,0.0272,0.0000,0.0000
11657,C2,adaptive,495,2.4750,-0.0056,0.1365,0,4.1429,1,0.9848,0.0182,0.6970,35.4638,1.6868,0.0481,0.0000,0.0000
11658,C2,adaptive,489,2.4450,-0.0026,0.1164,0,3.3529,1,1.0000,0.0000,0.7301,39.8095,1.6050,0.0454,0.0000,0.0000
11659,C2,adaptive,463,2.3150,-0.0033,0.1096,0,3.7692,1,0.9848,0.0182,0.7019,36.2431,1.5549,-0.0080,0.0000,0.0000
11660,C2,adaptive,482,2.4100,-0.0021,0.1048,0,3.7143,1,1.0000,0.0000,0.7054,38.1118,1.5823,0.0644,0.0000,0.0000
11661,C2,stressed,471,2.3550,-0.0038,0.1102,0,3.2500,1,1.0000,0.0000,0.6985,39.8024,1.9319,0.0985,0.0000,0.0000
11662,C2,adaptive,514,2.5700,-0.0049,0.1193,0,6.5000,1,1.0000,0.0000,0.6790,37.5903,1.3261,-0.0014,0.0000,0.0000
11663,C2,stressed,516,2.5800,-0.0033,0.1069,0,3.3529,1,1.0000,0.0000,0.7151,35.7859,1.6112,0.0476,0.0000,0.0000
11664,C2,adaptive,500,2.5000,-0.0062,0.0873,0,3.5000,1,1.0000,0.0000,0.7340,37.5259,1.3316,0.0838,0.0000,0.0000
11665,C2,stressed,487,2.4350,-0.0048,0.1213,0,4.5000,1,1.0000,0.0000,0.7125,34.8732,1.8069,0.1036,0.0000,0.0000
11666,C2,broken_down,505,2.5250,-0.0052,0.1269,0,3.4118,1,1.0000,0.0000,0.7307,35.5772,1.5183,0.0507,0.0000,0.0000
11667,C2,adaptive,486,2.4300,-0.0020,0.1176,0,6.2222,1,1.0000,0.0000,0.6770,35.1185,1.7898,-0.0095,0.0000,0.0000
11668,C2,adaptive,520,2.6000,-0.0048,0.1263,0,5.4000,1,1.0000,0.0000,0.7231,36.3723,1.7615,0.0476,0.0000,0.0000
11669,C2,broken_down,488,2.4400,-0.0049,0.1370,0,4.2143,1,1.0000,0.0000,0.6885,35.1726,1.5723,0.1850,0.0000,0.0000
11670,C2,stressed,447,2.2350,-0.0042,0.1128,0,4.2727,1,1.0000,0.0000,0.6555,36.9590,1.4861,-0.0199,0.0000,0.0000
11671,C2,broken_down,494,2.4700,-0.0059,0.1258,0,4.8182,1,1.0000,0.0000,0.6862,38.9676,1.4471,0.1311,0.0000,0.0000
11672,C2,adaptive,466,2.3300,-0.0024,0.0930,0,3.0000,1,1.0000,0.0000,0.6974,35.1446,1.6303,-0.0502,0.0000,0.0000
11673,C2,broken_down,435,2.1750,-0.0029,0.0998,0,4.7000,1,1.0000,0.0000,0.6966,38.2178,1.9108,-0.0143,0.0000,0.0000
11674,C2,broken_down,483,2.4150,-0.0050,0.1054,0,4.5000,1,1.0000,0.0000,0.7557,35.0110,1.7651,-0.0754,0.0000,0.0000
11675,C2,adaptive,494,2.4700,-0.0033,0.1339,0,3.4375,1,1.0000,0.0000,0.6883,34.8294,1.6192,0.0912,0.0000,0.0000
11676,C2,stressed,453,2.2650,-0.0071,0.1117,0,3.1875,1,1.0000,0.0000,0.7086,41.0997,1.7770,0.0959,0.0000,0.0000
11677,C2,adaptive,468,2.3400,-0.0033,0.1211,0,5.3333,1,1.0000,0.0000,0.7030,38.3313,1.7047,0.0510,0.0000,0.0000
11678,C2,adaptive,514,2.5700,-0.0016,0.1132,0,4.0000,1,1.0000,0.0000,0.7198,38.4649,1.9826,0.0056,0.0000,0.0000
11679,C2,stressed,484,2.4200,-0.0038,0.1043,0,3.1875,1,1.0000,0.0000,0.7459,38.7313,1.6643,-0.0636,0.0000,0.0000
11680,C2,adaptive,484,2.4200,-0.0005,0.1074,0,2.7778,1,1.0000,0.0000,0.6653,36.3602,1.7393,0.0467,0.0000,0.0000
11681,C2,adaptive,472,2.3600,-0.0054,0.1201,0,5.1000,1,1.0000,0.0000,0.6737,35.0346,1.8408,-0.0268,0.0000,0.0000
11682,C2,adaptive,497,2.4850,-0.0036,0.1353,0,4.7500,1,1.0000,0.0000,0.7324,34.8049,1.9024,0.0465,0.0000,0.0000
11683,C2,adaptive,500,2.5000,-0.0048,0.1200,0,6.0000,1,1.0000,0.0000,0.6880,37.4593,1.9518,0.0376,0.0000,0.0000
11684,C2,adaptive,517,2.5850,-0.0036,0.0982,0,3.6429,1,1.0000,0.0000,0.7292,35.1326,1.7233,0.1312,0.0000,0.0000
11685,C2,stressed,470,2.3500,-0.0019,0.1128,0,3.5000,1,1.0000,0.0000,0.6766,37.9434,1.7572,0.0152,0.0000,0.0000
11686,C2,adaptive,475,2.3750,-0.0045,0.1058,0,3.6923,1,1.0000,0.0000,0.7137,36.8702,1.8910,-0.0207,0.0000,0.0000
11687,C2,broken_down,485,2.4250,-0.0045,0.1232,0,2.8333,1,1.0000,0.0000,0.6928,38.6042,1.7286,0.0431,0.0000,0.0000
11688,C2,adaptive,468,2.3400,-0.0056,0.1360,0,4.5385,1,1.0000,0.0000,0.6923,36.8426,1.6191,0.0431,0.0000,0.0000
11689,C2,adaptive,489,2.4450,-0.0030,0.1174,0,4.1667,1,1.0000,0.0000,0.6994,35.9825,1.7545,-0.0343,0.0000,0.0000
11690,C2,adaptive,472,2.3600,-0.0026,0.0989,0,4.4545,1,1.0000,0.0000,0.6716,39.8580,1.4788,0.0595,0.0000,0.0000
11691,C2,stable,477,2.3850,-0.0034,0.1239,0,4.5833,1,1.0000,0.0000,0.6478,36.5469,1.6497,0.0555,0.0000,0.0000
11692,C2,adaptive,501,2.5050,-0.0062,0.1083,0,4.2500,1,1.0000,0.0000,0.7166,31.8384,2.1010,0.1015,0.0000,0.0000
11693,C2,adaptive,482,2.4100,-0.0046,0.1193,0,3.6429,1,1.0000,0.0000,0.6660,34.2897,1.6509,0.0289,0.0000,0.0000
11694,C2,broken_down,503,2.5150,-0.0027,0.1072,0,4.4167,1,1.0000,0.0000,0.6978,35.9430,1.8820,0.0485,0.0000,0.0000
11695,C2,adaptive,507,2.5350,-0.0016,0.1300,0,4.7692,1,1.0000,0.0000,0.7396,33.8880,1.7478,0.0759,0.0000,0.0000
11696,C2,adaptive,465,2.3250,-0.0063,0.1199,0,2.6667,1,1.0000,0.0000,0.6452,40.6133,1.5697,0.2011,0.0000,0.0000
11697,C2,broken_down,504,2.5200,-0.0050,0.1409,0,3.6667,1,1.0000,0.0000,0.7024,32.5678,1.4681,0.1188,0.0000,0.0000
11698,C2,adaptive,511,2.5550,-0.0028,0.1186,0,4.9167,1,1.0000,0.0000,0.6771,33.2254,1.9910,0.0052,0.0000,0.0000
11699,C2,adaptive,506,2.5300,-0.0056,0.1439,0,5.0909,1,1.0000,0.0000,0.6660,35.6617,1.9166,0.0920,0.0000,0.0000
11700,C2,stressed,461,2.3050,-0.0053,0.0938,0,4.0000,1,1.0000,0.0000,0.6920,36.0940,1.5613,0.0988,0.0000,0.0000
11701,C2,broken_down,478,2.3900,-0.0024,0.1056,0,3.5000,1,1.0000,0.0000,0.7322,35.1600,1.7266,-0.0367,0.0000,0.0000
11702,C2,broken_down,468,2.3400,-0.0045,0.1154,0,3.6429,1,0.9848,0.0182,0.7265,38.1676,1.7646,-0.0912,0.0000,0.0000
11703,C2,adaptive,434,2.1700,-0.0038,0.1129,0,3.6154,1,1.0000,0.0000,0.7350,42.5549,1.6640,0.0183,0.0000,0.0000
11704,C2,stable,486,2.4300,-0.0054,0.0892,0,2.5000,1,1.0000,0.0000,0.6852,34.7808,1.7089,0.0232,0.0000,0.0000
11705,C2,stressed,520,2.6000,-0.0057,0.1048,0,3.5000,1,1.0000,0.0000,0.7231,35.5957,1.8145,0.0550,0.0000,0.0000
11706,C2,broken_down,511,2.5550,-0.0033,0.1189,0,4.4615,1,1.0000,0.0000,0.7515,31.5000,1.7606,-0.0412,0.0000,0.0000
11707,C2,adaptive,480,2.4000,-0.0066,0.0948,0,3.1333,1,1.0000,0.0000,0.7208,35.3584,1.5951,0.0741,0.0000,0.0000
11708,C2,adaptive,454,2.2700,-0.0053,0.1189,0,3.6154,1,1.0000,0.0000,0.6960,37.9905,1.5969,-0.0377,0.0000,0.0000
11709,C2,stressed,489,2.4450,-0.0050,0.1495,0,7.5714,1,1.0000,0.0000,0.7382,34.1357,1.6659,-0.0584,0.0000,0.0000
11710,C2,adaptive,478,2.3900,-0.0000,0.1067,0,3.8462,1,1.0000,0.0000,0.7218,36.4493,1.7405,0.0439,0.0000,0.0000
11711,C2,adaptive,468,2.3400,-0.0035,0.1271,0,3.1250,1,1.0000,0.0000,0.6795,35.4591,1.7855,0.1644,0.0000,0.0000
11712,C2,adaptive,475,2.3750,-0.0074,0.1395,0,4.4167,1,1.0000,0.0000,0.7116,37.6805,1.7754,0.2291,0.0000,0.0000
11713,C2,adaptive,490,2.4500,-0.0036,0.1153,0,4.1538,1,0.9848,0.0182,0.7163,31.9259,1.8449,-0.0042,0.0000,0.0000
11714,C2,adaptive,456,2.2800,-0.0030,0.1184,0,3.5000,1,1.0000,0.0000,0.7149,40.7607,1.6723,0.0465,0.0000,0.0000
11715,C2,stressed,487,2.4350,-0.0043,0.1203,0,3.2500,1,1.0000,0.0000,0.7105,35.8468,1.6866,0.1996,0.0000,0.0000
11716,C2,adaptive,466,2.3300,-0.0036,0.1305,0,3.5333,1,0.9697,0.0364,0.7275,37.1298,1.4681,0.1500,0.0000,0.0000
11717,C2,broken_down,434,2.1700,-0.0048,0.1179,0,4.5455,1,1.0000,0.0000,0.6889,35.0201,1.7621,0.0530,0.0000,0.0000
11718,C2,stressed,507,2.5350,-0.0060,0.0971,0,3.8462,1,1.0000,0.0000,0.6884,34.3811,1.7747,0.0301,0.0000,0.0000
11719,C2,stressed,511,2.5550,-0.0030,0.1039,0,4.5833,1,1.0000,0.0000,0.7045,38.1444,1.8070,0.0433,0.0000,0.0000
11720,C2,adaptive,486,2.4300,-0.0053,0.0874,0,2.3333,1,1.0000,0.0000,0.7016,36.0440,1.9946,0.0643,0.0000,0.0000
11721,C2,adaptive,511,2.5550,-0.0016,0.1199,0,3.0000,1,1.0000,0.0000,0.6830,38.6705,1.5215,0.1732,0.0000,0.0000
11722,C2,broken_down,459,2.2950,-0.0043,0.1113,0,2.6667,1,1.0000,0.0000,0.6797,41.2532,1.7318,0.0927,0.0000,0.0000
11723,C2,broken_down,465,2.3250,-0.0031,0.1181,0,4.8000,1,1.0000,0.0000,0.7204,38.0537,1.6859,-0.0049,0.0000,0.0000
11724,C2,broken_down,487,2.4350,-0.0043,0.1456,0,4.5385,1,1.0000,0.0000,0.7454,33.2893,1.9694,0.0296,0.0000,0.0000
11725,C2,adaptive,501,2.5050,-0.0037,0.1053,0,3.0000,1,1.0000,0.0000,0.7206,37.0083,1.6319,0.0140,0.0000,0.0000
11726,C2,broken_down,469,2.3450,-0.0023,0.1253,0,4.6364,1,1.0000,0.0000,0.7100,33.8769,1.7992,-0.0732,0.0000,0.0000
11727,C2,stressed,474,2.3700,-0.0057,0.1079,0,4.2500,1,1.0000,0.0000,0.6688,37.0505,1.6261,0.0790,0.0000,0.0000
11728,C2,adaptive,460,2.3000,-0.0051,0.1239,0,3.6000,1,1.0000,0.0000,0.6804,38.4281,1.5104,0.0903,0.0000,0.0000
11729,C2,stressed,486,2.4300,-0.0042,0.1139,0,4.3636,1,1.0000,0.0000,0.7222,34.3732,2.1893,-0.0001,0.0000,0.0000
11730,C2,stressed,496,2.4800,0.0011,0.1089,0,3.5333,1,1.0000,0.0000,0.7298,33.8481,1.5319,0.0130,0.0000,0.0000
11731,C2,stressed,502,2.5100,-0.0074,0.1106,0,3.2222,1,1.0000,0.0000,0.7331,34.2092,1.5552,0.1914,0.0000,0.0000
11732,C2,stressed,512,2.5600,-0.0034,0.1208,0,3.3529,1,1.0000,0.0000,0.7109,31.8709,1.7906,0.0475,0.0000,0.0000
11733,C2,adaptive,477,2.3850,-0.0045,0.1246,0,4.3333,1,1.0000,0.0000,0.6625,30.0728,1.5346,0.0139,0.0000,0.0000
11734,C2,stressed,438,2.1900,-0.0043,0.1408,0,5.5556,1,1.0000,0.0000,0.6393,36.9643,1.5288,0.1134,0.0000,0.0000
11735,C2,adaptive,505,2.5250,-0.0010,0.1190,0,5.6000,1,1.0000,0.0000,0.7208,36.3544,1.9399,0.1157,0.0000,0.0000
11736,C2,adaptive,458,2.2900,-0.0050,0.0932,0,3.0625,1,1.0000,0.0000,0.6900,32.6994,1.5238,0.1238,0.0000,0.0000
11737,C2,broken_down,496,2.4800,-0.0047,0.1267,0,4.6364,1,1.0000,0.0000,0.7056,36.6057,1.7270,0.0914,0.0000,0.0000
11738,C2,stressed,505,2.5250,-0.0041,0.1101,0,4.3333,1,1.0000,0.0000,0.6792,36.2216,1.5045,0.0894,0.0000,0.0000
11739,C2,broken_down,484,2.4200,-0.0072,0.1198,0,6.2500,1,1.0000,0.0000,0.6591,33.8056,1.4590,0.2519,0.0000,0.0000
11740,C2,broken_down,487,2.4350,-0.0058,0.1059,0,3.7692,1,1.0000,0.0000,0.6858,34.6168,1.5870,0.0130,0.0000,0.0000
11741,C2,adaptive,497,2.4850,-0.0036,0.1212,0,4.4615,1,1.0000,0.0000,0.6680,30.7259,1.8093,0.0194,0.0000,0.0000
11742,C2,stressed,469,2.3450,-0.0041,0.1249,0,3.7692,1,1.0000,0.0000,0.6994,38.6951,1.6793,0.0314,0.0000,0.0000
11743,C2,adaptive,473,2.3650,-0.0024,0.1464,0,4.5000,1,1.0000,0.0000,0.7336,36.2507,1.8609,-0.0808,0.0000,0.0000
11744,C2,adaptive,464,2.3200,-0.0045,0.1372,0,5.3636,1,1.0000,0.0000,0.6638,34.9870,1.6435,0.0485,0.0000,0.0000
11745,C2,stressed,491,2.4550,-0.0027,0.1105,0,3.0000,1,1.0000,0.0000,0.6660,33.4740,1.6435,0.0908,0.0000,0.0000
11746,C2,stressed,496,2.4800,-0.0047,0.1079,0,4.3333,1,1.0000,0.0000,0.7440,36.5772,1.6838,0.0096,0.0000,0.0000
11747,C2,broken_down,469,2.3450,-0.0049,0.1015,0,3.8333,1,1.0000,0.0000,0.6994,36.3506,1.3373,0.0705,0.0000,0.0000
11748,C2,stressed,494,2.4700,-0.0040,0.1302,0,4.0000,1,1.0000,0.0000,0.7126,32.6108,1.8074,0.0841,0.0000,0.0000
11749,C2,adaptive,486,2.4300,-0.0028,0.0902,0,3.2667,1,1.0000,0.0000,0.6708,35.8405,1.5969,-0.0066,0.0000,0.0000
11750,C2,broken_down,449,2.2450,-0.0034,0.1216,0,6.2500,1,1.0000,0.0000,0.6325,35.4296,1.8751,0.0090,0.0000,0.0000
11751,C2,adaptive,482,2.4100,-0.0058,0.1044,0,3.0588,1,1.0000,0.0000,0.7054,31.8353,1.8429,0.0267,0.0000,0.0000
11752,C2,broken_down,479,2.3950,-0.0035,0.1042,0,5.2222,1,1.0000,0.0000,0.7411,40.3211,1.5808,0.0536,0.0000,0.0000
11753,C2,stressed,485,2.4250,-0.0036,0.0940,0,3.1250,1,1.0000,0.0000,0.7031,33.3988,1.7508,0.0037,0.0000,0.0000
11754,C2,adaptive,484,2.4200,-0.0024,0.1143,0,3.8462,1,1.0000,0.0000,0.7417,34.2813,1.5385,-0.0133,0.0000,0.0000
11755,C2,stressed,472,2.3600,-0.0045,0.1042,0,5.1111,1,1.0000,0.0000,0.7119,36.1756,1.5591,0.1246,0.0000,0.0000
11756,C2,adaptive,485,2.4250,-0.0042,0.0936,0,2.5263,1,1.0000,0.0000,0.7072,32.1283,1.6630,-0.0167,0.0000,0.0000
11757,C2,adaptive,503,2.5150,-0.0045,0.1460,0,5.3636,1,1.0000,0.0000,0.7117,35.9441,1.8855,0.0086,0.0000,0.0000
11758,C2,broken_down,443,2.2150,-0.0025,0.1484,0,5.8889,1,1.0000,0.0000,0.6569,34.2543,1.4827,0.0354,0.0000,0.0000
11759,C2,adaptive,512,2.5600,-0.0044,0.1126,0,3.7857,1,1.0000,0.0000,0.7344,32.3005,1.7882,0.1201,0.0000,0.0000
11760,C2,adaptive,468,2.3400,-0.0086,0.0958,0,3.6923,1,0.9848,0.0182,0.6603,32.6602,1.5372,0.1587,0.0000,0.0000
11761,C2,broken_down,477,2.3850,-0.0024,0.1567,0,8.0000,1,0.9848,0.0182,0.7170,37.4006,1.7557,0.0150,0.0000,0.0000
11762,C2,adaptive,459,2.2950,-0.0050,0.1207,0,4.4167,1,1.0000,0.0000,0.7124,38.9266,1.8597,0.0239,0.0000,0.0000
11763,C2,broken_down,510,2.5500,-0.0032,0.1046,0,2.7368,1,1.0000,0.0000,0.7176,37.9536,1.8704,0.0181,0.0000,0.0000
11764,C2,stressed,455,2.2750,-0.0042,0.1167,0,4.2727,1,1.0000,0.0000,0.7275,38.1813,1.7698,0.0770,0.0000,0.0000
11765,C2,broken_down,500,2.5000,-0.0019,0.1133,0,5.5556,1,1.0000,0.0000,0.6980,36.8052,1.8141,-0.0503,0.0000,0.0000
11766,C2,adaptive,486,2.4300,-0.0063,0.0881,0,2.5789,1,1.0000,0.0000,0.7366,37.5615,1.7410,0.1177,0.0000,0.0000
11767,C2,broken_down,494,2.4700,-0.0050,0.1130,0,4.2500,1,1.0000,0.0000,0.6862,32.7139,1.6337,0.1124,0.0000,0.0000
11768,C2,adaptive,465,2.3250,-0.0056,0.1285,0,5.6667,1,1.0000,0.0000,0.7118,37.9305,1.5629,0.0590,0.0000,0.0000
11769,C2,stressed,476,2.3800,-0.0024,0.1169,0,3.6875,1,1.0000,0.0000,0.7164,37.0059,1.9294,-0.1008,0.0000,0.0000
11770,C2,stressed,480,2.4000,-0.0044,0.1219,0,4.6667,1,1.0000,0.0000,0.7292,34.2914,1.4117,0.0641,0.0000,0.0000
11771,C2,broken_down,494,2.4700,-0.0078,0.1312,0,4.0769,1,1.0000,0.0000,0.7166,35.0367,1.5239,0.1206,0.0000,0.0000
11772,C2,broken_down,481,2.4050,-0.0065,0.1291,0,5.0000,1,1.0000,0.0000,0.6798,34.7890,1.7082,0.0707,0.0000,0.0000
11773,C2,broken_down,464,2.3200,-0.0025,0.1243,0,3.3333,1,1.0000,0.0000,0.7155,36.7349,1.7173,0.0241,0.0000,0.0000
11774,C2,adaptive,479,2.3950,-0.0018,0.0948,0,3.6923,1,1.0000,0.0000,0.7015,35.7798,1.7192,0.0646,0.0000,0.0000
11775,C2,broken_down,468,2.3400,-0.0059,0.1104,0,3.6923,1,1.0000,0.0000,0.6645,35.6399,1.3088,0.2939,0.0000,0.0000
11776,C2,broken_down,510,2.5500,-0.0054,0.1176,0,4.5000,1,0.9848,0.0182,0.7196,35.9809,1.4974,-0.0250,0.0000,0.0000
11777,C2,adaptive,501,2.5050,-0.0044,0.1083,0,3.5714,1,0.9848,0.0182,0.7026,33.9545,1.7192,0.0601,0.0000,0.0000
11778,C2,adaptive,460,2.3000,-0.0033,0.1022,0,3.1333,1,1.0000,0.0000,0.6370,35.9317,1.5723,0.0368,0.0000,0.0000
11779,C2,stressed,469,2.3450,-0.0041,0.1178,0,3.6429,1,1.0000,0.0000,0.7186,40.7804,1.5794,0.0213,0.0000,0.0000
11780,C2,stressed,489,2.4450,-0.0063,0.1178,0,4.2308,1,1.0000,0.0000,0.7178,38.5499,1.3942,0.0802,0.0000,0.0000
11781,C2,adaptive,498,2.4900,-0.0043,0.1325,0,6.1111,1,1.0000,0.0000,0.6908,39.4535,1.7470,0.1251,0.0000,0.0000
11782,C2,broken_down,508,2.5400,-0.0066,0.0961,0,3.6429,1,1.0000,0.0000,0.7067,31.0836,1.7308,0.1801,0.0000,0.0000
11783,C2,broken_down,465,2.3250,-0.0069,0.1138,0,4.8000,1,1.0000,0.0000,0.7118,33.0785,1.5792,0.0837,0.0000,0.0000
11784,C2,stressed,465,2.3250,-0.0036,0.1088,0,4.4167,1,1.0000,0.0000,0.7054,38.8384,1.8158,-0.0329,0.0000,0.0000
11785,C2,adaptive,518,2.5900,-0.0035,0.1345,0,3.8571,1,1.0000,0.0000,0.7355,32.3911,1.8076,0.0635,0.0000,0.0000
11786,C2,broken_down,440,2.2000,-0.0073,0.1212,0,3.5385,1,1.0000,0.0000,0.6591,35.9828,1.3359,0.2025,0.0000,0.0000
11787,C2,broken_down,516,2.5800,-0.0035,0.1005,0,3.5333,1,1.0000,0.0000,0.7229,40.1769,1.8810,-0.0530,0.0000,0.0000
11788,C2,broken_down,473,2.3650,-0.0053,0.1510,0,5.5455,1,1.0000,0.0000,0.7104,33.7351,1.9397,-0.0215,0.0000,0.0000
11789,C2,stressed,490,2.4500,-0.0044,0.1286,0,3.7143,1,1.0000,0.0000,0.6837,35.8388,1.7575,0.0154,0.0000,0.0000
11790,C2,broken_down,513,2.5650,-0.0045,0.1249,0,3.4118,1,1.0000,0.0000,0.6667,33.3713,1.7210,-0.0044,0.0000,0.0000
11791,C2,stressed,469,2.3450,-0.0020,0.1548,0,5.6000,1,1.0000,0.0000,0.6994,37.4512,2.0532,0.0341,0.0000,0.0000
11792,C2,adaptive,484,2.4200,-0.0043,0.0923,0,3.5714,1,1.0000,0.0000,0.6777,35.2774,1.8398,0.0063,0.0000,0.0000
11793,C2,broken_down,448,2.2400,-0.0031,0.1336,0,5.5556,1,1.0000,0.0000,0.6384,35.1923,1.3565,0.0632,0.0000,0.0000
11794,C2,stressed,463,2.3150,-0.0043,0.1139,0,3.0625,1,1.0000,0.0000,0.6760,43.9457,1.5109,0.0428,0.0000,0.0000
11795,C2,broken_down,491,2.4550,-0.0046,0.1054,0,7.0000,1,1.0000,0.0000,0.7189,40.3229,1.9706,0.1393,0.0000,0.0000
11796,C2,adaptive,461,2.3050,-0.0053,0.1094,0,3.2000,1,1.0000,0.0000,0.7093,34.5627,1.6673,0.0133,0.0000,0.0000
11797,C2,adaptive,480,2.4000,-0.0084,0.1399,0,3.8667,1,1.0000,0.0000,0.6750,32.7130,1.5970,0.0896,0.0000,0.0000
11798,C2,adaptive,503,2.5150,-0.0036,0.1039,0,5.2000,1,1.0000,0.0000,0.6660,35.4269,1.8867,0.0478,0.0000,0.0000
11799,C2,stressed,475,2.3750,-0.0034,0.1275,0,4.8333,1,1.0000,0.0000,0.7011,38.1502,1.5596,0.1316,0.0000,0.0000
11800,C2,adaptive,479,2.3950,-0.0057,0.1028,0,3.0000,1,1.0000,0.0000,0.6889,34.6879,1.3919,0.2215,0.0000,0.0000
11801,C2,adaptive,477,2.3850,-0.0047,0.1235,0,5.5000,1,0.9848,0.0182,0.7128,38.3147,2.1294,-0.0287,0.0000,0.0000
11802,C2,broken_down,428,2.1400,-0.0040,0.1219,0,3.9167,1,0.9848,0.0182,0.6542,38.6893,1.3697,-0.0704,0.0000,0.0000
11803,C2,stressed,455,2.2750,-0.0050,0.1299,0,2.8333,1,1.0000,0.0000,0.6791,35.2168,1.5259,0.0477,0.0000,0.0000
11804,C2,adaptive,488,2.4400,-0.0055,0.1236,0,4.3846,1,1.0000,0.0000,0.6926,37.5828,1.4367,0.1053,0.0000,0.0000
11805,C2,adaptive,510,2.5500,-0.0058,0.1042,0,3.1176,1,1.0000,0.0000,0.7275,41.6119,1.8097,0.1142,0.0000,0.0000
11806,C2,stressed,512,2.5600,-0.0051,0.1136,0,2.9444,1,1.0000,0.0000,0.7090,38.0386,2.1902,0.1036,0.0000,0.0000
11807,C2,stressed,492,2.4600,-0.0060,0.1175,0,4.0769,1,1.0000,0.0000,0.7256,33.2297,1.7007,0.0720,0.0000,0.0000
11808,C2,adaptive,511,2.5550,-0.0042,0.1349,0,5.0909,1,1.0000,0.0000,0.7397,35.7169,2.1093,-0.0690,0.0000,0.0000
11809,C2,adaptive,496,2.4800,-0.0055,0.1075,0,2.8947,1,1.0000,0.0000,0.7460,34.6595,1.8280,0.1756,0.0000,0.0000
11810,C2,adaptive,469,2.3450,-0.0066,0.1356,0,4.7273,1,1.0000,0.0000,0.6951,33.5061,1.6960,0.0843,0.0000,0.0000
11811,C2,broken_down,456,2.2800,-0.0071,0.1579,0,4.4167,1,1.0000,0.0000,0.6645,37.1056,1.6030,0.1031,0.0000,0.0000
11812,C2,broken_down,500,2.5000,-0.0054,0.1157,0,4.4167,1,1.0000,0.0000,0.7060,37.4363,1.4691,0.1811,0.0000,0.0000
11813,C2,stressed,513,2.5650,-0.0054,0.0944,0,3.2500,1,1.0000,0.0000,0.7271,38.3968,1.6495,0.0527,0.0000,0.0000
11814,C2,broken_down,472,2.3600,-0.0011,0.1374,0,6.6250,1,1.0000,0.0000,0.6864,37.5895,1.7709,0.1063,0.0000,0.0000
11815,C2,stressed,478,2.3900,-0.0058,0.1213,0,4.2500,1,1.0000,0.0000,0.7092,34.1239,1.4592,0.1190,0.0000,0.0000
11816,C2,adaptive,474,2.3700,-0.0022,0.1206,0,3.1765,1,1.0000,0.0000,0.7025,34.4474,1.7981,0.0110,0.0000,0.0000
11817,C2,broken_down,494,2.4700,-0.0032,0.1110,0,4.1538,1,1.0000,0.0000,0.7348,35.5813,1.7523,0.2191,0.0000,0.0000
11818,C2,adaptive,498,2.4900,-0.0029,0.1138,0,4.6364,1,1.0000,0.0000,0.7068,34.6222,1.4412,0.0299,0.0000,0.0000
11819,C2,adaptive,468,2.3400,-0.0046,0.1236,0,4.0000,1,0.9848,0.0182,0.6966,40.6104,1.8395,-0.0619,0.0000,0.0000
11820,C2,stressed,458,2.2900,-0.0056,0.1245,0,3.3333,1,1.0000,0.0000,0.7009,36.1059,1.5379,0.1421,0.0000,0.0000
11821,C2,broken_down,494,2.4700,-0.0060,0.1157,0,3.3125,1,1.0000,0.0000,0.7429,34.2343,1.6325,0.1358,0.0000,0.0000
11822,C2,stressed,457,2.2850,-0.0052,0.0961,0,2.4211,1,1.0000,0.0000,0.7133,34.6043,1.4748,0.0909,0.0000,0.0000
11823,C2,broken_down,481,2.4050,-0.0013,0.1516,0,7.2500,1,1.0000,0.0000,0.6466,31.8875,1.6488,-0.0653,0.0000,0.0000
11824,C2,stressed,492,2.4600,-0.0050,0.1348,0,5.5000,1,1.0000,0.0000,0.7175,33.0368,1.7315,0.1343,0.0000,0.0000
11825,C2,broken_down,476,2.3800,-0.0034,0.1355,0,5.0909,1,0.9848,0.0182,0.6891,34.9177,1.6811,0.1630,0.0000,0.0000
11826,C2,adaptive,511,2.5550,-0.0045,0.1159,0,4.0714,1,1.0000,0.0000,0.7202,33.2935,1.4933,0.1117,0.0000,0.0000
11827,C2,broken_down,474,2.3700,-0.0036,0.1188,0,4.7273,1,0.9848,0.0182,0.7236,34.6472,1.6614,-0.0336,0.0000,0.0000
11828,C2,adaptive,492,2.4600,-0.0009,0.1497,0,4.4615,1,1.0000,0.0000,0.6850,35.8961,2.0251,-0.0398,0.0000,0.0000
11829,C2,stressed,489,2.4450,-0.0028,0.1167,0,5.4444,1,1.0000,0.0000,0.6769,36.9698,1.8344,-0.0847,0.0000,0.0000
11830,C2,adaptive,507,2.5350,-0.0070,0.1100,0,3.9231,1,1.0000,0.0000,0.6903,31.8914,1.7966,0.0184,0.0000,0.0000
11831,C2,adaptive,463,2.3150,-0.0042,0.1452,0,5.5000,1,1.0000,0.0000,0.6328,33.5085,1.9288,0.0617,0.0000,0.0000
11832,C2,stressed,509,2.5450,-0.0050,0.0977,0,4.3333,1,1.0000,0.0000,0.6955,32.3559,1.8368,-0.0220,0.0000,0.0000
11833,C2,stressed,481,2.4050,-0.0022,0.1128,0,9.8000,1,1.0000,0.0000,0.6965,33.3313,1.8147,-0.0411,0.0000,0.0000
11834,C2,stressed,454,2.2700,-0.0029,0.1222,0,3.4286,1,1.0000,0.0000,0.6916,39.5096,1.8721,0.0216,0.0000,0.0000
11835,C2,broken_down,474,2.3700,-0.0025,0.1210,0,5.1818,1,0.9848,0.0182,0.7025,32.4895,1.7830,-0.0171,0.0000,0.0000
11836,C2,stressed,470,2.3500,-0.0056,0.1216,0,4.6364,1,1.0000,0.0000,0.7170,37.3680,1.5009,-0.0095,0.0000,0.0000
11837,C2,broken_down,478,2.3900,-0.0044,0.1290,0,8.3333,1,1.0000,0.0000,0.6569,33.5669,1.7192,0.0548,0.0000,0.0000
11838,C2,broken_down,498,2.4900,-0.0041,0.1158,0,5.3000,1,0.9848,0.0182,0.6847,37.9062,1.9845,-0.0210,0.0000,0.0000
11839,C2,stressed,473,2.3650,-0.0054,0.1101,0,3.5714,1,1.0000,0.0000,0.6829,37.1176,1.5228,0.0129,0.0000,0.0000
11840,C2,stressed,470,2.3500,-0.0036,0.1152,0,3.6154,1,1.0000,0.0000,0.7149,40.3720,1.4891,0.0802,0.0000,0.0000
11841,C2,broken_down,459,2.2950,-0.0042,0.1418,0,4.7273,1,0.9848,0.0182,0.6645,37.8066,1.5284,0.0471,0.0000,0.0000
11842,C2,adaptive,514,2.5700,-0.0050,0.1132,0,4.3077,1,1.0000,0.0000,0.7626,33.2653,1.6764,-0.0098,0.0000,0.0000
11843,C2,adaptive,496,2.4800,-0.0041,0.1045,0,4.2500,1,1.0000,0.0000,0.7117,35.5212,1.6273,0.0447,0.0000,0.0000
11844,C2,adaptive,503,2.5150,-0.0024,0.1012,0,4.0000,1,1.0000,0.0000,0.7356,32.8054,1.8036,0.1387,0.0000,0.0000
11845,C2,broken_down,481,2.4050,-0.0074,0.1239,0,3.1250,1,1.0000,0.0000,0.6549,34.4254,1.7794,0.0842,0.0000,0.0000
11846,C2,adaptive,445,2.2250,-0.0033,0.0979,0,2.4211,1,1.0000,0.0000,0.7236,35.7857,1.6953,0.0146,0.0000,0.0000
11847,C2,adaptive,505,2.5250,-0.0028,0.1028,0,3.1176,1,1.0000,0.0000,0.6851,36.7919,1.8376,-0.0343,0.0000,0.0000
11848,C2,broken_down,500,2.5000,-0.0060,0.1117,0,4.3333,1,1.0000,0.0000,0.6940,35.0720,1.9530,0.0378,0.0000,0.0000
11849,C2,stressed,458,2.2900,-0.0011,0.1015,0,4.7000,1,1.0000,0.0000,0.7052,37.0867,1.5496,0.0172,0.0000,0.0000
11850,C2,adaptive,479,2.3950,-0.0074,0.1146,0,3.3333,1,1.0000,0.0000,0.7119,36.6745,1.7005,0.1329,0.0000,0.0000
11851,C2,stressed,515,2.5750,-0.0044,0.1374,0,4.6154,1,1.0000,0.0000,0.7437,31.0992,2.0577,0.0876,0.0000,0.0000
11852,C2,broken_down,482,2.4100,-0.0046,0.1501,0,7.6250,1,0.9848,0.0182,0.7158,34.4087,1.5745,0.0911,0.0000,0.0000
11853,C2,adaptive,502,2.5100,-0.0030,0.0986,0,3.9231,1,1.0000,0.0000,0.7211,35.6657,1.5696,0.0243,0.0000,0.0000
11854,C2,stressed,440,2.2000,-0.0050,0.1273,0,3.3571,1,1.0000,0.0000,0.6659,35.4949,1.3302,0.0803,0.0000,0.0000
11855,C2,broken_down,462,2.3100,-0.0047,0.1219,0,4.2500,1,1.0000,0.0000,0.7013,36.0000,1.6612,0.1031,0.0000,0.0000
11856,C2,adaptive,523,2.6150,-0.0034,0.1219,0,5.4000,1,1.0000,0.0000,0.7266,34.2263,1.6912,0.0110,0.0000,0.0000
11857,C2,stable,475,2.3750,-0.0018,0.1065,0,3.3333,1,1.0000,0.0000,0.6863,35.1994,1.7757,0.0628,0.0000,0.0000
11858,C2,broken_down,465,2.3250,-0.0027,0.1385,0,8.6667,1,1.0000,0.0000,0.7032,39.3333,1.3620,0.1410,0.0000,0.0000
11859,C2,adaptive,476,2.3800,-0.0025,0.1180,0,4.5455,1,1.0000,0.0000,0.6723,37.8125,1.5069,0.0652,0.0000,0.0000
11860,C2,adaptive,498,2.4900,-0.0059,0.1476,0,3.8667,1,1.0000,0.0000,0.6888,34.6910,1.6536,0.0161,0.0000,0.0000
11861,C2,adaptive,484,2.4200,-0.0033,0.1243,0,3.5625,1,1.0000,0.0000,0.7252,37.7977,1.8274,-0.0905,0.0000,0.0000
11862,C2,adaptive,512,2.5600,-0.0052,0.1305,0,3.6875,1,1.0000,0.0000,0.7344,35.7819,1.8682,0.1427,0.0000,0.0000
11863,C2,stressed,466,2.3300,-0.0071,0.1270,0,3.2353,1,1.0000,0.0000,0.7253,39.6538,1.6069,0.0695,0.0000,0.0000
11864,C2,adaptive,480,2.4000,-0.0022,0.1184,0,4.4167,1,1.0000,0.0000,0.6896,39.2961,1.9553,-0.0123,0.0000,0.0000
11865,C2,stressed,478,2.3900,-0.0028,0.0976,0,2.4737,1,1.0000,0.0000,0.6736,34.4348,1.6655,-0.0554,0.0000,0.0000
11866,C2,stressed,476,2.3800,-0.0043,0.1239,0,3.2500,1,1.0000,0.0000,0.6954,35.1873,1.9657,0.0516,0.0000,0.0000
11867,C2,broken_down,492,2.4600,-0.0063,0.1192,0,4.4167,1,1.0000,0.0000,0.6768,33.3514,1.5623,0.0240,0.0000,0.0000
11868,C2,broken_down,475,2.3750,-0.0041,0.1268,0,5.1000,1,1.0000,0.0000,0.6989,37.9880,1.8503,0.1753,0.0000,0.0000
11869,C2,broken_down,513,2.5650,-0.0048,0.0980,0,3.6429,1,1.0000,0.0000,0.7446,34.5602,1.6931,0.0338,0.0000,0.0000
11870,C2,broken_down,528,2.6400,-0.0036,0.1023,0,3.8571,1,1.0000,0.0000,0.7405,34.0486,1.8526,-0.0071,0.0000,0.0000
11871,C2,adaptive,522,2.6100,-0.0048,0.1175,0,3.1765,1,1.0000,0.0000,0.6801,32.5577,2.0973,0.0409,0.0000,0.0000
11872,C2,stressed,506,2.5300,-0.0077,0.1189,0,2.9444,1,1.0000,0.0000,0.6917,34.1714,2.0757,0.1132,0.0000,0.0000
11873,C2,broken_down,500,2.5000,-0.0044,0.1363,0,4.5385,1,1.0000,0.0000,0.7100,33.9634,1.6220,-0.0666,0.0000,0.0000
11874,C2,stressed,519,2.5950,-0.0035,0.1055,0,3.1765,1,1.0000,0.0000,0.7206,36.9973,1.7098,0.0710,0.0000,0.0000
11875,C2,stressed,495,2.4750,-0.0051,0.1382,0,5.5000,1,1.0000,0.0000,0.6788,33.1101,1.4688,0.0557,0.0000,0.0000
11876,C2,broken_down,472,2.3600,-0.0012,0.1338,0,4.5833,1,1.0000,0.0000,0.7331,33.5318,1.3534,-0.0064,0.0000,0.0000
11877,C2,adaptive,496,2.4800,-0.0053,0.1237,0,3.7143,1,1.0000,0.0000,0.7278,33.9224,1.5904,0.0875,0.0000,0.0000
11878,C2,stressed,504,2.5200,-0.0046,0.1121,0,2.4348,1,1.0000,0.0000,0.6825,32.4942,1.6046,0.1139,0.0000,0.0000
11879,C2,adaptive,473,2.3650,-0.0059,0.1327,0,3.8571,1,1.0000,0.0000,0.7104,38.1577,1.7128,0.1482,0.0000,0.0000
11880,C2,stressed,458,2.2900,-0.0032,0.1186,0,3.8462,1,1.0000,0.0000,0.6507,34.9362,1.6235,0.0431,0.0000,0.0000
11881,C2,adaptive,492,2.4600,-0.0054,0.1026,0,5.0000,1,1.0000,0.0000,0.6911,33.7147,1.7654,-0.0817,0.0000,0.0000
11882,C2,broken_down,473,2.3650,-0.0049,0.1295,0,4.5455,1,1.0000,0.0000,0.6871,33.4462,1.8638,0.0037,0.0000,0.0000
11883,C2,stressed,469,2.3450,-0.0038,0.1015,0,4.3636,1,1.0000,0.0000,0.7015,35.6049,1.5935,0.0921,0.0000,0.0000
11884,C2,stressed,466,2.3300,-0.0063,0.1180,0,4.4545,1,1.0000,0.0000,0.6459,40.6744,1.5118,0.0766,0.0000,0.0000
11885,C2,stressed,469,2.3450,-0.0008,0.1221,0,5.5000,1,1.0000,0.0000,0.6887,39.6873,1.5480,0.1280,0.0000,0.0000
11886,C2,stressed,475,2.3750,-0.0038,0.1037,0,2.9412,1,1.0000,0.0000,0.7389,37.2023,1.5388,0.0768,0.0000,0.0000
11887,C2,broken_down,484,2.4200,-0.0043,0.1229,0,6.4444,1,1.0000,0.0000,0.7128,36.2899,1.9235,0.0763,0.0000,0.0000
11888,C2,adaptive,480,2.4000,-0.0043,0.0826,0,2.4737,1,1.0000,0.0000,0.6750,39.7593,1.5986,0.2133,0.0000,0.0000
11889,C2,adaptive,473,2.3650,-0.0039,0.1542,0,5.0000,1,1.0000,0.0000,0.6913,36.7309,1.7103,0.0052,0.0000,0.0000
11890,C2,broken_down,499,2.4950,-0.0048,0.1010,0,3.4000,1,1.0000,0.0000,0.7194,34.6407,1.6143,0.0019,0.0000,0.0000
11891,C2,stressed,465,2.3250,-0.0053,0.1471,0,6.7500,1,0.9848,0.0182,0.6731,33.6070,1.4494,-0.0523,0.0000,0.0000
11892,C2,adaptive,501,2.5050,-0.0039,0.1153,0,3.0000,1,1.0000,0.0000,0.7345,42.0353,1.8697,0.1364,0.0000,0.0000
11893,C2,broken_down,495,2.4750,-0.0044,0.1204,0,6.5000,1,1.0000,0.0000,0.6465,34.4656,1.7765,0.0077,0.0000,0.0000
11894,C2,adaptive,481,2.4050,-0.0050,0.1322,0,4.0714,1,1.0000,0.0000,0.7277,34.3829,1.7215,0.0769,0.0000,0.0000
11895,C2,stressed,477,2.3850,-0.0029,0.1319,0,5.1000,1,1.0000,0.0000,0.6604,36.6730,1.8749,0.0601,0.0000,0.0000
11896,C2,adaptive,512,2.5600,-0.0059,0.1165,0,3.5333,1,1.0000,0.0000,0.7051,33.2576,1.5505,0.0717,0.0000,0.0000
11897,C2,adaptive,498,2.4900,-0.0030,0.1014,0,3.2500,1,1.0000,0.0000,0.7470,32.9812,1.5525,-0.1123,0.0000,0.0000
11898,C2,broken_down,514,2.5700,-0.0022,0.1151,0,4.3846,1,1.0000,0.0000,0.6595,36.6844,1.7427,0.1235,0.0000,0.0000
11899,C2,stable,473,2.3650,-0.0083,0.1076,0,3.0000,1,1.0000,0.0000,0.6956,36.0395,1.7141,0.1044,0.0000,0.0000
11900,C2,broken_down,460,2.3000,-0.0037,0.1188,0,4.8182,1,1.0000,0.0000,0.6739,36.4194,1.4859,0.0622,0.0000,0.0000
11901,C2,broken_down,504,2.5200,-0.0012,0.1177,0,6.5000,1,1.0000,0.0000,0.7302,31.1196,1.6985,-0.0100,0.0000,0.0000
11902,C2,adaptive,484,2.4200,-0.0065,0.1133,0,4.5455,1,1.0000,0.0000,0.6839,35.6314,1.6242,0.1852,0.0000,0.0000
11903,C2,adaptive,530,2.6500,-0.0054,0.0940,0,2.2083,1,1.0000,0.0000,0.7264,32.5922,1.7413,0.1511,0.0000,0.0000
11904,C2,broken_down,510,2.5500,-0.0045,0.1376,0,4.5385,1,1.0000,0.0000,0.7392,33.2679,1.5352,-0.0845,0.0000,0.0000
11905,C2,stressed,506,2.5300,-0.0062,0.1120,0,4.5833,1,1.0000,0.0000,0.7352,32.6156,1.8080,0.0410,0.0000,0.0000
11906,C2,adaptive,499,2.4950,-0.0003,0.0990,0,3.4000,1,1.0000,0.0000,0.7154,35.8151,1.8677,0.0066,0.0000,0.0000
11907,C2,broken_down,480,2.4000,-0.0051,0.1181,0,5.3000,1,1.0000,0.0000,0.7333,40.5312,1.5155,-0.0461,0.0000,0.0000
11908,C2,adaptive,444,2.2200,-0.0042,0.0785,0,2.8667,1,1.0000,0.0000,0.6554,39.0928,1.5750,0.1682,0.0000,0.0000
11909,C2,stressed,481,2.4050,-0.0039,0.1152,0,4.4167,1,1.0000,0.0000,0.6902,39.1687,2.0319,-0.0083,0.0000,0.0000
11910,C2,broken_down,468,2.3400,-0.0035,0.1353,0,3.8462,1,1.0000,0.0000,0.6752,33.0506,1.7096,0.0309,0.0000,0.0000
11911,C2,adaptive,505,2.5250,-0.0054,0.1117,0,4.5000,1,1.0000,0.0000,0.6673,33.6499,1.8799,0.0672,0.0000,0.0000
11912,C2,broken_down,502,2.5100,-0.0049,0.1009,0,5.1000,1,1.0000,0.0000,0.6912,36.2478,1.7413,0.0172,0.0000,0.0000
11913,C2,stressed,452,2.2600,-0.0037,0.1036,0,3.8333,1,1.0000,0.0000,0.7212,34.4080,1.4423,0.1108,0.0000,0.0000
11914,C2,stressed,452,2.2600,-0.0062,0.1401,0,5.4444,1,1.0000,0.0000,0.6903,35.5513,1.7150,0.1488,0.0000,0.0000
11915,C2,adaptive,485,2.4250,-0.0064,0.1098,0,2.8947,1,0.9848,0.0182,0.7031,36.3079,1.6439,0.1288,0.0000,0.0000
11916,C2,broken_down,454,2.2700,-0.0062,0.1237,0,6.7500,1,1.0000,0.0000,0.6938,34.4698,1.9010,-0.0568,0.0000,0.0000
11917,C2,stressed,468,2.3400,-0.0030,0.1218,0,4.3333,1,1.0000,0.0000,0.6667,41.8109,1.8081,0.1110,0.0000,0.0000
11918,C2,broken_down,454,2.2700,-0.0024,0.1292,0,4.5455,1,1.0000,0.0000,0.6784,36.5877,1.6273,0.0921,0.0000,0.0000
11919,C2,stressed,499,2.4950,-0.0039,0.1121,0,4.4167,1,1.0000,0.0000,0.7114,34.2958,2.0760,-0.0122,0.0000,0.0000
11920,C2,adaptive,465,2.3250,-0.0029,0.1084,0,4.4545,1,1.0000,0.0000,0.6925,32.8665,1.7834,0.0708,0.0000,0.0000
11921,C2,broken_down,469,2.3450,-0.0031,0.1114,0,4.1818,1,1.0000,0.0000,0.7015,35.4924,1.3416,0.1351,0.0000,0.0000
11922,C2,broken_down,489,2.4450,-0.0017,0.1382,0,7.4286,1,1.0000,0.0000,0.7096,37.0807,1.7445,0.0911,0.0000,0.0000
11923,C2,broken_down,492,2.4600,-0.0051,0.1040,0,4.3333,1,1.0000,0.0000,0.7053,34.8213,1.7609,0.0887,0.0000,0.0000
11924,C2,stressed,510,2.5500,-0.0069,0.1245,0,5.2727,1,1.0000,0.0000,0.7078,36.3601,1.9519,-0.0428,0.0000,0.0000
11925,C2,broken_down,490,2.4500,-0.0042,0.1418,0,5.8000,1,1.0000,0.0000,0.6837,32.3164,1.6705,-0.1648,0.0000,0.0000
11926,C2,stressed,466,2.3300,-0.0056,0.1330,0,4.3333,1,1.0000,0.0000,0.7103,38.7915,1.9106,-0.1327,0.0000,0.0000
11927,C2,broken_down,438,2.1900,-0.0003,0.1039,0,3.2143,1,1.0000,0.0000,0.6895,39.5364,1.4336,-0.0906,0.0000,0.0000
11928,C2,adaptive,484,2.4200,-0.0044,0.1229,0,3.1250,1,1.0000,0.0000,0.7004,33.4602,1.7919,0.2268,0.0000,0.0000
11929,C2,adaptive,448,2.2400,-0.0073,0.1008,0,3.0625,1,1.0000,0.0000,0.6786,35.9539,2.0389,0.0024,0.0000,0.0000
11930,C2,stressed,488,2.4400,-0.0057,0.1096,0,2.5000,1,1.0000,0.0000,0.7049,32.8488,1.6675,0.0334,0.0000,0.0000
11931,C2,broken_down,459,2.2950,-0.0071,0.1229,0,3.3333,1,1.0000,0.0000,0.7277,36.2754,1.7676,0.0871,0.0000,0.0000
11932,C2,stressed,507,2.5350,-0.0047,0.0916,0,2.6000,1,1.0000,0.0000,0.7199,36.0329,1.7572,-0.0377,0.0000,0.0000
11933,C2,adaptive,497,2.4850,-0.0021,0.1071,0,4.5455,1,1.0000,0.0000,0.7505,35.4906,1.6028,0.0226,0.0000,0.0000
11934,C2,stressed,507,2.5350,-0.0029,0.0919,0,2.8333,1,1.0000,0.0000,0.7081,36.2228,1.8121,0.0548,0.0000,0.0000
11935,C2,adaptive,486,2.4300,-0.0037,0.1067,0,5.5556,1,1.0000,0.0000,0.6852,36.4114,1.6553,-0.0725,0.0000,0.0000
11936,C2,stressed,471,2.3550,-0.0030,0.1269,0,5.3000,1,1.0000,0.0000,0.6858,37.5882,1.8713,-0.1088,0.0000,0.0000
11937,C2,stressed,479,2.3950,-0.0074,0.1251,0,4.3846,1,1.0000,0.0000,0.7015,35.0536,1.7868,0.1425,0.0000,0.0000
11938,C2,adaptive,447,2.2350,-0.0022,0.0975,0,2.9375,1,1.0000,0.0000,0.6868,35.6352,1.6656,0.0405,0.0000,0.0000
11939,C2,adaptive,475,2.3750,-0.0036,0.1051,0,3.1875,1,1.0000,0.0000,0.6863,32.5890,1.6724,0.0284,0.0000,0.0000
11940,C2,stressed,478,2.3900,-0.0039,0.1213,0,4.2500,1,1.0000,0.0000,0.6360,33.0822,1.8343,0.0243,0.0000,0.0000
11941,C2,stressed,493,2.4650,-0.0044,0.1225,0,4.4615,1,1.0000,0.0000,0.6815,33.6964,1.7197,0.1267,0.0000,0.0000
11942,C2,adaptive,523,2.6150,-0.0023,0.1098,0,4.5000,1,1.0000,0.0000,0.6864,32.5850,2.0822,0.1253,0.0000,0.0000
11943,C2,adaptive,531,2.6550,-0.0039,0.1069,0,3.6875,1,1.0000,0.0000,0.7250,33.5844,1.4573,0.1843,0.0000,0.0000
11944,C2,adaptive,478,2.3900,-0.0032,0.1248,0,4.0769,1,1.0000,0.0000,0.7113,35.9794,2.3569,0.0042,0.0000,0.0000
11945,C2,adaptive,492,2.4600,-0.0045,0.0840,0,2.9375,1,1.0000,0.0000,0.7541,37.4609,1.7959,0.1288,0.0000,0.0000
11946,C2,stressed,482,2.4100,-0.0056,0.1404,0,6.1111,1,1.0000,0.0000,0.7261,38.4257,1.7245,0.1910,0.0000,0.0000
11947,C2,adaptive,505,2.5250,-0.0044,0.1467,0,4.0000,1,1.0000,0.0000,0.6931,39.2686,1.7015,-0.0110,0.0000,0.0000
11948,C2,adaptive,488,2.4400,-0.0028,0.1110,0,5.5556,1,1.0000,0.0000,0.6824,37.3393,1.8045,0.0273,0.0000,0.0000
11949,C2,stressed,541,2.7050,-0.0021,0.1138,0,5.7000,1,1.0000,0.0000,0.7043,35.5669,1.8479,0.0085,0.0000,0.0000
11950,C2,broken_down,511,2.5550,-0.0045,0.1502,0,6.3000,1,0.9848,0.0182,0.7182,33.6594,1.5575,0.0957,0.0000,0.0000
11951,C2,broken_down,463,2.3150,-0.0059,0.1165,0,3.3125,1,1.0000,0.0000,0.7343,37.8412,1.6460,-0.0504,0.0000,0.0000
11952,C2,adaptive,477,2.3850,-0.0044,0.0963,0,2.7222,1,1.0000,0.0000,0.6939,39.2115,1.4798,0.0734,0.0000,0.0000
11953,C2,stable,525,2.6250,-0.0056,0.1119,0,3.4375,1,1.0000,0.0000,0.6857,32.3389,1.9441,0.0215,0.0000,0.0000
11954,C2,broken_down,503,2.5150,-0.0034,0.1516,0,6.2222,1,1.0000,0.0000,0.7217,40.4711,1.6321,0.1463,0.0000,0.0000
11955,C2,adaptive,504,2.5200,-0.0080,0.1174,0,3.7857,1,1.0000,0.0000,0.7401,36.4558,1.5817,0.0522,0.0000,0.0000
11956,C2,adaptive,488,2.4400,-0.0051,0.1008,0,4.9000,1,1.0000,0.0000,0.7029,33.3615,1.7605,0.0092,0.0000,0.0000
11957,C2,adaptive,496,2.4800,-0.0048,0.1250,0,3.3529,1,1.0000,0.0000,0.7298,36.6243,1.8596,0.1485,0.0000,0.0000
11958,C2,broken_down,462,2.3100,-0.0007,0.1100,0,4.9000,1,1.0000,0.0000,0.7165,40.0876,1.8620,-0.0351,0.0000,0.0000
11959,C2,broken_down,480,2.4000,-0.0019,0.1212,0,3.6000,1,1.0000,0.0000,0.6896,39.9637,1.8502,0.0395,0.0000,0.0000
11960,C2,broken_down,498,2.4900,-0.0041,0.1058,0,3.1176,1,1.0000,0.0000,0.6807,35.2389,2.0477,0.0284,0.0000,0.0000
11961,C2,stressed,472,2.3600,-0.0069,0.1278,0,4.4545,1,1.0000,0.0000,0.6928,35.2477,1.8427,0.1691,0.0000,0.0000
11962,C2,adaptive,474,2.3700,-0.0082,0.1083,0,2.6111,1,1.0000,0.0000,0.7236,36.9504,2.0227,0.1214,0.0000,0.0000
11963,C2,adaptive,498,2.4900,-0.0046,0.1068,0,3.4667,1,1.0000,0.0000,0.6847,34.7742,1.7174,0.0620,0.0000,0.0000
11964,C2,broken_down,486,2.4300,-0.0022,0.1423,0,11.0000,1,1.0000,0.0000,0.6667,36.3117,1.7550,-0.0334,0.0000,0.0000
11965,C2,adaptive,481,2.4050,-0.0021,0.1166,0,4.0714,1,1.0000,0.0000,0.6985,34.8601,1.6795,-0.0292,0.0000,0.0000
11966,C2,adaptive,464,2.3200,-0.0024,0.1067,0,6.3750,1,1.0000,0.0000,0.6940,34.2267,1.4692,-0.0187,0.0000,0.0000
11967,C2,adaptive,475,2.3750,-0.0011,0.1058,0,3.3333,1,1.0000,0.0000,0.7179,40.5015,1.5646,0.0675,0.0000,0.0000
11968,C2,stressed,500,2.5000,-0.0072,0.0940,0,3.1250,1,1.0000,0.0000,0.6660,34.8198,1.7838,0.0273,0.0000,0.0000
11969,C2,stressed,486,2.4300,-0.0011,0.1032,0,3.3333,1,1.0000,0.0000,0.7222,35.3647,1.8642,-0.0447,0.0000,0.0000
11970,C2,adaptive,422,2.1100,-0.0016,0.1055,0,4.1818,1,1.0000,0.0000,0.6706,39.2544,1.2525,0.0426,0.0000,0.0000
11971,C2,adaptive,500,2.5000,-0.0041,0.1247,0,3.6875,1,1.0000,0.0000,0.7100,35.2085,1.6312,0.0020,0.0000,0.0000
11972,C2,adaptive,485,2.4250,-0.0034,0.1046,0,3.1250,1,0.9848,0.0182,0.7216,38.7171,1.5201,0.0804,0.0000,0.0000
11973,C2,stressed,471,2.3550,-0.0031,0.1354,0,3.7333,1,0.9848,0.0182,0.6858,31.9598,1.5630,-0.0007,0.0000,0.0000
11974,C2,adaptive,506,2.5300,-0.0024,0.1011,0,5.0000,1,1.0000,0.0000,0.7233,33.7077,1.9240,-0.0818,0.0000,0.0000
11975,C2,adaptive,453,2.2650,-0.0061,0.1275,0,3.6923,1,0.9848,0.0182,0.6865,35.0900,1.4197,0.1869,0.0000,0.0000
11976,C2,adaptive,482,2.4100,-0.0054,0.1359,0,3.9286,1,1.0000,0.0000,0.7012,33.9734,1.7097,0.0726,0.0000,0.0000
11977,C2,stressed,492,2.4600,-0.0037,0.1111,0,3.6429,1,1.0000,0.0000,0.6809,35.0746,1.8370,0.0302,0.0000,0.0000
11978,C2,stressed,487,2.4350,-0.0031,0.1018,0,3.7692,1,0.9848,0.0182,0.7187,37.5314,1.6485,0.0799,0.0000,0.0000
11979,C2,adaptive,478,2.3900,-0.0077,0.0987,0,2.7368,1,1.0000,0.0000,0.6736,33.8075,1.3199,0.0868,0.0000,0.0000
11980,C2,broken_down,483,2.4150,-0.0024,0.1134,0,2.7778,1,1.0000,0.0000,0.7246,36.7429,1.6965,0.1004,0.0000,0.0000
11981,C2,adaptive,495,2.4750,-0.0037,0.1032,0,3.7692,1,1.0000,0.0000,0.7131,36.9490,1.4969,0.1346,0.0000,0.0000
11982,C2,broken_down,450,2.2500,-0.0026,0.1237,0,6.5714,1,1.0000,0.0000,0.6889,44.1806,1.6239,0.0719,0.0000,0.0000
11983,C2,adaptive,465,2.3250,-0.0024,0.1349,0,7.1429,1,1.0000,0.0000,0.6968,37.3611,1.7318,-0.0303,0.0000,0.0000
11984,C2,adaptive,482,2.4100,-0.0032,0.1611,0,4.3846,1,1.0000,0.0000,0.7427,40.8715,1.6836,0.0072,0.0000,0.0000
11985,C2,stressed,464,2.3200,-0.0018,0.1027,0,5.7500,1,1.0000,0.0000,0.6724,38.1795,1.7883,-0.0417,0.0000,0.0000
11986,C2,broken_down,477,2.3850,-0.0067,0.1127,0,3.6429,1,1.0000,0.0000,0.7128,36.0000,1.6068,0.0978,0.0000,0.0000
11987,C2,stressed,486,2.4300,-0.0048,0.0995,0,2.8235,1,1.0000,0.0000,0.7263,36.8102,1.7936,-0.0421,0.0000,0.0000
11988,C2,adaptive,473,2.3650,-0.0004,0.1439,0,4.2500,1,1.0000,0.0000,0.6808,34.8292,1.7005,-0.0322,0.0000,0.0000
11989,C2,broken_down,485,2.4250,-0.0058,0.1359,0,4.5000,1,1.0000,0.0000,0.7258,33.1790,1.7917,-0.0621,0.0000,0.0000
11990,C2,stressed,478,2.3900,-0.0057,0.1412,0,4.9167,1,1.0000,0.0000,0.7134,30.1584,1.3855,0.1085,0.0000,0.0000
11991,C2,adaptive,470,2.3500,-0.0057,0.1358,0,4.9000,1,1.0000,0.0000,0.7149,35.7589,1.5817,0.1343,0.0000,0.0000
11992,C2,adaptive,468,2.3400,-0.0034,0.1321,0,5.4000,1,1.0000,0.0000,0.6816,42.2132,1.5884,0.1587,0.0000,0.0000
11993,C2,adaptive,487,2.4350,-0.0027,0.1299,0,4.0000,1,1.0000,0.0000,0.6899,32.8125,1.6982,0.1090,0.0000,0.0000
11994,C2,adaptive,475,2.3750,-0.0027,0.1493,0,5.0000,1,1.0000,0.0000,0.6716,39.2038,1.7146,0.0858,0.0000,0.0000
11995,C2,broken_down,494,2.4700,-0.0021,0.1275,0,3.7333,1,1.0000,0.0000,0.7348,37.5289,1.8428,0.0173,0.0000,0.0000
11996,C2,adaptive,486,2.4300,-0.0046,0.1080,0,4.2500,1,1.0000,0.0000,0.6975,36.9233,1.5678,0.1845,0.0000,0.0000
11997,C2,adaptive,489,2.4450,-0.0045,0.1086,0,3.5625,1,1.0000,0.0000,0.7035,34.0262,1.8193,0.1580,0.0000,0.0000
11998,C2,adaptive,460,2.3000,-0.0019,0.1232,0,3.6923,1,1.0000,0.0000,0.6957,39.6719,1.5071,0.0811,0.0000,0.0000
11999,C2,adaptive,495,2.4750,-0.0035,0.1160,0,4.5455,1,1.0000,0.0000,0.6909,34.6111,1.5752,0.0532,0.0000,0.0000
12000,C3,adaptive,675,3.3750,-0.0031,0.1235,0,3.8824,1,1.0000,0.0000,0.7126,32.6861,1.9879,-0.1215,0.3333,0.1168
12001,C3,adaptive,668,3.3400,0.0017,0.1161,0,4.8571,1,1.0000,0.0000,0.7680,30.8791,2.1013,-0.0296,0.5000,0.0995
12002,C3,broken_down,646,3.2300,-0.0037,0.1050,0,7.3750,1,0.9872,0.0152,0.7198,33.1871,2.2468,0.0068,0.4043,0.0879
12003,C3,adaptive,676,3.3800,-0.0008,0.1088,0,4.0000,1,1.0000,0.0000,0.7426,32.0100,2.1898,-0.0260,0.4746,0.1054
12004,C3,adaptive,695,3.4750,0.0003,0.1246,0,8.2500,1,1.0000,0.0000,0.7209,29.5689,2.2958,0.0034,0.2642,0.0886
12005,C3,broken_down,702,3.5100,-0.0001,0.1050,0,4.3333,1,1.0000,0.0000,0.7137,31.7445,2.4123,-0.0496,0.4889,0.0738
12006,C3,broken_down,646,3.2300,-0.0038,0.1012,0,3.3158,1,1.0000,0.0000,0.7446,34.6840,2.1729,-0.0081,0.3469,0.0886
12007,C3,adaptive,679,3.3950,-0.0025,0.0915,0,4.4286,1,1.0000,0.0000,0.7511,32.0686,2.1283,-0.1263,0.4107,0.0974
12008,C3,adaptive,666,3.3300,-0.0007,0.1213,0,3.8333,1,1.0000,0.0000,0.7282,33.5691,2.1722,0.0520,0.4237,0.1046
12009,C3,stable,658,3.2900,-0.0034,0.1059,0,5.1538,1,1.0000,0.0000,0.6960,32.6070,2.3316,0.0556,0.4364,0.0996
12010,C3,broken_down,666,3.3300,0.0007,0.0862,0,4.2857,1,1.0000,0.0000,0.7207,32.3958,1.6133,0.0389,0.5088,0.1018
12011,C3,broken_down,666,3.3300,-0.0052,0.0993,0,3.0500,1,1.0000,0.0000,0.7402,32.1055,2.1150,-0.0733,0.4681,0.0798
12012,C3,adaptive,675,3.3750,0.0023,0.0944,0,3.5000,1,1.0000,0.0000,0.7304,29.0852,2.3104,-0.0306,0.4038,0.0917
12013,C3,broken_down,682,3.4100,-0.0037,0.1175,0,3.7778,1,1.0000,0.0000,0.7463,32.2574,2.4531,0.0219,0.4545,0.0948
12014,C3,broken_down,655,3.2750,-0.0018,0.1099,0,5.1667,1,1.0000,0.0000,0.7435,31.3552,2.0038,0.0561,0.4630,0.0976
12015,C3,broken_down,693,3.4650,-0.0038,0.0919,0,3.3000,1,1.0000,0.0000,0.7287,28.5287,2.1431,0.0231,0.5273,0.0940
12016,C3,adaptive,702,3.5100,0.0007,0.1120,0,5.9167,1,0.9872,0.0152,0.7322,29.7374,1.8771,-0.0528,0.4464,0.0930
12017,C3,adaptive,649,3.2450,-0.0034,0.1261,0,5.3333,1,1.0000,0.0000,0.7057,33.7162,2.7686,-0.0891,0.6383,0.0864
12018,C3,stable,688,3.4400,-0.0004,0.1129,0,4.3750,1,1.0000,0.0000,0.7442,30.5859,1.8301,0.1544,0.3030,0.1132
12019,C3,adaptive,659,3.2950,-0.0023,0.1116,0,4.2000,1,1.0000,0.0000,0.7011,31.9978,2.1757,0.0148,0.4419,0.0765
12020,C3,stable,659,3.2950,-0.0020,0.1090,0,3.8750,1,1.0000,0.0000,0.7329,33.8551,1.7232,-0.0379,0.4590,0.1117
12021,C3,stable,630,3.1500,-0.0012,0.1253,0,4.1333,1,1.0000,0.0000,0.7302,33.5087,2.2043,0.0176,0.4464,0.1045
12022,C3,adaptive,687,3.4350,0.0000,0.1140,0,3.8824,1,1.0000,0.0000,0.7467,29.7524,2.2789,0.0005,0.5455,0.1152
12023,C3,stable,670,3.3500,-0.0047,0.1093,0,5.0000,1,0.9872,0.0152,0.7343,33.0508,2.2666,0.0586,0.4211,0.1031
12024,C3,adaptive,683,3.4150,-0.0069,0.1018,0,4.7857,1,1.0000,0.0000,0.7423,31.4694,2.3824,0.0235,0.3721,0.0735
12025,C3,adaptive,661,3.3050,-0.0018,0.0947,0,3.1500,1,1.0000,0.0000,0.7534,35.4598,2.4140,-0.0598,0.4038,0.0927
12026,C3,broken_down,647,3.2350,0.0003,0.1053,0,5.0833,1,1.0000,0.0000,0.7218,31.4111,2.3216,0.0121,0.5094,0.0962
12027,C3,adaptive,653,3.2650,-0.0019,0.1197,0,5.0833,1,1.0000,0.0000,0.6998,34.4792,1.8909,-0.0446,0.4808,0.0942
12028,C3,adaptive,689,3.4450,-0.0047,0.1014,0,4.5000,1,1.0000,0.0000,0.7649,30.4801,2.0669,-0.0715,0.5357,0.0961
12029,C3,stable,657,3.2850,-0.0011,0.1035,0,3.2381,1,1.0000,0.0000,0.7382,37.2742,2.2403,-0.1155,0.4912,0.1029
12030,C3,stable,703,3.5150,0.0013,0.1123,0,4.4000,1,1.0000,0.0000,0.7112,35.5420,2.4184,0.0211,0.5254,0.0995
12031,C3,stable,653,3.2650,0.0008,0.1206,0,5.3333,1,1.0000,0.0000,0.7779,29.6378,2.1431,-0.0492,0.5556,0.0811
12032,C3,stressed,642,3.2100,0.0011,0.1237,0,5.0000,1,1.0000,0.0000,0.7118,30.1160,2.2257,-0.0043,0.5185,0.1006
12033,C3,adaptive,641,3.2050,-0.0043,0.1150,0,4.4286,1,0.9872,0.0152,0.7114,34.3860,1.8364,0.2023,0.4200,0.0923
12034,C3,adaptive,633,3.1650,-0.0030,0.0977,0,4.5385,1,1.0000,0.0000,0.7141,31.2500,1.9569,-0.0233,0.5636,0.1050
12035,C3,adaptive,635,3.1750,0.0009,0.1090,0,3.2105,1,1.0000,0.0000,0.7512,35.7086,1.9182,-0.1029,0.4231,0.0998
12036,C3,adaptive,669,3.3450,-0.0022,0.1200,0,4.0000,1,0.9872,0.0152,0.7519,33.6243,2.1615,-0.0454,0.4762,0.1113
12037,C3,adaptive,654,3.2700,-0.0012,0.1273,0,5.3077,1,1.0000,0.0000,0.7584,31.5464,2.0081,-0.0036,0.4898,0.0886
12038,C3,stable,651,3.2550,-0.0025,0.0967,0,4.5385,1,1.0000,0.0000,0.7312,31.6218,2.6516,-0.1363,0.6364,0.0998
12039,C3,adaptive,650,3.2500,-0.0019,0.1060,0,5.5455,1,1.0000,0.0000,0.7415,32.2490,1.9260,0.0211,0.4912,0.1033
12040,C3,adaptive,641,3.2050,-0.0053,0.1032,0,3.7500,1,1.0000,0.0000,0.7067,31.3046,2.3286,-0.0116,0.5116,0.0793
12041,C3,broken_down,639,3.1950,0.0005,0.0816,0,3.6875,1,1.0000,0.0000,0.7293,30.7167,2.1458,0.0494,0.4815,0.1007
12042,C3,adaptive,711,3.5550,-0.0016,0.1194,0,5.0000,1,1.0000,0.0000,0.7834,30.2460,2.4505,0.0660,0.5000,0.0943
12043,C3,adaptive,720,3.6000,-0.0030,0.1197,0,3.7895,1,1.0000,0.0000,0.7542,29.4457,2.3405,-0.0280,0.5667,0.0966
12044,C3,broken_down,656,3.2800,-0.0021,0.1212,0,7.6667,1,1.0000,0.0000,0.7241,32.1200,1.9980,-0.0266,0.4833,0.1079
12045,C3,adaptive,654,3.2700,-0.0028,0.1282,0,5.3846,1,1.0000,0.0000,0.7355,31.4615,2.0766,0.0623,0.3770,0.1105
12046,C3,stable,667,3.3350,-0.0036,0.1239,0,5.0000,1,0.9872,0.0152,0.7271,29.4598,2.4492,-0.0054,0.5091,0.0993
12047,C3,broken_down,642,3.2100,-0.0043,0.1227,0,6.8889,1,1.0000,0.0000,0.7025,31.3082,2.0842,-0.0734,0.3725,0.0934
12048,C3,stable,671,3.3550,-0.0037,0.1039,0,8.5714,1,0.9872,0.0152,0.7511,33.2917,2.3359,0.0020,0.6102,0.1017
12049,C3,stressed,638,3.1900,0.0004,0.1051,0,4.9231,1,1.0000,0.0000,0.7414,33.6934,2.4391,-0.0734,0.3654,0.0961
12050,C3,broken_down,659,3.2950,-0.0005,0.1417,0,6.5455,1,1.0000,0.0000,0.7162,31.3771,2.1722,0.1176,0.4468,0.0850
12051,C3,adaptive,638,3.1900,-0.0004,0.1235,0,4.3125,1,0.9872,0.0152,0.7006,32.6823,2.1684,0.0565,0.4493,0.1337
12052,C3,stable,636,3.1800,-0.0036,0.1309,0,5.2308,1,1.0000,0.0000,0.7044,32.5201,2.3048,0.1117,0.4510,0.0960
12053,C3,broken_down,700,3.5000,-0.0005,0.1040,0,3.7222,1,1.0000,0.0000,0.7257,33.8031,2.3439,0.0759,0.5098,0.0866
12054,C3,adaptive,617,3.0850,-0.0033,0.1067,0,3.8000,1,1.0000,0.0000,0.7277,34.7773,1.7506,-0.0756,0.4048,0.0806
12055,C3,stressed,655,3.2750,-0.0046,0.1076,0,3.7222,1,1.0000,0.0000,0.7634,32.6260,2.0706,-0.0208,0.4651,0.0772
12056,C3,adaptive,689,3.4450,-0.0004,0.1101,0,3.5556,1,1.0000,0.0000,0.7460,31.0700,2.8186,-0.0228,0.4651,0.0725
12057,C3,stable,672,3.3600,-0.0041,0.1071,0,4.9231,1,1.0000,0.0000,0.7530,34.2115,2.3824,0.0692,0.4561,0.1023
12058,C3,adaptive,684,3.4200,-0.0027,0.1075,0,3.1429,1,1.0000,0.0000,0.7368,29.9524,2.0915,-0.0304,0.5000,0.0897
12059,C3,broken_down,669,3.3450,-0.0017,0.0957,0,4.4000,1,1.0000,0.0000,0.7429,34.4748,2.0285,-0.0429,0.3636,0.1189
12060,C3,adaptive,640,3.2000,0.0000,0.1197,0,4.3333,1,1.0000,0.0000,0.7438,33.7395,2.3457,-0.0695,0.3404,0.0856
12061,C3,adaptive,683,3.4150,-0.0037,0.1005,0,4.0625,1,1.0000,0.0000,0.7335,30.1956,2.2704,-0.0569,0.4600,0.0870
12062,C3,adaptive,659,3.2950,-0.0031,0.1121,0,3.5000,1,1.0000,0.0000,0.7527,29.8185,1.9935,0.0707,0.5349,0.0764
12063,C3,adaptive,710,3.5500,-0.0028,0.1365,0,6.0000,1,1.0000,0.0000,0.7127,30.3320,2.1931,-0.0100,0.3438,0.1098
12064,C3,adaptive,651,3.2550,-0.0010,0.1264,0,7.3333,1,1.0000,0.0000,0.7296,34.8947,2.2208,-0.1359,0.5000,0.1255
12065,C3,broken_down,607,3.0350,0.0007,0.1201,0,11.8000,1,1.0000,0.0000,0.7298,33.2280,2.1428,0.0872,0.5882,0.0994
12066,C3,adaptive,713,3.5650,-0.0010,0.0962,0,4.7143,1,1.0000,0.0000,0.7391,31.2353,2.4570,0.0418,0.5172,0.0980
12067,C3,broken_down,642,3.2100,-0.0043,0.1078,0,3.7059,1,1.0000,0.0000,0.7492,32.1663,1.8660,0.1071,0.2979,0.0866
12068,C3,broken_down,649,3.2450,-0.0037,0.1176,0,5.2500,1,1.0000,0.0000,0.6857,31.4427,1.8931,0.0693,0.3333,0.0985
12069,C3,stable,683,3.4150,-0.0071,0.1322,0,4.1176,1,1.0000,0.0000,0.7335,28.3214,2.3265,0.0897,0.5397,0.1123
12070,C3,stable,696,3.4800,-0.0044,0.1244,0,3.5789,1,0.9872,0.0152,0.7356,32.1367,1.9946,0.0082,0.4091,0.1144
12071,C3,stable,660,3.3000,-0.0023,0.1121,0,7.0000,1,0.9872,0.0152,0.7379,35.0698,1.8399,0.1049,0.3810,0.1158
12072,C3,adaptive,676,3.3800,0.0015,0.0967,0,4.0625,1,0.9872,0.0152,0.7352,29.6258,2.4015,0.0817,0.3774,0.0919
12073,C3,adaptive,689,3.4450,-0.0042,0.1063,0,2.8333,1,1.0000,0.0000,0.7388,31.5678,1.7494,0.1895,0.2742,0.1058
12074,C3,adaptive,651,3.2550,-0.0031,0.1210,0,6.2000,1,0.9872,0.0152,0.7496,31.5615,2.0497,0.0565,0.5263,0.1036
12075,C3,broken_down,690,3.4500,-0.0002,0.1110,0,4.6667,1,1.0000,0.0000,0.7652,31.7841,2.4918,-0.0913,0.3636,0.0945
12076,C3,adaptive,641,3.2050,-0.0006,0.1058,0,3.0952,1,1.0000,0.0000,0.7285,33.6403,2.2962,-0.1321,0.6000,0.0943
12077,C3,adaptive,652,3.2600,-0.0012,0.1262,0,4.6429,1,1.0000,0.0000,0.7377,32.2495,2.6158,0.0233,0.5082,0.1134
12078,C3,adaptive,701,3.5050,-0.0011,0.0979,0,3.8889,1,0.9872,0.0152,0.7233,32.9882,1.9529,-0.0149,0.4510,0.0846
12079,C3,broken_down,669,3.3450,-0.0062,0.0970,0,4.7692,1,1.0000,0.0000,0.7608,33.9843,2.3316,0.0342,0.5849,0.0952
12080,C3,adaptive,653,3.2650,-0.0010,0.1258,0,4.7857,1,1.0000,0.0000,0.7259,33.6498,1.9542,-0.0035,0.3061,0.0877
12081,C3,adaptive,651,3.2550,-0.0002,0.1063,0,4.4286,1,1.0000,0.0000,0.7588,32.0972,1.6871,0.1744,0.5957,0.0853
12082,C3,stable,643,3.2150,-0.0028,0.1060,0,5.0833,1,1.0000,0.0000,0.7667,32.3408,1.8812,0.0662,0.4615,0.0958
12083,C3,adaptive,695,3.4750,-0.0006,0.1286,0,5.5833,1,1.0000,0.0000,0.7468,30.3333,2.3759,0.1094,0.5000,0.0862
12084,C3,adaptive,692,3.4600,-0.0008,0.0927,0,5.6364,1,1.0000,0.0000,0.7572,31.2233,2.1637,-0.0926,0.4528,0.0901
12085,C3,stable,689,3.4450,0.0017,0.0978,0,5.7273,1,1.0000,0.0000,0.7431,29.1914,2.4220,-0.0871,0.3621,0.1014
12086,C3,broken_down,689,3.4450,-0.0017,0.1085,0,4.4667,1,1.0000,0.0000,0.7431,33.3652,1.8645,0.0791,0.3273,0.0947
12087,C3,broken_down,640,3.2000,-0.0025,0.0829,0,3.8000,1,1.0000,0.0000,0.7359,30.1380,1.9839,0.0081,0.5208,0.0891
12088,C3,broken_down,689,3.4450,0.0019,0.1308,0,7.7778,1,1.0000,0.0000,0.7547,30.9904,2.1625,0.0182,0.5000,0.1036
12089,C3,broken_down,667,3.3350,-0.0017,0.1008,0,4.0667,1,1.0000,0.0000,0.7346,32.2469,2.0641,0.0705,0.4634,0.0714
12090,C3,adaptive,646,3.2300,-0.0028,0.1143,0,3.8333,1,1.0000,0.0000,0.7663,33.5737,1.9147,-0.0778,0.4286,0.0762
12091,C3,adaptive,650,3.2500,-0.0001,0.0996,0,4.0588,1,1.0000,0.0000,0.6938,31.4501,2.1771,0.0934,0.4340,0.0972
12092,C3,adaptive,663,3.3150,-0.0034,0.0896,0,3.3333,1,1.0000,0.0000,0.7436,31.6349,2.0806,0.1217,0.3793,0.1034
12093,C3,stable,678,3.3900,-0.0030,0.0948,0,4.1333,1,1.0000,0.0000,0.7743,32.7962,1.8084,0.0676,0.4821,0.0972
12094,C3,adaptive,643,3.2150,-0.0010,0.1055,0,4.2857,1,1.0000,0.0000,0.7325,33.9384,1.8372,0.0246,0.4630,0.1049
12095,C3,adaptive,633,3.1650,-0.0046,0.1135,0,3.7059,1,1.0000,0.0000,0.7346,29.5935,2.1424,-0.0048,0.4127,0.1191
12096,C3,stable,685,3.4250,0.0003,0.0993,0,3.7647,1,1.0000,0.0000,0.7562,31.8649,2.0606,0.0079,0.4038,0.0895
12097,C3,adaptive,710,3.5500,0.0070,0.0912,0,4.2667,1,1.0000,0.0000,0.6789,32.0519,2.2712,0.0361,0.4426,0.1025
12098,C3,adaptive,644,3.2200,-0.0047,0.1180,0,6.2000,1,1.0000,0.0000,0.7143,32.6848,1.9244,0.0620,0.5556,0.0996
12099,C3,stable,686,3.4300,-0.0032,0.1155,0,5.7500,1,1.0000,0.0000,0.7318,30.4223,2.2937,0.1079,0.5500,0.1045
12100,C3,broken_down,688,3.4400,-0.0015,0.1212,0,4.7143,1,1.0000,0.0000,0.7340,32.8416,2.4166,-0.0005,0.5000,0.1003
12101,C3,adaptive,685,3.4250,-0.0037,0.1152,0,3.3500,1,1.0000,0.0000,0.7518,30.7049,2.3256,-0.0726,0.3731,0.1190
12102,C3,adaptive,659,3.2950,-0.0001,0.0964,0,3.1579,1,1.0000,0.0000,0.7390,32.6530,2.2180,-0.0300,0.5556,0.0811
12103,C3,adaptive,655,3.2750,-0.0032,0.0998,0,3.7500,1,1.0000,0.0000,0.7634,34.1800,1.9756,0.0747,0.4500,0.1105
12104,C3,adaptive,659,3.2950,-0.0009,0.1079,0,3.6471,1,1.0000,0.0000,0.7223,32.1408,2.5752,-0.0904,0.3333,0.1093
12105,C3,stable,624,3.1200,0.0003,0.1114,0,6.8889,1,1.0000,0.0000,0.7372,32.6674,2.3408,0.0383,0.4314,0.0962
12106,C3,adaptive,687,3.4350,0.0005,0.1265,0,4.1250,1,1.0000,0.0000,0.7496,31.7903,2.6809,0.0030,0.4423,0.0906
12107,C3,adaptive,725,3.6250,-0.0008,0.1193,0,4.2778,1,1.0000,0.0000,0.7490,30.9890,2.4998,-0.0349,0.4906,0.0872
12108,C3,stable,691,3.4550,-0.0027,0.0997,0,4.2353,1,1.0000,0.0000,0.7656,29.7221,2.4421,-0.0358,0.5185,0.0931
12109,C3,adaptive,677,3.3850,-0.0007,0.1229,0,4.8571,1,1.0000,0.0000,0.7459,29.9050,2.6352,-0.1239,0.3818,0.0980
12110,C3,broken_down,638,3.1900,-0.0001,0.0984,0,5.0000,1,1.0000,0.0000,0.7508,34.6493,2.0300,-0.0130,0.5455,0.0810
12111,C3,stressed,656,3.2800,-0.0034,0.1248,0,6.5000,1,1.0000,0.0000,0.7515,31.0325,2.3053,-0.0419,0.4138,0.1051
12112,C3,adaptive,656,3.2800,-0.0030,0.1224,0,3.5789,1,1.0000,0.0000,0.7378,32.2851,2.1157,-0.0358,0.3898,0.1071
12113,C3,adaptive,637,3.1850,-0.0008,0.0920,0,3.0000,1,1.0000,0.0000,0.7064,34.0289,1.8295,0.0014,0.5000,0.0952
12114,C3,adaptive,651,3.2550,-0.0038,0.1184,0,4.1333,1,1.0000,0.0000,0.7527,36.1776,2.0019,0.0306,0.5263,0.1058
12115,C3,adaptive,647,3.2350,-0.0001,0.0932,0,4.0000,1,1.0000,0.0000,0.7403,33.2568,2.3143,-0.0453,0.5517,0.1074
12116,C3,adaptive,665,3.3250,-0.0019,0.0958,0,4.4286,1,1.0000,0.0000,0.7534,32.9301,2.1886,-0.0581,0.5417,0.0845
12117,C3,adaptive,682,3.4100,-0.0031,0.1060,0,4.2000,1,1.0000,0.0000,0.7273,30.2823,1.9726,0.0068,0.5000,0.0900
12118,C3,broken_down,666,3.3300,-0.0006,0.1132,0,5.5455,1,1.0000,0.0000,0.7207,31.9500,2.1023,-0.0723,0.4590,0.1105
12119,C3,adaptive,637,3.1850,-0.0013,0.0947,0,4.4286,1,1.0000,0.0000,0.6907,30.0205,2.2858,-0.0365,0.4000,0.0817
12120,C3,stable,668,3.3400,0.0020,0.1223,0,5.2500,1,1.0000,0.0000,0.7515,32.1853,2.0977,0.0141,0.3871,0.1123
12121,C3,adaptive,658,3.2900,-0.0029,0.1066,0,4.4286,1,1.0000,0.0000,0.6930,31.4649,1.9671,0.0322,0.5577,0.0920
12122,C3,adaptive,679,3.3950,-0.0019,0.1103,0,3.5556,1,1.0000,0.0000,0.7423,32.1409,2.2313,0.0167,0.5000,0.0928
12123,C3,stable,672,3.3600,-0.0021,0.1424,0,5.3846,1,1.0000,0.0000,0.7589,30.4353,1.7541,-0.0062,0.4194,0.1103
12124,C3,adaptive,677,3.3850,-0.0001,0.1070,0,3.7222,1,1.0000,0.0000,0.7356,33.2711,2.0334,-0.0927,0.3860,0.1004
12125,C3,broken_down,664,3.3200,-0.0022,0.1105,0,4.4000,1,1.0000,0.0000,0.7590,33.0754,2.3655,-0.1181,0.5000,0.0954
12126,C3,stable,660,3.3000,-0.0014,0.0979,0,3.9375,1,1.0000,0.0000,0.7242,31.1736,2.5646,0.0213,0.4259,0.0966
12127,C3,broken_down,640,3.2000,0.0012,0.1163,0,4.0667,1,1.0000,0.0000,0.7172,27.7560,1.7750,0.0035,0.6047,0.0782
12128,C3,adaptive,650,3.2500,-0.0047,0.0999,0,3.4444,1,1.0000,0.0000,0.7000,32.6967,1.7306,-0.0478,0.4528,0.0987
12129,C3,stable,655,3.2750,-0.0032,0.1278,0,3.8235,1,1.0000,0.0000,0.7420,32.3374,2.2827,0.0536,0.4082,0.0875
12130,C3,broken_down,679,3.3950,-0.0043,0.1008,0,4.1176,1,1.0000,0.0000,0.7658,33.0500,1.9488,0.1580,0.4143,0.1275
12131,C3,adaptive,677,3.3850,-0.0016,0.1073,0,4.2000,1,1.0000,0.0000,0.7430,30.0755,2.3575,0.0011,0.3750,0.0982
12132,C3,broken_down,698,3.4900,-0.0009,0.1148,0,4.6000,1,1.0000,0.0000,0.7808,31.3284,1.6772,-0.0840,0.4576,0.1003
12133,C3,broken_down,659,3.2950,-0.0013,0.1130,0,5.2308,1,1.0000,0.0000,0.7360,32.7443,2.2425,-0.0209,0.5208,0.0862
12134,C3,adaptive,651,3.2550,-0.0022,0.1184,0,3.8824,1,0.9872,0.0152,0.7588,33.0567,2.1755,-0.0889,0.5094,0.0969
12135,C3,adaptive,664,3.3200,-0.0037,0.1073,0,3.3684,1,1.0000,0.0000,0.7681,34.5118,2.2180,-0.0307,0.4792,0.0842
12136,C3,adaptive,667,3.3350,-0.0013,0.0856,0,2.9000,1,1.0000,0.0000,0.7376,33.9004,2.0369,0.0844,0.4035,0.1016
12137,C3,adaptive,654,3.2700,0.0019,0.1240,0,4.9231,1,1.0000,0.0000,0.7324,37.4071,2.5335,0.0307,0.5106,0.0861
12138,C3,adaptive,649,3.2450,-0.0029,0.1121,0,5.7273,1,1.0000,0.0000,0.7458,34.5517,2.0627,0.0101,0.5283,0.0972
12139,C3,stable,683,3.4150,-0.0007,0.1090,0,4.0000,1,1.0000,0.0000,0.7526,33.3560,2.1922,-0.1046,0.4694,0.0829
12140,C3,adaptive,672,3.3600,-0.0029,0.1207,0,5.5000,1,0.9872,0.0152,0.6949,32.4026,2.5181,-0.0164,0.4038,0.0939
12141,C3,adaptive,626,3.1300,-0.0041,0.1165,0,5.9000,1,1.0000,0.0000,0.7077,35.3567,2.3166,-0.0445,0.5200,0.0965
12142,C3,broken_down,694,3.4700,0.0031,0.1430,0,9.7500,1,1.0000,0.0000,0.7464,28.6429,2.2427,-0.0525,0.5593,0.1003
12143,C3,broken_down,634,3.1700,0.0008,0.1604,0,8.7500,1,1.0000,0.0000,0.7224,36.0961,2.2482,0.0175,0.5818,0.1030
12144,C3,adaptive,659,3.2950,0.0007,0.1156,0,4.6429,1,0.9872,0.0152,0.7162,34.6504,2.3513,-0.0330,0.4200,0.0885
12145,C3,adaptive,630,3.1500,-0.0003,0.0999,0,3.7500,1,1.0000,0.0000,0.7000,33.3991,2.5299,0.1065,0.5909,0.0826
12146,C3,stable,663,3.3150,-0.0029,0.0989,0,5.7273,1,1.0000,0.0000,0.7481,31.5565,2.4658,-0.0834,0.4000,0.0796
12147,C3,broken_down,676,3.3800,-0.0053,0.1254,0,9.4286,1,1.0000,0.0000,0.7175,34.2330,2.0533,-0.0763,0.4000,0.1049
12148,C3,adaptive,654,3.2700,0.0002,0.0889,0,4.0000,1,1.0000,0.0000,0.7171,29.3475,2.1545,0.0811,0.4531,0.1199
12149,C3,adaptive,677,3.3850,-0.0026,0.1066,0,5.5833,1,1.0000,0.0000,0.7179,30.3313,2.2386,-0.0428,0.4118,0.0872
12150,C3,adaptive,653,3.2650,-0.0009,0.1088,0,5.2500,1,1.0000,0.0000,0.7397,34.6605,2.2049,0.0389,0.4468,0.0855
12151,C3,adaptive,641,3.2050,-0.0031,0.1073,0,4.2857,1,1.0000,0.0000,0.7285,31.7987,2.1382,-0.0889,0.4000,0.1034
12152,C3,adaptive,623,3.1150,0.0019,0.0961,0,3.2222,1,1.0000,0.0000,0.7175,34.6823,2.2307,-0.0631,0.6038,0.1015
12153,C3,stable,678,3.3900,-0.0005,0.1046,0,3.4000,1,1.0000,0.0000,0.7817,32.9868,1.6335,0.0428,0.4464,0.0993
12154,C3,adaptive,668,3.3400,-0.0025,0.1294,0,7.5556,1,1.0000,0.0000,0.7350,31.5132,2.2947,0.0313,0.3621,0.1047
12155,C3,stable,672,3.3600,-0.0023,0.1261,0,9.7143,1,1.0000,0.0000,0.7426,34.7054,2.1791,-0.0014,0.5538,0.1157
12156,C3,adaptive,687,3.4350,-0.0029,0.0985,0,5.1538,1,1.0000,0.0000,0.7453,30.8203,2.2179,0.0404,0.4364,0.0937
12157,C3,broken_down,678,3.3900,0.0001,0.1105,0,4.1250,1,1.0000,0.0000,0.7434,33.5179,2.2312,-0.0253,0.5000,0.0797
12158,C3,stable,635,3.1750,-0.0010,0.1129,0,4.6154,1,1.0000,0.0000,0.7165,35.4615,1.9931,0.0828,0.4483,0.1090
12159,C3,broken_down,659,3.2950,-0.0025,0.1191,0,3.3500,1,1.0000,0.0000,0.7693,33.4004,2.2286,0.1595,0.5455,0.0991
12160,C3,broken_down,646,3.2300,0.0008,0.1093,0,3.6667,1,1.0000,0.0000,0.7105,33.5839,1.9230,-0.1362,0.4444,0.0820
12161,C3,stable,664,3.3200,0.0004,0.1253,0,6.3000,1,1.0000,0.0000,0.7455,35.9293,2.4029,0.0867,0.4576,0.1077
12162,C3,adaptive,676,3.3800,0.0012,0.1163,0,6.6000,1,1.0000,0.0000,0.7411,27.4930,2.0515,-0.0311,0.4091,0.1191
12163,C3,adaptive,701,3.5050,-0.0031,0.0902,0,4.0000,1,1.0000,0.0000,0.7432,35.6123,2.2756,-0.0005,0.4590,0.1037
12164,C3,broken_down,655,3.2750,-0.0054,0.1055,0,3.5882,1,1.0000,0.0000,0.7313,29.9896,2.6170,-0.0321,0.5273,0.1004
12165,C3,adaptive,675,3.3750,-0.0000,0.0944,0,3.5556,1,1.0000,0.0000,0.7452,31.5924,2.2396,0.0304,0.4074,0.0959
12166,C3,broken_down,662,3.3100,-0.0033,0.0995,0,4.9231,1,1.0000,0.0000,0.7251,34.4521,2.4943,0.0740,0.3750,0.1185
12167,C3,adaptive,651,3.2550,-0.0031,0.0863,0,2.6957,1,0.9872,0.0152,0.7296,32.2463,2.0305,0.0778,0.3529,0.0919
12168,C3,adaptive,684,3.4200,-0.0011,0.1113,0,6.0000,1,1.0000,0.0000,0.7544,30.8605,2.4362,-0.0632,0.5111,0.0768
12169,C3,broken_down,664,3.3200,0.0014,0.0922,0,3.3889,1,1.0000,0.0000,0.7410,32.2297,2.0003,0.0056,0.2708,0.0833
12170,C3,adaptive,650,3.2500,-0.0034,0.0909,0,4.3571,1,1.0000,0.0000,0.7231,31.4277,2.2147,0.0881,0.4902,0.0931
12171,C3,broken_down,670,3.3500,0.0013,0.1082,0,5.0833,1,1.0000,0.0000,0.7343,32.0122,2.1390,0.0251,0.5254,0.1048
12172,C3,broken_down,645,3.2250,-0.0032,0.1040,0,4.1250,1,0.9872,0.0152,0.7240,31.7002,2.6934,-0.0634,0.4667,0.0818
12173,C3,adaptive,658,3.2900,-0.0008,0.1246,0,5.0000,1,1.0000,0.0000,0.7173,32.6462,1.9321,-0.0138,0.4545,0.0989
12174,C3,adaptive,657,3.2850,0.0007,0.1136,0,4.1333,1,1.0000,0.0000,0.7412,32.6571,2.1643,-0.0532,0.4828,0.1053
12175,C3,adaptive,658,3.2900,-0.0016,0.1204,0,5.2143,1,1.0000,0.0000,0.7432,32.8037,2.3718,0.0605,0.3973,0.1375
12176,C3,adaptive,674,3.3700,0.0012,0.1139,0,4.2667,1,1.0000,0.0000,0.7285,29.1548,1.8284,0.0046,0.4746,0.1039
12177,C3,broken_down,670,3.3500,-0.0031,0.1118,0,4.9231,1,0.9872,0.0152,0.7328,31.4705,2.3828,-0.0527,0.5273,0.0980
12178,C3,stable,626,3.1300,-0.0004,0.0973,0,4.9167,1,1.0000,0.0000,0.6869,32.2860,2.2439,0.0229,0.4444,0.0865
12179,C3,adaptive,625,3.1250,-0.0036,0.1071,0,4.3571,1,1.0000,0.0000,0.7232,35.3075,2.2388,-0.0306,0.5246,0.1160
12180,C3,stable,663,3.3150,0.0001,0.1107,0,5.8182,1,1.0000,0.0000,0.7617,32.6752,2.0513,0.0002,0.5789,0.1027
12181,C3,adaptive,650,3.2500,0.0001,0.1015,0,4.4286,1,1.0000,0.0000,0.7538,32.0082,2.1939,0.0256,0.4355,0.1155
12182,C3,adaptive,648,3.2400,-0.0006,0.1168,0,5.0000,1,1.0000,0.0000,0.6806,29.1610,2.4504,-0.0544,0.4615,0.0927
12183,C3,adaptive,671,3.3550,-0.0015,0.1284,0,3.8235,1,1.0000,0.0000,0.7198,31.8530,2.6224,0.0485,0.6304,0.0785
12184,C3,stable,653,3.2650,-0.0011,0.1235,0,4.7143,1,1.0000,0.0000,0.7412,33.0455,2.0673,-0.1638,0.5397,0.1162
12185,C3,stable,656,3.2800,-0.0032,0.1076,0,6.3000,1,1.0000,0.0000,0.7271,31.9015,2.2113,-0.0062,0.5000,0.0982
12186,C3,broken_down,662,3.3100,-0.0034,0.1188,0,3.4000,1,1.0000,0.0000,0.7387,29.5849,2.2030,-0.1510,0.5441,0.1236
12187,C3,adaptive,651,3.2550,-0.0008,0.0981,0,3.7500,1,1.0000,0.0000,0.7266,31.8013,2.3025,-0.0592,0.3833,0.1115
12188,C3,stable,677,3.3850,-0.0003,0.0995,0,3.4211,1,1.0000,0.0000,0.7179,34.9897,2.1007,-0.0121,0.3830,0.0810
12189,C3,adaptive,680,3.4000,-0.0039,0.1176,0,5.3077,1,1.0000,0.0000,0.7338,31.2184,2.5919,0.0396,0.4902,0.0901
12190,C3,adaptive,660,3.3000,-0.0008,0.0944,0,3.4706,1,1.0000,0.0000,0.7318,34.2547,2.4992,-0.0829,0.5085,0.1061
12191,C3,stable,687,3.4350,0.0010,0.1171,0,3.7647,1,1.0000,0.0000,0.7365,29.8241,2.4307,-0.0839,0.4918,0.1095
12192,C3,adaptive,668,3.3400,-0.0015,0.1223,0,5.0714,1,1.0000,0.0000,0.7365,32.3740,2.0159,0.0033,0.4464,0.0996
12193,C3,adaptive,652,3.2600,-0.0047,0.0972,0,4.7692,1,0.9872,0.0152,0.7178,30.7030,2.0177,0.0336,0.5000,0.0998
12194,C3,stable,674,3.3700,-0.0011,0.1265,0,7.8889,1,1.0000,0.0000,0.7240,28.2398,2.0529,0.0365,0.5000,0.0993
12195,C3,stable,630,3.1500,-0.0008,0.1167,0,5.3333,1,1.0000,0.0000,0.6984,32.1750,1.9443,-0.0401,0.5345,0.1115
12196,C3,adaptive,637,3.1850,-0.0019,0.1118,0,5.7273,1,1.0000,0.0000,0.7253,38.2186,1.7906,-0.1582,0.3860,0.1046
12197,C3,adaptive,638,3.1900,-0.0034,0.0921,0,3.8125,1,1.0000,0.0000,0.7571,31.9172,2.0673,-0.0691,0.4038,0.0956
12198,C3,adaptive,700,3.5000,0.0005,0.1165,0,6.9000,1,1.0000,0.0000,0.7443,32.0883,2.4286,-0.0879,0.4407,0.1010
12199,C3,adaptive,662,3.3100,0.0000,0.1290,0,4.7333,1,1.0000,0.0000,0.7251,31.4312,2.6846,0.0139,0.4648,0.1322
12200,C3,adaptive,695,3.4750,-0.0024,0.1018,0,4.2667,1,1.0000,0.0000,0.7928,32.7078,2.0605,-0.0423,0.5000,0.0908
12201,C3,stable,670,3.3500,-0.0034,0.1047,0,4.8571,1,1.0000,0.0000,0.7478,32.5250,2.3046,-0.0255,0.4082,0.0872
12202,C3,adaptive,677,3.3850,0.0025,0.1059,0,7.2222,1,1.0000,0.0000,0.7430,28.5746,2.1469,-0.0743,0.3860,0.1025
12203,C3,adaptive,712,3.5600,0.0008,0.1247,0,5.5385,1,1.0000,0.0000,0.7542,29.3222,1.9893,0.0017,0.4667,0.0984
12204,C3,adaptive,644,3.2200,-0.0002,0.1288,0,4.8571,1,1.0000,0.0000,0.7283,33.1194,2.0518,0.0651,0.2979,0.0851
12205,C3,adaptive,656,3.2800,0.0010,0.1208,0,4.5333,1,1.0000,0.0000,0.7210,31.7992,2.0014,-0.0920,0.5122,0.0724
12206,C3,adaptive,655,3.2750,0.0015,0.1266,0,5.7273,1,1.0000,0.0000,0.6931,30.7137,1.7381,0.0398,0.5818,0.1002
12207,C3,adaptive,617,3.0850,-0.0000,0.1429,0,4.5714,1,1.0000,0.0000,0.6726,33.1542,1.8885,0.0014,0.4375,0.0918
12208,C3,stable,611,3.0550,-0.0029,0.1025,0,3.9375,1,1.0000,0.0000,0.7169,33.2237,2.0346,-0.0057,0.5417,0.0904
12209,C3,adaptive,698,3.4900,0.0018,0.1027,0,8.1250,1,1.0000,0.0000,0.7393,31.7481,2.1583,-0.0458,0.4308,0.1104
12210,C3,adaptive,652,3.2600,0.0016,0.1180,0,6.3000,1,1.0000,0.0000,0.7009,31.6849,2.0026,-0.0704,0.4314,0.0924
12211,C3,broken_down,648,3.2400,-0.0034,0.1211,0,5.2500,1,1.0000,0.0000,0.7608,33.1521,2.2751,-0.0561,0.5000,0.0827
12212,C3,adaptive,662,3.3100,-0.0006,0.0988,0,3.8750,1,1.0000,0.0000,0.6858,29.7511,2.4944,-0.0790,0.3800,0.0871
12213,C3,stable,654,3.2700,-0.0039,0.0972,0,3.0500,1,1.0000,0.0000,0.7171,31.1535,2.2535,-0.0767,0.4510,0.0934
12214,C3,adaptive,663,3.3150,-0.0045,0.0882,0,3.7500,1,1.0000,0.0000,0.7587,33.4513,2.4377,0.0635,0.4074,0.0963
12215,C3,adaptive,678,3.3900,-0.0011,0.1155,0,6.0833,1,1.0000,0.0000,0.7257,31.1545,2.2335,-0.1071,0.3922,0.0899
12216,C3,adaptive,657,3.2850,-0.0018,0.1072,0,6.3000,1,0.9872,0.0152,0.7732,32.2126,1.8447,-0.0319,0.4510,0.0898
12217,C3,broken_down,638,3.1900,-0.0018,0.1194,0,4.4000,1,0.9872,0.0152,0.7100,31.2075,2.1353,0.0361,0.4889,0.0830
12218,C3,adaptive,640,3.2000,0.0004,0.1070,0,6.5556,1,1.0000,0.0000,0.6937,34.2050,2.0696,-0.0114,0.4821,0.1069
12219,C3,adaptive,669,3.3450,-0.0025,0.1115,0,6.8000,1,1.0000,0.0000,0.7175,29.0875,2.4516,0.0354,0.3621,0.1045
12220,C3,adaptive,666,3.3300,0.0001,0.1019,0,4.4286,1,1.0000,0.0000,0.7147,30.6366,2.3692,-0.0947,0.5410,0.1111
12221,C3,stable,692,3.4600,-0.0055,0.1185,0,4.2500,1,1.0000,0.0000,0.7746,31.8377,2.6559,0.0247,0.4262,0.1043
12222,C3,adaptive,684,3.4200,0.0006,0.1091,0,3.9412,1,1.0000,0.0000,0.7281,32.0683,2.1459,-0.0225,0.3704,0.0928
12223,C3,adaptive,665,3.3250,-0.0031,0.1226,0,4.8462,1,1.0000,0.0000,0.7008,32.7618,2.5686,-0.0616,0.5818,0.0970
12224,C3,adaptive,689,3.4450,-0.0043,0.1058,0,4.0556,1,1.0000,0.0000,0.7852,33.6285,2.3390,0.0041,0.3922,0.0882
12225,C3,adaptive,663,3.3150,-0.0016,0.1309,0,4.3333,1,1.0000,0.0000,0.7541,31.7460,2.2077,0.0028,0.3864,0.0776
12226,C3,broken_down,658,3.2900,0.0037,0.1076,0,6.1000,1,1.0000,0.0000,0.7188,34.8161,2.5032,-0.0006,0.3443,0.1136
12227,C3,adaptive,681,3.4050,-0.0026,0.1139,0,3.4286,1,1.0000,0.0000,0.7254,33.6700,1.8631,-0.0108,0.4444,0.0761
12228,C3,broken_down,691,3.4550,-0.0030,0.0897,0,3.4211,1,1.0000,0.0000,0.7699,33.2707,2.4388,-0.0222,0.4727,0.0939
12229,C3,adaptive,617,3.0850,-0.0024,0.1184,0,6.4000,1,1.0000,0.0000,0.6969,34.5302,2.3475,-0.0080,0.4800,0.0943
12230,C3,adaptive,672,3.3600,-0.0042,0.0769,0,2.5417,1,1.0000,0.0000,0.7753,30.7735,2.1737,-0.0852,0.4545,0.0960
12231,C3,broken_down,655,3.2750,-0.0030,0.1130,0,7.0000,1,1.0000,0.0000,0.6931,31.1828,1.9845,0.0924,0.4333,0.1103
12232,C3,adaptive,639,3.1950,-0.0016,0.0941,0,4.3846,1,1.0000,0.0000,0.7324,31.5513,2.0164,0.0689,0.4898,0.0904
12233,C3,adaptive,647,3.2350,0.0001,0.1132,0,4.4000,1,1.0000,0.0000,0.7388,31.6234,2.7738,-0.0364,0.4545,0.1224
12234,C3,adaptive,671,3.3550,-0.0021,0.1068,0,4.9231,1,1.0000,0.0000,0.7466,30.1477,1.9458,0.0515,0.4906,0.0941
12235,C3,adaptive,666,3.3300,-0.0022,0.1116,0,3.3333,1,1.0000,0.0000,0.7447,30.5665,2.0652,-0.0322,0.4000,0.1246
12236,C3,adaptive,668,3.3400,-0.0023,0.0818,0,2.4400,1,1.0000,0.0000,0.7680,31.9396,2.1443,-0.0312,0.4038,0.0920
12237,C3,adaptive,683,3.4150,0.0003,0.1101,0,3.0000,1,1.0000,0.0000,0.7291,29.8032,2.3020,0.0040,0.5000,0.0952
12238,C3,stable,634,3.1700,-0.0004,0.1092,0,6.4000,1,1.0000,0.0000,0.7445,31.9301,2.1994,-0.0352,0.4259,0.1021
12239,C3,adaptive,689,3.4450,-0.0008,0.0942,0,4.7143,1,1.0000,0.0000,0.7373,30.9193,2.4178,-0.0758,0.3833,0.1060
12240,C3,broken_down,647,3.2350,-0.0008,0.1146,0,5.2500,1,1.0000,0.0000,0.7372,32.9119,2.5091,-0.0346,0.2917,0.0844
12241,C3,broken_down,665,3.3250,-0.0005,0.1145,0,5.4167,1,1.0000,0.0000,0.7519,32.3740,1.9300,-0.1046,0.3385,0.1197
12242,C3,adaptive,642,3.2100,0.0004,0.0987,0,6.2000,1,1.0000,0.0000,0.7072,29.6013,2.1384,-0.0002,0.3529,0.0943
12243,C3,broken_down,684,3.4200,-0.0034,0.1012,0,4.7143,1,1.0000,0.0000,0.7032,34.1788,2.4071,0.0270,0.4737,0.1005
12244,C3,stable,695,3.4750,-0.0003,0.0914,0,3.0000,1,1.0000,0.0000,0.7453,29.2085,2.4091,0.1517,0.4677,0.1054
12245,C3,adaptive,642,3.2100,0.0032,0.1117,0,6.2000,1,0.9872,0.0152,0.7523,31.8675,2.0117,0.0836,0.3922,0.0941
12246,C3,adaptive,695,3.4750,-0.0043,0.1339,0,4.8000,1,1.0000,0.0000,0.7410,31.9553,2.1502,-0.1159,0.3881,0.1151
12247,C3,adaptive,690,3.4500,-0.0016,0.1066,0,3.7222,1,1.0000,0.0000,0.7319,34.7921,2.2965,-0.0397,0.4262,0.1037
12248,C3,broken_down,688,3.4400,-0.0035,0.0859,0,3.2632,1,1.0000,0.0000,0.7587,28.9310,1.9638,-0.0690,0.5172,0.0991
12249,C3,adaptive,661,3.3050,-0.0004,0.1073,0,4.3333,1,1.0000,0.0000,0.7640,30.7743,2.1419,-0.0833,0.4464,0.1022
12250,C3,broken_down,651,3.2550,-0.0007,0.1260,0,4.8571,1,1.0000,0.0000,0.7035,36.1834,2.1585,-0.0639,0.4000,0.0987
12251,C3,adaptive,654,3.2700,-0.0007,0.1157,0,3.3158,1,1.0000,0.0000,0.7554,33.3219,2.6977,-0.0601,0.3256,0.0762
12252,C3,adaptive,670,3.3500,-0.0011,0.0964,0,3.3158,1,1.0000,0.0000,0.7463,30.9660,1.7853,0.0837,0.5870,0.0813
12253,C3,stressed,640,3.2000,-0.0023,0.0865,0,3.5294,1,1.0000,0.0000,0.7234,33.2268,2.1111,0.0901,0.5556,0.0814
12254,C3,stable,712,3.5600,-0.0015,0.0949,0,3.6667,1,1.0000,0.0000,0.7317,29.1017,2.6396,-0.0676,0.4839,0.1046
12255,C3,broken_down,672,3.3600,-0.0007,0.1174,0,4.3750,1,1.0000,0.0000,0.7217,33.8660,1.9586,-0.0477,0.5000,0.1000
12256,C3,broken_down,655,3.2750,-0.0003,0.1186,0,6.3000,1,1.0000,0.0000,0.7405,33.4227,2.1419,-0.1464,0.4386,0.1038
12257,C3,adaptive,670,3.3500,0.0009,0.1242,0,3.9412,1,1.0000,0.0000,0.7060,34.5560,2.2543,0.0279,0.4386,0.1014
12258,C3,adaptive,667,3.3350,0.0001,0.0936,0,3.9375,1,1.0000,0.0000,0.7241,32.5507,2.3800,0.0104,0.4667,0.1095
12259,C3,stable,656,3.2800,-0.0020,0.0908,0,3.4211,1,1.0000,0.0000,0.7652,34.3506,1.8891,0.0261,0.4821,0.1005
12260,C3,broken_down,674,3.3700,-0.0041,0.0956,0,4.6429,1,1.0000,0.0000,0.7404,35.1142,1.9204,0.0333,0.4545,0.0973
12261,C3,adaptive,678,3.3900,0.0006,0.1030,0,4.5000,1,1.0000,0.0000,0.7714,31.2371,2.3667,0.0009,0.5238,0.1127
12262,C3,adaptive,631,3.1550,-0.0024,0.1273,0,4.0000,1,1.0000,0.0000,0.7464,35.4650,2.0671,-0.0566,0.5106,0.0859
12263,C3,adaptive,633,3.1650,-0.0031,0.1120,0,4.0000,1,1.0000,0.0000,0.7204,35.1820,1.6024,-0.0182,0.5472,0.0989
12264,C3,adaptive,687,3.4350,-0.0033,0.0920,0,2.7391,1,1.0000,0.0000,0.7569,32.8615,2.2055,0.0315,0.4792,0.0826
12265,C3,adaptive,655,3.2750,-0.0020,0.1285,0,3.6316,1,1.0000,0.0000,0.7802,33.1546,2.0813,0.0430,0.4103,0.0681
12266,C3,adaptive,654,3.2700,-0.0025,0.1028,0,4.0000,1,1.0000,0.0000,0.7462,34.4508,1.9251,0.0380,0.5660,0.0971
12267,C3,broken_down,634,3.1700,0.0002,0.1094,0,5.5000,1,1.0000,0.0000,0.7366,37.1585,2.0939,-0.0279,0.4222,0.0829
12268,C3,adaptive,642,3.2100,-0.0050,0.1306,0,4.2000,1,1.0000,0.0000,0.7555,36.6433,2.0638,0.0015,0.3774,0.0978
12269,C3,adaptive,663,3.3150,-0.0010,0.1121,0,3.5556,1,1.0000,0.0000,0.7134,30.0233,2.2775,-0.0838,0.4706,0.0941
12270,C3,adaptive,648,3.2400,-0.0000,0.1256,0,5.4167,1,1.0000,0.0000,0.7052,31.2954,2.2405,-0.1107,0.3396,0.0964
12271,C3,adaptive,681,3.4050,-0.0007,0.0971,0,4.5000,1,1.0000,0.0000,0.7019,32.9268,2.2679,-0.0989,0.5088,0.0983
12272,C3,adaptive,655,3.2750,-0.0031,0.0994,0,4.6154,1,1.0000,0.0000,0.7557,34.7293,1.9734,-0.0067,0.4375,0.0873
12273,C3,adaptive,674,3.3700,-0.0002,0.1130,0,5.5000,1,1.0000,0.0000,0.7715,32.9923,2.1620,-0.0388,0.3393,0.0976
12274,C3,adaptive,655,3.2750,-0.0030,0.0874,0,3.5882,1,1.0000,0.0000,0.7450,32.7049,2.0692,-0.0530,0.4340,0.0972
12275,C3,stable,631,3.1550,-0.0017,0.1192,0,4.8462,1,1.0000,0.0000,0.7211,34.2615,2.3511,0.0079,0.3774,0.1002
12276,C3,adaptive,653,3.2650,-0.0025,0.1169,0,5.0000,1,1.0000,0.0000,0.6983,31.7588,2.5946,-0.0128,0.5435,0.0833
12277,C3,adaptive,658,3.2900,-0.0001,0.1043,0,5.0833,1,1.0000,0.0000,0.7401,30.2793,2.1917,-0.0192,0.2909,0.0980
12278,C3,adaptive,689,3.4450,-0.0038,0.1025,0,4.5000,1,1.0000,0.0000,0.7199,30.0302,2.5184,0.0410,0.3721,0.0730
12279,C3,stable,698,3.4900,-0.0015,0.0959,0,2.9130,1,1.0000,0.0000,0.7607,29.2411,2.3650,0.0826,0.5319,0.0793
12280,C3,adaptive,649,3.2450,-0.0003,0.0941,0,3.9333,1,1.0000,0.0000,0.7103,30.2234,1.9839,-0.0619,0.5536,0.1022
12281,C3,adaptive,650,3.2500,-0.0014,0.1280,0,5.2500,1,1.0000,0.0000,0.7077,33.3109,1.9628,-0.0081,0.5424,0.1097
12282,C3,broken_down,652,3.2600,-0.0012,0.1234,0,6.1818,1,1.0000,0.0000,0.7316,32.3795,2.4207,0.0311,0.4615,0.0951
12283,C3,adaptive,711,3.5550,-0.0048,0.1075,0,3.8824,1,1.0000,0.0000,0.7693,27.6380,2.7645,-0.0396,0.4717,0.0889
12284,C3,adaptive,693,3.4650,-0.0046,0.1112,0,3.5000,1,1.0000,0.0000,0.7446,31.5194,2.5134,-0.0840,0.2889,0.0775
12285,C3,adaptive,682,3.4100,-0.0014,0.1026,0,3.9412,1,1.0000,0.0000,0.7551,33.5476,2.0051,-0.0809,0.4912,0.1022
12286,C3,adaptive,653,3.2650,0.0030,0.1001,0,4.2000,1,1.0000,0.0000,0.7335,31.5470,2.2643,-0.0643,0.4600,0.0898
12287,C3,broken_down,657,3.2850,0.0010,0.1140,0,7.7500,1,1.0000,0.0000,0.7352,33.9565,2.1545,-0.0159,0.3750,0.1043
12288,C3,stable,684,3.4200,-0.0006,0.1023,0,3.2632,1,1.0000,0.0000,0.6988,31.9833,2.0651,-0.0016,0.4098,0.1083
12289,C3,broken_down,663,3.3150,-0.0010,0.0975,0,3.4444,1,0.9872,0.0152,0.7481,33.1835,2.3082,-0.0777,0.3934,0.1111
12290,C3,broken_down,678,3.3900,-0.0010,0.1194,0,5.0000,1,1.0000,0.0000,0.7301,32.0646,1.9734,-0.1457,0.4844,0.1159
12291,C3,broken_down,690,3.4500,-0.0003,0.1101,0,5.6154,1,1.0000,0.0000,0.7275,31.7151,2.4372,-0.0369,0.3509,0.0981
12292,C3,broken_down,657,3.2850,-0.0010,0.1091,0,4.1875,1,1.0000,0.0000,0.7397,30.0844,2.0662,0.0077,0.4828,0.1064
12293,C3,broken_down,656,3.2800,-0.0011,0.1144,0,5.9091,1,1.0000,0.0000,0.7317,34.5917,1.8874,-0.1046,0.5556,0.0809
12294,C3,adaptive,669,3.3450,-0.0029,0.1046,0,6.8889,1,1.0000,0.0000,0.7474,28.8520,1.8531,0.0018,0.3704,0.0956
12295,C3,broken_down,653,3.2650,-0.0027,0.1343,0,6.5455,1,1.0000,0.0000,0.7075,31.0238,2.3025,0.0836,0.5690,0.1080
12296,C3,adaptive,653,3.2650,0.0006,0.1157,0,4.2667,1,1.0000,0.0000,0.7504,32.0286,2.4050,-0.0641,0.3958,0.0857
12297,C3,adaptive,660,3.3000,0.0002,0.1121,0,5.6364,1,0.9872,0.0152,0.7379,29.4743,2.2018,-0.0852,0.4259,0.0978
12298,C3,broken_down,713,3.5650,-0.0004,0.1243,0,4.9286,1,1.0000,0.0000,0.7433,28.8981,2.6624,-0.1616,0.4561,0.0955
12299,C3,adaptive,667,3.3350,0.0003,0.1246,0,5.3077,1,1.0000,0.0000,0.7136,32.6050,2.5248,-0.0479,0.4407,0.1057
12300,C3,broken_down,660,3.3000,-0.0038,0.1347,0,5.2308,1,1.0000,0.0000,0.7288,34.3867,2.2600,-0.0863,0.4792,0.0857
12301,C3,broken_down,661,3.3050,-0.0004,0.1403,0,5.7500,1,1.0000,0.0000,0.7307,30.5197,2.2078,-0.0861,0.4889,0.0788
12302,C3,adaptive,676,3.3800,-0.0022,0.1111,0,4.5000,1,1.0000,0.0000,0.7219,32.7111,2.3039,-0.0812,0.4038,0.0892
12303,C3,stressed,635,3.1750,0.0007,0.1037,0,4.6154,1,1.0000,0.0000,0.7165,31.4286,2.2294,0.0234,0.4043,0.0866
12304,C3,adaptive,665,3.3250,-0.0031,0.1164,0,3.2105,1,1.0000,0.0000,0.7323,32.7906,1.8432,0.0075,0.5000,0.0899
12305,C3,adaptive,663,3.3150,-0.0024,0.1091,0,5.0769,1,1.0000,0.0000,0.7707,30.1331,2.1438,0.0892,0.4583,0.0850
12306,C3,adaptive,654,3.2700,-0.0025,0.0946,0,4.3571,1,1.0000,0.0000,0.7202,32.1911,2.0212,-0.0166,0.4906,0.0960
12307,C3,adaptive,643,3.2150,-0.0043,0.1213,0,4.1250,1,1.0000,0.0000,0.7434,34.1904,2.0312,0.0915,0.4242,0.1245
12308,C3,adaptive,709,3.5450,-0.0003,0.1074,0,4.7857,1,1.0000,0.0000,0.7179,32.5756,1.9125,0.0343,0.3833,0.1003
12309,C3,broken_down,646,3.2300,-0.0010,0.1236,0,4.4667,1,1.0000,0.0000,0.7059,33.2456,2.1245,-0.1213,0.3542,0.0889
12310,C3,broken_down,656,3.2800,-0.0033,0.1229,0,4.2500,1,1.0000,0.0000,0.7210,32.6448,2.1634,-0.0236,0.3284,0.1248
12311,C3,broken_down,685,3.4250,0.0003,0.1181,0,4.5714,1,1.0000,0.0000,0.7372,31.1347,2.4794,-0.0213,0.4310,0.1003
12312,C3,adaptive,671,3.3550,0.0001,0.1087,0,3.9412,1,1.0000,0.0000,0.7303,33.0449,2.1864,-0.0957,0.4583,0.0865
12313,C3,adaptive,626,3.1300,0.0006,0.1030,0,8.0000,1,1.0000,0.0000,0.7508,34.9638,2.2472,0.0385,0.3962,0.1010
12314,C3,adaptive,662,3.3100,0.0000,0.1055,0,4.6000,1,1.0000,0.0000,0.7644,30.8577,2.0561,-0.0467,0.5106,0.0820
12315,C3,broken_down,612,3.0600,0.0005,0.1131,0,4.0000,1,1.0000,0.0000,0.7092,32.4585,2.2972,-0.0600,0.5882,0.0998
12316,C3,stable,685,3.4250,-0.0012,0.1065,0,5.3333,1,1.0000,0.0000,0.7650,30.0592,2.2217,-0.0613,0.3621,0.1005
12317,C3,adaptive,654,3.2700,-0.0026,0.1136,0,4.5000,1,1.0000,0.0000,0.7248,29.3586,2.0839,0.0253,0.5397,0.1165
12318,C3,adaptive,649,3.2450,-0.0002,0.0811,0,2.8571,1,1.0000,0.0000,0.7519,34.8996,2.1244,0.0569,0.4815,0.0984
12319,C3,adaptive,633,3.1650,-0.0015,0.1062,0,3.5882,1,1.0000,0.0000,0.7299,34.8333,2.0799,0.0629,0.4808,0.0961
12320,C3,adaptive,664,3.3200,-0.0019,0.0839,0,3.3333,1,1.0000,0.0000,0.7364,33.7014,1.9487,-0.0760,0.4038,0.0915
12321,C3,adaptive,673,3.3650,-0.0013,0.1200,0,5.4167,1,1.0000,0.0000,0.7578,31.5941,2.3716,-0.0727,0.3750,0.0818
12322,C3,adaptive,687,3.4350,-0.0015,0.1270,0,6.0000,1,1.0000,0.0000,0.7394,30.9232,2.3237,-0.1088,0.4727,0.0947
12323,C3,adaptive,639,3.1950,-0.0033,0.1271,0,5.1667,1,1.0000,0.0000,0.7293,33.7618,2.0264,-0.0368,0.4839,0.1179
12324,C3,stable,670,3.3500,-0.0020,0.1206,0,3.7222,1,1.0000,0.0000,0.6955,31.2210,2.2835,-0.0178,0.3725,0.0917
12325,C3,broken_down,709,3.5450,0.0003,0.1152,0,5.6923,1,1.0000,0.0000,0.7560,29.9216,2.3941,0.0677,0.5333,0.1038
12326,C3,adaptive,661,3.3050,-0.0028,0.1085,0,4.1875,1,0.9872,0.0152,0.7443,32.2480,1.9880,0.0817,0.3881,0.1225
12327,C3,adaptive,614,3.0700,-0.0035,0.0872,0,3.0526,1,1.0000,0.0000,0.7313,32.3586,1.9464,0.0385,0.5319,0.0906
12328,C3,adaptive,647,3.2350,0.0001,0.0996,0,4.7143,1,1.0000,0.0000,0.6940,32.9577,2.5429,-0.1220,0.4043,0.0851
12329,C3,broken_down,661,3.3050,-0.0019,0.1106,0,5.1538,1,0.9872,0.0152,0.7700,34.6267,2.0820,-0.0175,0.4694,0.0888
12330,C3,adaptive,669,3.3450,0.0013,0.0786,0,3.2778,1,1.0000,0.0000,0.7459,32.2144,2.1571,-0.0251,0.4000,0.0980
12331,C3,adaptive,670,3.3500,-0.0016,0.1118,0,6.7000,1,1.0000,0.0000,0.7373,37.1255,2.2630,0.0153,0.3962,0.0953
12332,C3,adaptive,686,3.4300,0.0003,0.0940,0,3.7059,1,1.0000,0.0000,0.7551,30.2490,2.1279,0.0438,0.4921,0.1109
12333,C3,stable,650,3.2500,-0.0024,0.0928,0,3.1429,1,1.0000,0.0000,0.7123,30.5205,2.3186,-0.1433,0.4808,0.0944
12334,C3,adaptive,663,3.3150,-0.0041,0.1281,0,7.3333,1,1.0000,0.0000,0.7315,28.9835,1.8029,0.0413,0.4286,0.0896
12335,C3,adaptive,658,3.2900,-0.0039,0.0982,0,4.2000,1,0.9872,0.0152,0.7538,30.2903,2.2096,0.1093,0.5510,0.0899
12336,C3,adaptive,647,3.2350,-0.0018,0.1049,0,2.8571,1,1.0000,0.0000,0.7372,36.2222,2.0380,-0.0021,0.4390,0.0750
12337,C3,adaptive,676,3.3800,-0.0023,0.1142,0,4.2667,1,1.0000,0.0000,0.7204,31.4805,2.2671,-0.1170,0.4531,0.1131
12338,C3,stable,686,3.4300,-0.0025,0.0931,0,2.7500,1,1.0000,0.0000,0.7595,32.1459,2.0779,-0.0305,0.3208,0.0909
12339,C3,adaptive,660,3.3000,-0.0018,0.1112,0,4.4667,1,1.0000,0.0000,0.7167,31.5201,1.9146,-0.0160,0.3433,0.1227
12340,C3,adaptive,674,3.3700,-0.0038,0.0972,0,4.9231,1,1.0000,0.0000,0.7626,33.1518,2.5839,-0.0871,0.4386,0.1002
12341,C3,stable,660,3.3000,-0.0002,0.0932,0,3.7500,1,1.0000,0.0000,0.7288,35.5696,2.1694,0.0011,0.3889,0.0984
12342,C3,adaptive,636,3.1800,0.0036,0.0914,0,3.9412,1,1.0000,0.0000,0.7091,30.4856,1.9521,0.0752,0.3922,0.0979
12343,C3,adaptive,665,3.3250,-0.0045,0.1263,0,4.8750,1,1.0000,0.0000,0.7143,31.4442,1.8441,0.0083,0.4545,0.0975
12344,C3,broken_down,645,3.2250,0.0003,0.1097,0,6.1000,1,1.0000,0.0000,0.7380,33.9076,2.0125,0.1161,0.6522,0.0835
12345,C3,adaptive,677,3.3850,-0.0024,0.1200,0,4.3125,1,1.0000,0.0000,0.7253,31.2668,1.8794,0.0452,0.4211,0.0998
12346,C3,adaptive,674,3.3700,-0.0034,0.1068,0,4.9231,1,1.0000,0.0000,0.7567,29.9216,2.3580,-0.0273,0.5000,0.0954
12347,C3,stable,681,3.4050,-0.0011,0.0904,0,3.9375,1,1.0000,0.0000,0.7430,31.4625,2.5841,0.1186,0.3750,0.0988
12348,C3,stable,660,3.3000,-0.0017,0.1266,0,4.7857,1,1.0000,0.0000,0.7333,32.9483,1.9258,0.1046,0.4030,0.1220
12349,C3,adaptive,664,3.3200,0.0002,0.1177,0,6.4000,1,1.0000,0.0000,0.7364,30.9080,2.1571,-0.0439,0.4375,0.0830
12350,C3,adaptive,634,3.1700,-0.0006,0.1264,0,6.4000,1,0.9872,0.0152,0.7114,33.7716,2.2470,-0.0455,0.4681,0.0882
12351,C3,adaptive,609,3.0450,-0.0014,0.1268,0,4.0667,1,1.0000,0.0000,0.6880,35.8544,2.1492,-0.1205,0.4423,0.1018
12352,C3,broken_down,678,3.3900,-0.0030,0.0885,0,3.3333,1,1.0000,0.0000,0.7493,32.0492,2.9414,0.0640,0.4583,0.0841
12353,C3,adaptive,665,3.3250,-0.0027,0.0893,0,3.8235,1,0.9872,0.0152,0.7173,30.7589,2.2018,0.0062,0.3860,0.1016
12354,C3,stable,645,3.2250,-0.0020,0.1169,0,4.7692,1,0.9872,0.0152,0.7643,34.6369,1.8457,0.1171,0.4808,0.0990
12355,C3,broken_down,654,3.2700,-0.0033,0.1171,0,4.3333,1,1.0000,0.0000,0.7584,32.9335,2.8548,-0.0331,0.5614,0.1075
12356,C3,adaptive,651,3.2550,-0.0054,0.1219,0,3.0476,1,1.0000,0.0000,0.7112,31.8726,2.2672,0.0513,0.5088,0.1058
12357,C3,stable,666,3.3300,-0.0016,0.1016,0,6.1000,1,1.0000,0.0000,0.7462,34.1469,2.0718,0.0773,0.5254,0.1081
12358,C3,adaptive,672,3.3600,-0.0011,0.1234,0,5.0769,1,1.0000,0.0000,0.7485,33.3360,2.0382,-0.0199,0.5556,0.0968
12359,C3,stable,673,3.3650,-0.0012,0.1189,0,4.6667,1,1.0000,0.0000,0.7444,32.4271,2.4373,-0.0194,0.4528,0.0915
12360,C3,stable,687,3.4350,-0.0018,0.1267,0,4.7857,1,1.0000,0.0000,0.7729,32.8380,2.4887,-0.0008,0.4603,0.1127
12361,C3,adaptive,628,3.1400,-0.0038,0.0946,0,3.0000,1,1.0000,0.0000,0.7500,37.0892,2.1391,0.0998,0.4138,0.1096
12362,C3,stable,688,3.4400,-0.0017,0.1060,0,4.4667,1,1.0000,0.0000,0.7137,29.8880,2.5584,-0.0511,0.5714,0.0954
12363,C3,stable,674,3.3700,-0.0013,0.1068,0,4.6250,1,1.0000,0.0000,0.7478,36.2956,2.0496,-0.1079,0.4151,0.0909
12364,C3,adaptive,681,3.4050,-0.0030,0.0868,0,3.2632,1,1.0000,0.0000,0.7342,31.9020,2.5392,0.0478,0.4464,0.0969
12365,C3,stable,698,3.4900,0.0013,0.0983,0,4.0625,1,0.9872,0.0152,0.7665,31.6729,2.5861,-0.0686,0.4615,0.1119
12366,C3,broken_down,643,3.2150,-0.0021,0.1125,0,6.2000,1,1.0000,0.0000,0.7154,29.4783,2.0450,-0.0011,0.4340,0.0980
12367,C3,adaptive,663,3.3150,-0.0015,0.1251,0,6.3636,1,1.0000,0.0000,0.7330,33.6955,1.6455,0.0761,0.4429,0.1301
12368,C3,adaptive,663,3.3150,-0.0022,0.1367,0,6.2727,1,1.0000,0.0000,0.7345,33.9199,2.1139,-0.0239,0.5000,0.0668
12369,C3,adaptive,667,3.3350,-0.0007,0.1257,0,5.0769,1,1.0000,0.0000,0.7241,34.4141,1.8070,0.1022,0.3333,0.1200
12370,C3,adaptive,685,3.4250,-0.0033,0.1020,0,5.1667,1,1.0000,0.0000,0.7518,35.7670,2.0195,-0.0490,0.5893,0.0967
12371,C3,adaptive,656,3.2800,0.0007,0.0962,0,5.5455,1,1.0000,0.0000,0.7515,31.9817,2.7217,-0.1002,0.4200,0.0899
12372,C3,adaptive,684,3.4200,0.0002,0.0810,0,3.3889,1,1.0000,0.0000,0.7193,28.6829,2.7647,0.0358,0.3462,0.0871
12373,C3,adaptive,662,3.3100,-0.0030,0.1174,0,3.4211,1,1.0000,0.0000,0.7644,35.9486,2.3561,-0.0051,0.4154,0.1193
12374,C3,adaptive,692,3.4600,0.0018,0.1003,0,5.9091,1,1.0000,0.0000,0.7457,32.9593,1.9325,-0.0240,0.4231,0.0883
12375,C3,broken_down,655,3.2750,-0.0042,0.1275,0,5.7500,1,1.0000,0.0000,0.7267,30.8130,2.4385,0.0039,0.5246,0.1130
12376,C3,adaptive,649,3.2450,-0.0027,0.1017,0,4.2000,1,1.0000,0.0000,0.7057,34.0939,1.8804,-0.0323,0.4909,0.0995
12377,C3,broken_down,682,3.4100,-0.0029,0.0848,0,4.6154,1,1.0000,0.0000,0.7346,32.5130,1.8945,0.0428,0.4655,0.1027
12378,C3,adaptive,671,3.3550,-0.0008,0.1041,0,3.4737,1,1.0000,0.0000,0.7511,29.7520,2.3400,0.0636,0.4754,0.1093
12379,C3,adaptive,666,3.3300,0.0012,0.1141,0,4.4286,1,1.0000,0.0000,0.7703,33.5068,1.9543,0.1347,0.4828,0.1030
12380,C3,adaptive,660,3.3000,-0.0037,0.1093,0,6.1000,1,1.0000,0.0000,0.7348,30.3691,2.2982,-0.0292,0.4918,0.1117
12381,C3,adaptive,661,3.3050,-0.0005,0.0936,0,3.1053,1,1.0000,0.0000,0.7337,30.8825,2.5138,0.0060,0.4746,0.1077
12382,C3,adaptive,596,2.9800,0.0007,0.1069,0,5.0909,1,1.0000,0.0000,0.7299,36.0230,2.1925,-0.2214,0.3778,0.0884
12383,C3,broken_down,679,3.3950,-0.0038,0.1035,0,4.7692,1,1.0000,0.0000,0.7320,31.3280,2.4903,0.0218,0.3607,0.1063
12384,C3,adaptive,697,3.4850,-0.0029,0.1192,0,4.4667,1,1.0000,0.0000,0.7073,31.2130,2.2332,-0.0707,0.3542,0.0800
12385,C3,broken_down,690,3.4500,-0.0010,0.1032,0,6.3000,1,1.0000,0.0000,0.6884,30.8842,2.2094,-0.1054,0.4694,0.0838
12386,C3,stable,678,3.3900,-0.0055,0.1221,0,6.0000,1,1.0000,0.0000,0.7507,32.4656,2.0419,-0.0506,0.4107,0.0976
12387,C3,stable,675,3.3750,0.0020,0.0950,0,4.1333,1,1.0000,0.0000,0.7081,33.5858,2.2880,-0.0633,0.5893,0.0993
12388,C3,broken_down,686,3.4300,-0.0020,0.1256,0,5.8333,1,1.0000,0.0000,0.7289,31.5500,2.0865,0.0446,0.4915,0.1023
12389,C3,adaptive,687,3.4350,0.0004,0.0918,0,4.8462,1,0.9872,0.0152,0.7409,32.9273,2.0353,0.0562,0.3860,0.1020
12390,C3,adaptive,674,3.3700,-0.0022,0.1036,0,4.4000,1,1.0000,0.0000,0.7344,31.8343,2.2217,0.1056,0.4848,0.1172
12391,C3,adaptive,715,3.5750,-0.0030,0.1056,0,3.6000,1,1.0000,0.0000,0.7748,33.0433,2.3336,-0.0427,0.4561,0.0950
12392,C3,broken_down,650,3.2500,-0.0012,0.1141,0,8.2500,1,0.9872,0.0152,0.7031,33.8031,2.3772,0.0726,0.4286,0.1014
12393,C3,adaptive,688,3.4400,-0.0020,0.1178,0,3.8235,1,1.0000,0.0000,0.7703,31.1019,2.3531,0.0445,0.3922,0.0863
12394,C3,adaptive,637,3.1850,0.0002,0.0942,0,2.6522,1,1.0000,0.0000,0.7111,32.7903,1.8375,-0.0013,0.4889,0.0830
12395,C3,adaptive,655,3.2750,-0.0005,0.1097,0,4.0000,1,1.0000,0.0000,0.7206,34.5000,2.1581,0.0264,0.4219,0.1181
12396,C3,adaptive,628,3.1400,-0.0018,0.0833,0,2.8947,1,1.0000,0.0000,0.7245,33.2330,2.1552,0.0771,0.4651,0.0808
12397,C3,broken_down,699,3.4950,-0.0022,0.0935,0,3.0476,1,1.0000,0.0000,0.7482,31.0765,2.2424,-0.0793,0.4576,0.1000
12398,C3,broken_down,632,3.1600,-0.0003,0.1526,0,8.2500,1,1.0000,0.0000,0.7184,28.7996,2.2827,0.0175,0.6047,0.0798
12399,C3,adaptive,662,3.3100,-0.0006,0.0955,0,5.0000,1,1.0000,0.0000,0.7054,29.6017,2.3863,0.0334,0.4310,0.1080
12400,C3,broken_down,627,3.1350,0.0023,0.1053,0,4.5385,1,1.0000,0.0000,0.7352,31.4273,2.1659,0.0701,0.4902,0.0975
12401,C3,adaptive,637,3.1850,0.0010,0.1087,0,4.6923,1,1.0000,0.0000,0.7378,31.4745,2.5439,0.0804,0.4912,0.1115
12402,C3,adaptive,634,3.1700,-0.0033,0.1102,0,4.7857,1,1.0000,0.0000,0.7256,31.8913,1.7933,-0.0387,0.4600,0.0938
12403,C3,adaptive,662,3.3100,-0.0007,0.1113,0,4.8462,1,1.0000,0.0000,0.7251,30.5146,2.0796,-0.0297,0.5000,0.0966
12404,C3,adaptive,660,3.3000,0.0008,0.1098,0,4.9231,1,1.0000,0.0000,0.7136,38.3928,1.8496,-0.0332,0.4915,0.1095
12405,C3,adaptive,659,3.2950,0.0003,0.0985,0,3.8125,1,1.0000,0.0000,0.7481,32.8519,2.3251,-0.0342,0.4000,0.1091
12406,C3,adaptive,635,3.1750,-0.0048,0.1175,0,3.3889,1,1.0000,0.0000,0.7323,35.3849,2.1999,0.0942,0.3529,0.0979
12407,C3,stable,692,3.4600,-0.0005,0.0880,0,3.7647,1,1.0000,0.0000,0.7471,31.1141,1.7534,0.0294,0.4800,0.0859
12408,C3,broken_down,668,3.3400,-0.0014,0.1195,0,4.0000,1,1.0000,0.0000,0.7305,29.6701,2.4985,-0.0004,0.4035,0.1022
12409,C3,adaptive,654,3.2700,0.0001,0.1233,0,5.3077,1,1.0000,0.0000,0.7141,34.4861,2.0123,0.0075,0.3929,0.0998
12410,C3,adaptive,647,3.2350,-0.0014,0.1058,0,3.1579,1,1.0000,0.0000,0.7357,32.7647,2.3440,0.0003,0.5333,0.1093
12411,C3,adaptive,628,3.1400,0.0025,0.1171,0,4.5000,1,1.0000,0.0000,0.7436,36.4518,1.9825,0.1146,0.3514,0.0678
12412,C3,adaptive,654,3.2700,-0.0007,0.0901,0,4.0667,1,1.0000,0.0000,0.7385,30.3768,2.2568,0.0067,0.4902,0.0921
12413,C3,adaptive,648,3.2400,0.0006,0.1023,0,4.9167,1,1.0000,0.0000,0.6960,32.6208,2.0102,0.0262,0.4118,0.0914
12414,C3,broken_down,692,3.4600,-0.0017,0.1098,0,6.7000,1,0.9872,0.0152,0.7471,30.0638,2.1398,-0.0927,0.3889,0.0933
12415,C3,broken_down,670,3.3500,-0.0038,0.1178,0,6.0909,1,1.0000,0.0000,0.7209,31.2526,2.1118,0.0846,0.4717,0.0930
12416,C3,adaptive,693,3.4650,0.0013,0.1166,0,5.0769,1,1.0000,0.0000,0.7345,31.8212,2.2013,-0.0051,0.4762,0.0720
12417,C3,adaptive,624,3.1200,-0.0011,0.0989,0,3.8667,1,1.0000,0.0000,0.6779,34.5366,2.2684,-0.1027,0.3800,0.0958
12418,C3,adaptive,633,3.1650,-0.0037,0.1072,0,3.8750,1,1.0000,0.0000,0.7093,35.2940,2.0307,-0.0277,0.5806,0.1172
12419,C3,stable,674,3.3700,-0.0010,0.1180,0,5.3846,1,1.0000,0.0000,0.7092,32.0858,1.6514,0.1571,0.5286,0.1248
12420,C3,adaptive,698,3.4900,-0.0005,0.1219,0,3.7778,1,1.0000,0.0000,0.7436,31.8632,2.1219,-0.0230,0.3061,0.0813
12421,C3,adaptive,657,3.2850,-0.0019,0.0841,0,3.4706,1,1.0000,0.0000,0.7626,32.7645,2.4761,0.1136,0.4423,0.0959
12422,C3,adaptive,704,3.5200,-0.0000,0.1027,0,4.3750,1,1.0000,0.0000,0.7244,30.3922,2.5816,0.0760,0.4000,0.1239
12423,C3,stable,664,3.3200,-0.0007,0.1226,0,4.4000,1,1.0000,0.0000,0.7184,31.0482,1.9249,0.0929,0.3913,0.0797
12424,C3,broken_down,660,3.3000,-0.0022,0.1033,0,4.5714,1,1.0000,0.0000,0.6939,29.3777,2.6134,-0.0166,0.4118,0.0917
12425,C3,adaptive,664,3.3200,-0.0022,0.1286,0,6.7000,1,1.0000,0.0000,0.7455,33.1778,2.1690,0.0084,0.6042,0.0848
12426,C3,adaptive,680,3.4000,-0.0009,0.0835,0,3.3889,1,1.0000,0.0000,0.7544,32.4152,1.7291,0.0590,0.5472,0.0906
12427,C3,adaptive,658,3.2900,-0.0031,0.0853,0,3.3333,1,1.0000,0.0000,0.7340,30.9255,1.7748,-0.0121,0.4468,0.0855
12428,C3,stable,689,3.4450,-0.0007,0.1072,0,5.5000,1,1.0000,0.0000,0.7329,30.9723,1.8172,0.1521,0.6000,0.0870
12429,C3,adaptive,684,3.4200,-0.0037,0.1302,0,5.0714,1,1.0000,0.0000,0.7442,34.5010,1.8799,0.0083,0.4286,0.0964
12430,C3,broken_down,660,3.3000,-0.0030,0.1233,0,6.9000,1,1.0000,0.0000,0.7121,32.8319,2.3698,-0.0234,0.4667,0.1105
12431,C3,adaptive,613,3.0650,-0.0031,0.1031,0,2.9474,1,1.0000,0.0000,0.7162,34.1367,2.0873,0.0407,0.3091,0.1064
12432,C3,adaptive,663,3.3150,0.0010,0.1193,0,7.1111,1,1.0000,0.0000,0.6953,31.1128,2.0530,-0.1335,0.4490,0.0861
12433,C3,adaptive,668,3.3400,0.0004,0.1066,0,4.1333,1,1.0000,0.0000,0.7485,31.3400,2.8138,0.0749,0.4364,0.0975
12434,C3,adaptive,654,3.2700,-0.0030,0.1028,0,4.0000,1,1.0000,0.0000,0.7309,33.4059,2.4284,0.0668,0.5455,0.0794
12435,C3,adaptive,656,3.2800,0.0003,0.1320,0,6.6000,1,0.9872,0.0152,0.7698,32.3188,2.5911,0.0542,0.4211,0.0676
12436,C3,broken_down,620,3.1000,-0.0032,0.1144,0,5.4545,1,1.0000,0.0000,0.7419,35.3587,2.0334,0.0893,0.4000,0.0971
12437,C3,adaptive,646,3.2300,-0.0033,0.1100,0,4.7692,1,1.0000,0.0000,0.6765,33.6453,2.1307,-0.0242,0.3846,0.0979
12438,C3,adaptive,686,3.4300,-0.0008,0.1011,0,4.6429,1,1.0000,0.0000,0.7362,31.7723,2.2660,-0.0402,0.5000,0.0864
12439,C3,adaptive,668,3.3400,-0.0036,0.1140,0,4.1250,1,1.0000,0.0000,0.7455,33.8333,2.3199,-0.0067,0.4677,0.1119
12440,C3,adaptive,642,3.2100,-0.0005,0.0906,0,2.9000,1,1.0000,0.0000,0.7539,30.7975,1.8711,0.0130,0.4231,0.0940
12441,C3,broken_down,668,3.3400,-0.0001,0.1276,0,6.6364,1,1.0000,0.0000,0.7395,32.1700,2.1324,-0.0205,0.4110,0.1330
12442,C3,stable,650,3.2500,-0.0001,0.0951,0,4.9167,1,1.0000,0.0000,0.6831,29.0856,2.1912,-0.0054,0.4255,0.0861
12443,C3,adaptive,686,3.4300,-0.0038,0.1043,0,4.2667,1,1.0000,0.0000,0.7391,33.0947,1.9188,-0.0250,0.5091,0.0960
12444,C3,adaptive,676,3.3800,-0.0001,0.0847,0,2.7500,1,1.0000,0.0000,0.7396,32.9940,2.0477,0.0078,0.4694,0.0857
12445,C3,stable,661,3.3050,-0.0006,0.0971,0,3.8125,1,1.0000,0.0000,0.7398,32.9509,2.0208,0.0206,0.4262,0.1109
12446,C3,adaptive,669,3.3450,-0.0027,0.1044,0,4.4286,1,1.0000,0.0000,0.7489,31.4591,1.9051,0.0465,0.3654,0.0911
12447,C3,stressed,656,3.2800,0.0001,0.1194,0,4.2500,1,1.0000,0.0000,0.7119,33.0792,1.9691,-0.0687,0.5517,0.1051
12448,C3,adaptive,642,3.2100,-0.0020,0.1100,0,4.0000,1,1.0000,0.0000,0.7243,32.1591,2.4204,-0.1037,0.5263,0.1058
12449,C3,broken_down,652,3.2600,-0.0016,0.1071,0,4.3333,1,1.0000,0.0000,0.7132,35.5505,1.9178,-0.2010,0.4483,0.1084
12450,C3,adaptive,666,3.3300,-0.0008,0.1104,0,4.4000,1,1.0000,0.0000,0.7192,35.4113,2.1559,-0.1193,0.3256,0.0757
12451,C3,adaptive,665,3.3250,-0.0012,0.1036,0,3.4000,1,1.0000,0.0000,0.7774,31.9942,2.1320,0.0065,0.5106,0.0812
12452,C3,stable,670,3.3500,-0.0048,0.1013,0,4.5714,1,1.0000,0.0000,0.7463,29.4920,2.4272,-0.0227,0.3962,0.0953
12453,C3,adaptive,686,3.4300,-0.0042,0.1193,0,4.5000,1,1.0000,0.0000,0.7114,29.9180,2.3570,0.0678,0.3393,0.0977
12454,C3,stable,677,3.3850,-0.0035,0.1036,0,5.5000,1,1.0000,0.0000,0.7518,30.0275,1.5658,0.1216,0.5000,0.0971
12455,C3,adaptive,679,3.3950,0.0016,0.1038,0,4.1333,1,1.0000,0.0000,0.7290,31.7414,2.3252,-0.0560,0.3265,0.0836
12456,C3,stable,669,3.3450,-0.0033,0.1005,0,3.1000,1,1.0000,0.0000,0.7190,33.3763,2.3860,-0.1109,0.4833,0.1107
12457,C3,adaptive,637,3.1850,-0.0015,0.0898,0,3.4706,1,1.0000,0.0000,0.7190,33.8144,2.2216,-0.0399,0.5763,0.1099
12458,C3,broken_down,700,3.5000,-0.0031,0.1095,0,3.9412,1,1.0000,0.0000,0.7371,32.3488,2.2731,-0.0745,0.5094,0.0906
12459,C3,adaptive,657,3.2850,-0.0040,0.0988,0,3.5000,1,1.0000,0.0000,0.6986,32.3834,1.9459,-0.0452,0.4286,0.1160
12460,C3,adaptive,610,3.0500,-0.0014,0.0933,0,3.6000,1,1.0000,0.0000,0.7197,33.2050,1.7055,0.1032,0.4528,0.1029
12461,C3,broken_down,667,3.3350,-0.0019,0.1209,0,5.2308,1,0.9872,0.0152,0.7331,34.2945,1.8714,-0.0537,0.4630,0.0947
12462,C3,broken_down,675,3.3750,-0.0002,0.1046,0,3.2105,1,1.0000,0.0000,0.7363,32.1972,2.4259,-0.1179,0.5833,0.1070
12463,C3,broken_down,646,3.2300,-0.0012,0.1179,0,4.3571,1,1.0000,0.0000,0.7384,33.7966,2.0659,0.0030,0.4615,0.0937
12464,C3,stable,651,3.2550,-0.0028,0.1222,0,5.5833,1,1.0000,0.0000,0.7035,32.7271,2.2248,0.0877,0.5294,0.0936
12465,C3,adaptive,683,3.4150,-0.0038,0.1041,0,3.6842,1,1.0000,0.0000,0.7452,32.8664,2.3114,-0.0224,0.4737,0.1011
12466,C3,stable,651,3.2550,-0.0021,0.1217,0,7.0000,1,1.0000,0.0000,0.7327,32.1216,1.8270,0.0148,0.4444,0.0994
12467,C3,adaptive,679,3.3950,-0.0043,0.1031,0,5.8182,1,1.0000,0.0000,0.7555,30.9298,1.9184,-0.0211,0.3600,0.0864
12468,C3,stable,695,3.4750,-0.0038,0.1027,0,5.5833,1,1.0000,0.0000,0.7367,33.6387,2.3370,0.0471,0.4478,0.1178
12469,C3,adaptive,681,3.4050,-0.0006,0.1028,0,3.0476,1,1.0000,0.0000,0.7269,32.8626,2.2098,-0.0494,0.3571,0.0974
12470,C3,adaptive,728,3.6400,-0.0003,0.1114,0,3.6842,1,1.0000,0.0000,0.7473,28.3346,2.5041,-0.0316,0.5636,0.0923
12471,C3,adaptive,669,3.3450,-0.0021,0.1108,0,3.7647,1,1.0000,0.0000,0.7280,29.5380,1.9958,0.0911,0.5745,0.0822
12472,C3,adaptive,682,3.4100,-0.0035,0.1162,0,4.4000,1,1.0000,0.0000,0.7346,30.4271,2.2547,0.0162,0.4091,0.1191
12473,C3,adaptive,668,3.3400,0.0016,0.1080,0,4.4000,1,1.0000,0.0000,0.6991,31.2420,2.1408,0.0610,0.4815,0.0931
12474,C3,adaptive,661,3.3050,-0.0024,0.1278,0,6.4000,1,1.0000,0.0000,0.7610,30.9702,2.3865,-0.1200,0.4038,0.0942
12475,C3,adaptive,653,3.2650,-0.0020,0.0789,0,2.6522,1,1.0000,0.0000,0.7458,28.2526,2.3806,-0.0430,0.5306,0.0873
12476,C3,stable,673,3.3650,-0.0031,0.1157,0,3.7222,1,1.0000,0.0000,0.7370,31.5040,2.2908,-0.0279,0.4545,0.0742
12477,C3,stable,626,3.1300,-0.0020,0.0961,0,3.0952,1,1.0000,0.0000,0.7364,34.9501,1.8100,-0.0077,0.4898,0.0923
12478,C3,stable,657,3.2850,-0.0020,0.1122,0,4.0667,1,1.0000,0.0000,0.7428,31.0635,2.1830,0.0256,0.3273,0.0998
12479,C3,adaptive,611,3.0550,-0.0021,0.1100,0,3.2222,1,1.0000,0.0000,0.7119,31.8759,2.0735,-0.0166,0.3962,0.1047
12480,C3,broken_down,661,3.3050,-0.0003,0.1306,0,5.2308,1,1.0000,0.0000,0.7201,32.3887,2.1277,-0.1117,0.4118,0.0903
12481,C3,adaptive,670,3.3500,-0.0017,0.1026,0,3.5000,1,1.0000,0.0000,0.7313,29.6980,2.1863,0.0042,0.3390,0.1065
12482,C3,adaptive,627,3.1350,-0.0025,0.1175,0,6.0909,1,1.0000,0.0000,0.6938,34.5724,2.1684,-0.1416,0.3571,0.1053
12483,C3,stable,657,3.2850,0.0006,0.1082,0,5.0000,1,1.0000,0.0000,0.7671,31.8452,2.1204,0.0077,0.4375,0.0863
12484,C3,broken_down,675,3.3750,-0.0005,0.1133,0,5.0769,1,1.0000,0.0000,0.7200,31.6379,2.1260,0.0217,0.4118,0.0889
12485,C3,broken_down,645,3.2250,-0.0009,0.1231,0,4.7857,1,1.0000,0.0000,0.6853,33.9729,2.1703,-0.0870,0.5000,0.1017
12486,C3,adaptive,663,3.3150,-0.0030,0.0910,0,3.4706,1,1.0000,0.0000,0.7285,31.3685,2.6069,-0.0098,0.4792,0.0835
12487,C3,adaptive,718,3.5900,-0.0019,0.1131,0,4.7333,1,1.0000,0.0000,0.7604,30.4048,2.2958,-0.1042,0.4500,0.0979
12488,C3,adaptive,668,3.3400,-0.0061,0.0953,0,4.1333,1,1.0000,0.0000,0.6946,28.8858,2.0231,0.0061,0.4510,0.0895
12489,C3,adaptive,639,3.1950,0.0009,0.1168,0,6.1000,1,1.0000,0.0000,0.7152,33.0000,2.0660,-0.1211,0.5769,0.0959
12490,C3,stable,655,3.2750,-0.0027,0.1160,0,4.0000,1,1.0000,0.0000,0.7405,33.6392,2.4808,-0.0708,0.4200,0.0909
12491,C3,adaptive,657,3.2850,-0.0022,0.1185,0,3.9412,1,1.0000,0.0000,0.7154,33.4638,2.1003,0.0693,0.3696,0.0819
12492,C3,adaptive,647,3.2350,0.0000,0.1391,0,8.0000,1,1.0000,0.0000,0.7125,31.7028,2.0512,-0.0103,0.4545,0.1048
12493,C3,adaptive,693,3.4650,0.0019,0.1130,0,6.6000,1,1.0000,0.0000,0.7273,31.0258,2.4270,-0.0630,0.4426,0.1043
12494,C3,adaptive,667,3.3350,-0.0017,0.1045,0,3.6471,1,0.9872,0.0152,0.7406,32.8968,1.9470,0.0240,0.4262,0.1117
12495,C3,adaptive,674,3.3700,-0.0035,0.1052,0,4.5000,1,1.0000,0.0000,0.7285,32.2811,2.0162,0.0057,0.4783,0.0786
12496,C3,adaptive,699,3.4950,-0.0042,0.0792,0,3.3889,1,1.0000,0.0000,0.6781,30.3502,2.5481,-0.1535,0.4068,0.1003
12497,C3,adaptive,641,3.2050,0.0030,0.1253,0,4.2667,1,1.0000,0.0000,0.7535,31.5549,2.3204,-0.0494,0.5000,0.0813
12498,C3,adaptive,639,3.1950,0.0003,0.0912,0,3.3889,1,1.0000,0.0000,0.7199,34.4087,2.0476,0.0964,0.3962,0.0978
12499,C3,adaptive,668,3.3400,-0.0004,0.1158,0,4.2667,1,1.0000,0.0000,0.7231,30.1118,2.1399,-0.0012,0.4655,0.1021
12500,C3,adaptive,650,3.2500,-0.0017,0.1060,0,4.2000,1,1.0000,0.0000,0.7077,31.8609,1.9112,-0.0124,0.5306,0.0883
12501,C3,adaptive,652,3.2600,0.0001,0.1015,0,3.5294,1,1.0000,0.0000,0.7117,31.3513,1.7901,-0.0641,0.4419,0.0757
12502,C3,adaptive,683,3.4150,0.0004,0.1005,0,4.0000,1,1.0000,0.0000,0.7570,32.4004,2.0137,0.0639,0.4444,0.0963
12503,C3,adaptive,663,3.3150,-0.0011,0.1102,0,5.3333,1,0.9872,0.0152,0.7406,34.0183,2.1363,-0.1590,0.3846,0.0915
12504,C3,adaptive,661,3.3050,-0.0020,0.1168,0,4.0000,1,1.0000,0.0000,0.7337,32.0742,1.9912,-0.0328,0.5156,0.1174
12505,C3,stable,682,3.4100,-0.0019,0.1112,0,3.6667,1,1.0000,0.0000,0.7317,34.8096,2.0913,0.0005,0.4310,0.1019
12506,C3,adaptive,662,3.3100,-0.0004,0.0999,0,2.4400,1,1.0000,0.0000,0.7402,33.5245,1.8432,0.0133,0.3667,0.1117
12507,C3,stable,666,3.3300,-0.0060,0.1037,0,5.9091,1,1.0000,0.0000,0.7267,31.8967,2.2462,0.0932,0.5538,0.1201
12508,C3,adaptive,649,3.2450,-0.0028,0.1031,0,3.1500,1,1.0000,0.0000,0.7473,33.9814,2.2740,-0.0532,0.5333,0.0809
12509,C3,adaptive,637,3.1850,0.0006,0.1068,0,5.0000,1,0.9872,0.0152,0.7049,35.3029,1.9120,0.0633,0.4909,0.1004
12510,C3,stable,680,3.4000,-0.0009,0.1133,0,3.5263,1,1.0000,0.0000,0.7382,31.5618,2.4090,-0.0217,0.3750,0.0821
12511,C3,broken_down,634,3.1700,-0.0050,0.1102,0,4.3571,1,1.0000,0.0000,0.7098,33.3333,2.1402,0.0798,0.4565,0.0858
12512,C3,broken_down,653,3.2650,-0.0009,0.0975,0,4.1333,1,1.0000,0.0000,0.7167,32.2436,2.2077,-0.1122,0.4808,0.0952
12513,C3,broken_down,679,3.3950,-0.0042,0.1101,0,4.2500,1,1.0000,0.0000,0.7570,32.7704,1.9576,-0.0975,0.5088,0.1029
12514,C3,stable,638,3.1900,-0.0019,0.1293,0,5.3333,1,1.0000,0.0000,0.7382,33.8174,1.9436,-0.0986,0.3958,0.0886
12515,C3,stable,658,3.2900,-0.0001,0.0987,0,3.0500,1,1.0000,0.0000,0.7295,34.3188,2.2012,0.0972,0.4762,0.0745
12516,C3,broken_down,684,3.4200,-0.0012,0.1073,0,5.0769,1,1.0000,0.0000,0.7251,30.4234,1.9983,-0.0040,0.5714,0.1129
12517,C3,adaptive,623,3.1150,0.0016,0.0798,0,2.5909,1,1.0000,0.0000,0.7191,33.0714,2.3681,0.0864,0.4043,0.0899
12518,C3,adaptive,655,3.2750,-0.0018,0.1139,0,4.1875,1,1.0000,0.0000,0.7145,33.9402,1.7474,0.0171,0.4390,0.0723
12519,C3,stable,695,3.4750,-0.0041,0.1018,0,3.2381,1,1.0000,0.0000,0.7338,35.6275,2.3073,-0.0206,0.3696,0.0765
12520,C3,adaptive,668,3.3400,-0.0011,0.1103,0,4.3333,1,1.0000,0.0000,0.7305,33.9898,2.1968,-0.0240,0.4231,0.0939
12521,C3,adaptive,642,3.2100,-0.0044,0.1045,0,4.2500,1,1.0000,0.0000,0.7461,32.0167,2.1975,0.0070,0.4898,0.0891
12522,C3,stable,677,3.3850,-0.0019,0.1073,0,4.4667,1,1.0000,0.0000,0.7947,30.9981,2.2763,-0.1751,0.4694,0.0846
12523,C3,adaptive,691,3.4550,-0.0009,0.1038,0,3.7647,1,0.9872,0.0152,0.7366,30.7407,2.5407,-0.0740,0.5667,0.1062
12524,C3,broken_down,651,3.2550,-0.0035,0.0938,0,2.9524,1,1.0000,0.0000,0.7527,31.8551,2.1423,-0.0163,0.3696,0.0832
12525,C3,adaptive,641,3.2050,0.0025,0.1054,0,5.0000,1,0.9872,0.0152,0.7254,29.0989,2.6425,0.0336,0.4340,0.0957
12526,C3,stable,659,3.2950,-0.0001,0.0990,0,4.2667,1,1.0000,0.0000,0.7375,30.8663,2.4877,0.0023,0.5000,0.0838
12527,C3,adaptive,668,3.3400,-0.0027,0.0912,0,3.6471,1,1.0000,0.0000,0.6931,31.0778,1.8015,0.0197,0.4107,0.1022
12528,C3,adaptive,663,3.3150,-0.0032,0.1109,0,6.3000,1,1.0000,0.0000,0.7225,33.0271,1.5015,0.1382,0.5102,0.0875
12529,C3,adaptive,653,3.2650,-0.0005,0.1310,0,5.0000,1,1.0000,0.0000,0.7243,33.8118,2.3246,0.0219,0.5577,0.0947
12530,C3,stable,660,3.3000,-0.0039,0.1091,0,4.0000,1,1.0000,0.0000,0.7364,31.5741,2.2510,0.0209,0.5000,0.0771
12531,C3,adaptive,653,3.2650,0.0010,0.1251,0,5.5000,1,1.0000,0.0000,0.7044,30.5478,1.8191,0.0053,0.4808,0.0944
12532,C3,stable,680,3.4000,-0.0002,0.1018,0,4.3750,1,1.0000,0.0000,0.7015,35.4633,1.9747,-0.0587,0.4151,0.0908
12533,C3,adaptive,666,3.3300,-0.0007,0.1252,0,5.3846,1,1.0000,0.0000,0.7658,30.4471,1.9506,-0.1036,0.4844,0.1179
12534,C3,adaptive,659,3.2950,-0.0047,0.0976,0,2.4231,1,1.0000,0.0000,0.7314,32.9876,1.7255,0.1039,0.3833,0.1117
12535,C3,adaptive,689,3.4450,0.0004,0.1065,0,3.7059,1,1.0000,0.0000,0.7344,33.1107,2.1917,0.0064,0.3273,0.0952
12536,C3,broken_down,635,3.1750,-0.0047,0.1204,0,4.0625,1,1.0000,0.0000,0.7087,31.2156,1.9933,0.1541,0.4000,0.1036
12537,C3,adaptive,625,3.1250,-0.0020,0.1388,0,4.1333,1,1.0000,0.0000,0.7296,35.2982,2.4010,0.0289,0.5333,0.0838
12538,C3,adaptive,647,3.2350,-0.0013,0.1236,0,5.0000,1,1.0000,0.0000,0.6723,30.8322,2.0610,-0.0918,0.5306,0.0918
12539,C3,broken_down,677,3.3850,-0.0017,0.1277,0,4.6000,1,1.0000,0.0000,0.7474,30.3735,2.3555,0.0008,0.5517,0.1034
12540,C3,adaptive,668,3.3400,-0.0013,0.0928,0,3.7059,1,1.0000,0.0000,0.7395,31.9879,2.0938,-0.0219,0.4118,0.0884
12541,C3,adaptive,687,3.4350,-0.0000,0.0784,0,3.0000,1,1.0000,0.0000,0.7394,31.3051,2.8877,0.0452,0.5400,0.0847
12542,C3,broken_down,618,3.0900,0.0004,0.1138,0,4.0667,1,1.0000,0.0000,0.7136,32.2880,2.0458,0.0028,0.4615,0.0981
12543,C3,stable,665,3.3250,-0.0034,0.1180,0,5.8182,1,1.0000,0.0000,0.7323,33.5626,1.9167,-0.0407,0.4211,0.1000
12544,C3,adaptive,644,3.2200,-0.0041,0.1216,0,3.2000,1,1.0000,0.0000,0.7065,35.6440,2.1397,0.0685,0.5410,0.1153
12545,C3,broken_down,633,3.1650,-0.0030,0.0804,0,4.2308,1,1.0000,0.0000,0.7283,35.1822,2.1017,0.0485,0.4038,0.1000
12546,C3,adaptive,615,3.0750,-0.0023,0.1001,0,3.4706,1,1.0000,0.0000,0.7431,32.5580,1.9702,-0.0568,0.4815,0.1053
12547,C3,broken_down,689,3.4450,0.0002,0.1027,0,4.2667,1,1.0000,0.0000,0.7315,32.3790,2.4447,-0.0128,0.4677,0.1080
12548,C3,stable,645,3.2250,-0.0013,0.1283,0,3.7647,1,1.0000,0.0000,0.7240,31.2998,1.9542,-0.0284,0.4681,0.0858
12549,C3,stable,693,3.4650,-0.0000,0.1192,0,6.1818,1,1.0000,0.0000,0.7273,29.1210,2.4253,-0.0720,0.4727,0.0957
12550,C3,adaptive,646,3.2300,-0.0032,0.0988,0,5.4545,1,1.0000,0.0000,0.6997,38.5310,1.9587,-0.1064,0.4630,0.1009
12551,C3,broken_down,650,3.2500,-0.0024,0.1366,0,13.8000,1,1.0000,0.0000,0.7108,33.9004,2.0293,0.0374,0.4364,0.1002
12552,C3,adaptive,656,3.2800,-0.0043,0.0898,0,4.0667,1,1.0000,0.0000,0.7363,31.4431,2.0484,-0.0194,0.5283,0.0964
12553,C3,broken_down,688,3.4400,-0.0030,0.1053,0,3.4737,1,1.0000,0.0000,0.7587,32.4368,2.1395,-0.0193,0.4643,0.0969
12554,C3,adaptive,651,3.2550,-0.0011,0.1295,0,5.4167,1,1.0000,0.0000,0.7097,32.2619,2.1823,-0.0531,0.4918,0.1121
12555,C3,adaptive,703,3.5150,-0.0034,0.1029,0,3.5000,1,1.0000,0.0000,0.7468,31.5048,2.6105,-0.0039,0.4310,0.0988
12556,C3,adaptive,653,3.2650,0.0008,0.0982,0,3.9333,1,1.0000,0.0000,0.7366,31.7630,2.0410,0.0314,0.4182,0.1011
12557,C3,broken_down,665,3.3250,0.0019,0.1085,0,4.6154,1,1.0000,0.0000,0.7293,36.2227,1.8252,0.0054,0.4048,0.0729
12558,C3,stressed,681,3.4050,0.0001,0.0870,0,3.3889,1,1.0000,0.0000,0.7474,31.0904,2.4247,-0.1613,0.4630,0.0956
12559,C3,adaptive,693,3.4650,0.0009,0.0868,0,3.5294,1,1.0000,0.0000,0.7330,30.8248,2.3310,-0.0605,0.3509,0.0966
12560,C3,broken_down,678,3.3900,-0.0016,0.1141,0,4.8571,1,1.0000,0.0000,0.7729,35.7023,2.3923,-0.1048,0.4898,0.0857
12561,C3,adaptive,684,3.4200,-0.0031,0.1134,0,5.4615,1,1.0000,0.0000,0.7398,31.7213,2.3245,0.1155,0.4717,0.0904
12562,C3,broken_down,659,3.2950,-0.0007,0.1079,0,3.8235,1,1.0000,0.0000,0.7238,31.5493,2.2307,0.0605,0.3529,0.0885
12563,C3,adaptive,672,3.3600,-0.0027,0.1136,0,4.1250,1,1.0000,0.0000,0.6964,32.4530,2.0963,-0.0613,0.4528,0.0928
12564,C3,stable,704,3.5200,-0.0009,0.1097,0,5.0769,1,0.9872,0.0152,0.7486,28.3681,2.0299,0.0197,0.4255,0.0793
12565,C3,adaptive,656,3.2800,-0.0018,0.0945,0,3.3158,1,1.0000,0.0000,0.7576,31.3561,1.9191,-0.0544,0.4694,0.0870
12566,C3,stable,686,3.4300,-0.0019,0.1146,0,4.3125,1,1.0000,0.0000,0.7245,34.0584,1.9772,-0.0732,0.3231,0.1152
12567,C3,broken_down,638,3.1900,-0.0033,0.1365,0,4.7143,1,1.0000,0.0000,0.7476,30.8092,2.0554,0.1561,0.4615,0.0705
12568,C3,adaptive,663,3.3150,-0.0014,0.1295,0,6.9000,1,1.0000,0.0000,0.7330,33.9198,2.0985,-0.1528,0.3953,0.0753
12569,C3,adaptive,642,3.2100,-0.0011,0.1071,0,3.1579,1,1.0000,0.0000,0.7632,31.4490,2.1585,-0.0871,0.4333,0.1136
12570,C3,adaptive,672,3.3600,-0.0009,0.1193,0,4.7857,1,1.0000,0.0000,0.7396,32.3320,1.9648,0.0795,0.4894,0.0808
12571,C3,adaptive,704,3.5200,-0.0016,0.1305,0,5.6923,1,1.0000,0.0000,0.7273,30.7598,2.0307,0.0139,0.4032,0.1067
12572,C3,adaptive,640,3.2000,-0.0031,0.1058,0,5.5000,1,1.0000,0.0000,0.7375,36.1610,1.9479,-0.0942,0.3273,0.1022
12573,C3,adaptive,657,3.2850,-0.0021,0.0939,0,4.6923,1,1.0000,0.0000,0.7352,30.6977,2.1425,0.0960,0.3684,0.1050
12574,C3,adaptive,686,3.4300,-0.0009,0.0991,0,3.6190,1,1.0000,0.0000,0.7434,32.6843,2.3559,0.1263,0.4898,0.0828
12575,C3,stable,647,3.2350,-0.0007,0.1039,0,5.0833,1,1.0000,0.0000,0.7357,27.4202,2.3170,0.0212,0.5000,0.0985
12576,C3,adaptive,650,3.2500,-0.0053,0.1011,0,4.0667,1,1.0000,0.0000,0.7354,34.3264,2.2480,0.0971,0.4400,0.0914
12577,C3,adaptive,665,3.3250,-0.0029,0.0997,0,5.9091,1,1.0000,0.0000,0.7263,35.5342,1.7838,0.0350,0.4314,0.0895
12578,C3,adaptive,639,3.1950,-0.0026,0.1170,0,4.3571,1,1.0000,0.0000,0.7121,27.6791,2.1135,-0.0609,0.5370,0.1019
12579,C3,adaptive,670,3.3500,0.0018,0.1201,0,5.3846,1,1.0000,0.0000,0.7478,30.0679,2.2662,-0.0934,0.5833,0.1081
12580,C3,broken_down,665,3.3250,0.0009,0.1092,0,4.5000,1,1.0000,0.0000,0.7429,34.3016,2.0127,-0.0231,0.5091,0.0982
12581,C3,adaptive,657,3.2850,0.0009,0.1014,0,4.0667,1,1.0000,0.0000,0.7504,32.6105,2.5655,0.0111,0.4528,0.0953
12582,C3,broken_down,674,3.3700,0.0004,0.1116,0,4.3333,1,1.0000,0.0000,0.7656,33.0388,1.9432,-0.0022,0.4808,0.0915
12583,C3,adaptive,667,3.3350,-0.0018,0.1179,0,5.2308,1,1.0000,0.0000,0.7571,31.4178,2.1326,0.0412,0.4265,0.1232
12584,C3,stable,664,3.3200,-0.0007,0.1003,0,4.0625,1,1.0000,0.0000,0.7440,31.5385,2.2379,-0.0405,0.4746,0.1099
12585,C3,broken_down,656,3.2800,-0.0043,0.1269,0,6.0000,1,0.9872,0.0152,0.7424,32.2936,1.8804,-0.0845,0.3273,0.1005
12586,C3,stable,663,3.3150,0.0009,0.0896,0,3.5882,1,1.0000,0.0000,0.7481,32.7661,2.2343,0.0630,0.5179,0.0991
12587,C3,broken_down,682,3.4100,-0.0022,0.1180,0,4.5714,1,1.0000,0.0000,0.6921,33.2436,2.4290,0.0267,0.4375,0.0841
12588,C3,broken_down,655,3.2750,0.0001,0.1142,0,3.7778,1,1.0000,0.0000,0.7145,34.3291,2.0601,0.0124,0.5000,0.0813
12589,C3,stable,684,3.4200,0.0008,0.1255,0,4.0556,1,0.9872,0.0152,0.7617,35.0077,2.5003,-0.0613,0.4333,0.1058
12590,C3,broken_down,700,3.5000,0.0001,0.0996,0,4.2667,1,1.0000,0.0000,0.7400,30.5502,2.5021,0.0263,0.2885,0.0881
12591,C3,stable,664,3.3200,-0.0003,0.1022,0,6.1000,1,1.0000,0.0000,0.7334,34.3634,2.0993,0.0587,0.4340,0.0958
12592,C3,stable,645,3.2250,0.0005,0.0952,0,4.0000,1,1.0000,0.0000,0.7349,33.2046,2.3275,-0.0459,0.3962,0.0976
12593,C3,adaptive,629,3.1450,-0.0010,0.1008,0,5.8000,1,1.0000,0.0000,0.7202,30.6380,2.0710,0.0108,0.4310,0.1115
12594,C3,stable,661,3.3050,-0.0043,0.0996,0,3.8333,1,1.0000,0.0000,0.7640,31.4000,2.5745,0.0114,0.3265,0.0860
12595,C3,stable,675,3.3750,-0.0030,0.1032,0,2.9545,1,1.0000,0.0000,0.7126,33.4324,2.2013,0.0123,0.4769,0.1161
12596,C3,adaptive,659,3.2950,0.0020,0.1109,0,4.1333,1,1.0000,0.0000,0.7344,33.6612,2.0056,-0.0623,0.4348,0.0807
12597,C3,adaptive,674,3.3700,-0.0007,0.1123,0,5.4167,1,1.0000,0.0000,0.7596,36.1016,2.1894,0.0776,0.4483,0.1028
12598,C3,adaptive,657,3.2850,0.0017,0.1173,0,3.9375,1,1.0000,0.0000,0.6941,29.5044,2.0919,-0.0188,0.3860,0.1046
12599,C3,broken_down,657,3.2850,0.0003,0.1208,0,3.9375,1,1.0000,0.0000,0.7565,34.4306,2.0021,0.0640,0.4677,0.1138
12600,C3,broken_down,656,3.2800,-0.0004,0.1020,0,4.6923,1,1.0000,0.0000,0.7195,34.6843,2.0640,-0.0184,0.4746,0.1079
12601,C3,adaptive,667,3.3350,-0.0002,0.0978,0,4.9231,1,1.0000,0.0000,0.7301,30.2936,2.1402,-0.0106,0.5254,0.1083
12602,C3,adaptive,672,3.3600,-0.0013,0.1161,0,5.3077,1,1.0000,0.0000,0.7247,29.1745,1.9855,0.0120,0.5345,0.1028
12603,C3,broken_down,648,3.2400,-0.0044,0.1149,0,4.4375,1,1.0000,0.0000,0.7485,30.4186,2.4652,-0.0093,0.4286,0.0878
12604,C3,broken_down,657,3.2850,-0.0026,0.1058,0,4.9167,1,1.0000,0.0000,0.7321,31.9252,2.2707,0.2209,0.4906,0.0965
12605,C3,broken_down,657,3.2850,-0.0013,0.1211,0,5.8182,1,1.0000,0.0000,0.7412,33.0144,2.2890,-0.0421,0.4035,0.1044
12606,C3,adaptive,683,3.4150,-0.0042,0.1038,0,3.2500,1,1.0000,0.0000,0.7291,32.1165,1.9740,-0.0162,0.5000,0.0882
12607,C3,broken_down,651,3.2550,-0.0019,0.0884,0,2.8636,1,1.0000,0.0000,0.7542,31.5234,2.3272,0.0615,0.4821,0.1045
12608,C3,adaptive,659,3.2950,0.0009,0.1100,0,4.7857,1,1.0000,0.0000,0.7405,31.9447,2.2751,0.2690,0.4478,0.1250
12609,C3,adaptive,641,3.2050,-0.0009,0.1193,0,3.5000,1,1.0000,0.0000,0.7285,32.1392,1.9062,0.1177,0.4043,0.0853
12610,C3,broken_down,702,3.5100,-0.0016,0.0839,0,3.7059,1,1.0000,0.0000,0.7365,29.5648,2.1268,-0.0061,0.3571,0.0951
12611,C3,adaptive,676,3.3800,-0.0039,0.1038,0,3.7059,1,1.0000,0.0000,0.7263,29.4155,1.9013,-0.0096,0.5208,0.0836
12612,C3,adaptive,704,3.5200,0.0012,0.0942,0,4.7857,1,1.0000,0.0000,0.7330,30.5252,2.0503,0.0577,0.4776,0.1163
12613,C3,adaptive,670,3.3500,-0.0010,0.0960,0,3.8750,1,1.0000,0.0000,0.7373,33.2065,2.2206,-0.0207,0.3871,0.1105
12614,C3,adaptive,644,3.2200,-0.0029,0.0987,0,3.8000,1,1.0000,0.0000,0.7298,33.6106,1.8679,0.0543,0.3750,0.1069
12615,C3,stable,654,3.2700,-0.0050,0.0967,0,3.5556,1,1.0000,0.0000,0.7401,32.7314,1.7560,0.1555,0.4737,0.1063
12616,C3,adaptive,670,3.3500,0.0002,0.0728,0,2.7727,1,1.0000,0.0000,0.7358,33.7992,1.9119,0.1047,0.3462,0.0922
12617,C3,stable,641,3.2050,-0.0025,0.1056,0,4.2857,1,1.0000,0.0000,0.7114,31.8904,2.2554,0.1229,0.4694,0.0897
12618,C3,adaptive,669,3.3450,0.0025,0.0966,0,3.6111,1,1.0000,0.0000,0.7040,31.6667,1.9999,-0.0719,0.3846,0.1150
12619,C3,broken_down,675,3.3750,0.0019,0.1067,0,7.2222,1,1.0000,0.0000,0.7704,32.8308,2.1143,0.0243,0.5385,0.0917
12620,C3,adaptive,630,3.1500,0.0011,0.0952,0,3.5556,1,1.0000,0.0000,0.7190,32.3510,1.8431,0.1112,0.4510,0.0957
12621,C3,broken_down,664,3.3200,-0.0029,0.1057,0,5.0769,1,1.0000,0.0000,0.7334,33.5729,1.9194,0.0677,0.5319,0.0838
12622,C3,adaptive,674,3.3700,-0.0017,0.0959,0,3.4211,1,1.0000,0.0000,0.7478,30.2937,2.3447,-0.0732,0.4667,0.1068
12623,C3,broken_down,691,3.4550,-0.0035,0.1113,0,5.0000,1,1.0000,0.0000,0.7337,29.6765,2.1327,-0.0069,0.4262,0.1039
12624,C3,adaptive,631,3.1550,-0.0001,0.0936,0,3.8125,1,0.9744,0.0303,0.7591,36.0981,1.9170,-0.0068,0.3654,0.0979
12625,C3,adaptive,636,3.1800,-0.0048,0.1151,0,4.1333,1,1.0000,0.0000,0.7028,36.4676,1.9373,0.0981,0.3469,0.0909
12626,C3,adaptive,684,3.4200,0.0002,0.0877,0,3.7647,1,1.0000,0.0000,0.7602,33.3788,1.8758,0.0424,0.4364,0.0958
12627,C3,adaptive,685,3.4250,0.0002,0.1202,0,4.7857,1,1.0000,0.0000,0.7226,30.2828,2.8038,-0.0092,0.4737,0.1005
12628,C3,broken_down,666,3.3300,-0.0046,0.0966,0,3.0500,1,1.0000,0.0000,0.7387,32.3130,2.2583,0.0543,0.4500,0.1068
12629,C3,adaptive,631,3.1550,-0.0034,0.0951,0,3.4444,1,1.0000,0.0000,0.7005,30.1471,2.1460,-0.0147,0.5106,0.0887
12630,C3,broken_down,677,3.3850,-0.0015,0.1102,0,5.9091,1,1.0000,0.0000,0.7149,30.8678,2.5362,-0.1674,0.4130,0.0784
12631,C3,adaptive,704,3.5200,0.0007,0.1023,0,4.0625,1,1.0000,0.0000,0.7628,33.0242,2.1043,0.0104,0.4516,0.1039
12632,C3,adaptive,647,3.2350,-0.0042,0.1453,0,5.5833,1,1.0000,0.0000,0.7311,32.1649,1.8885,0.0967,0.5306,0.0916
12633,C3,adaptive,711,3.5550,-0.0031,0.1019,0,5.8182,1,1.0000,0.0000,0.7693,30.2176,2.0690,0.0012,0.4531,0.1085
12634,C3,adaptive,658,3.2900,-0.0010,0.1115,0,4.7143,1,1.0000,0.0000,0.6976,32.5839,2.5040,-0.0936,0.5000,0.0899
12635,C3,broken_down,658,3.2900,0.0002,0.1284,0,5.2308,1,1.0000,0.0000,0.7553,32.6640,1.8991,0.0332,0.4412,0.1248
12636,C3,adaptive,685,3.4250,-0.0010,0.1123,0,5.9167,1,1.0000,0.0000,0.7460,34.8591,2.2085,0.0025,0.4032,0.1088
12637,C3,adaptive,677,3.3850,0.0004,0.1159,0,3.7647,1,1.0000,0.0000,0.7312,31.4061,2.1774,-0.1230,0.2857,0.0843
12638,C3,stable,651,3.2550,-0.0011,0.1177,0,4.9231,1,1.0000,0.0000,0.7435,33.4112,2.2387,-0.0440,0.3396,0.0957
12639,C3,broken_down,652,3.2600,0.0006,0.1074,0,5.1538,1,1.0000,0.0000,0.7193,30.0320,1.9682,0.0930,0.3878,0.0893
12640,C3,broken_down,643,3.2150,-0.0032,0.1144,0,5.7273,1,1.0000,0.0000,0.7247,30.0386,2.3156,-0.0178,0.4200,0.0931
12641,C3,adaptive,667,3.3350,-0.0047,0.0773,0,2.4167,1,1.0000,0.0000,0.7826,33.4923,2.3774,0.1233,0.5455,0.0757
12642,C3,broken_down,680,3.4000,-0.0012,0.0986,0,3.5000,1,1.0000,0.0000,0.7412,31.9702,1.9874,-0.0022,0.3125,0.0819
12643,C3,adaptive,647,3.2350,-0.0013,0.0992,0,4.2857,1,1.0000,0.0000,0.7481,34.1178,2.1550,-0.1908,0.3333,0.1017
12644,C3,adaptive,637,3.1850,-0.0039,0.1068,0,3.4706,1,1.0000,0.0000,0.7614,32.2392,2.2935,0.0612,0.4182,0.1058
12645,C3,stable,661,3.3050,-0.0021,0.1047,0,5.2500,1,1.0000,0.0000,0.7322,32.6921,2.6221,0.0551,0.3651,0.1133
12646,C3,stable,616,3.0800,-0.0028,0.1056,0,4.0714,1,1.0000,0.0000,0.6818,31.3952,2.0926,-0.0219,0.4561,0.1120
12647,C3,adaptive,675,3.3750,-0.0038,0.0962,0,3.8750,1,1.0000,0.0000,0.7659,32.5532,2.0852,0.0642,0.4286,0.1002
12648,C3,adaptive,705,3.5250,-0.0017,0.1257,0,3.6842,1,1.0000,0.0000,0.7305,31.0214,2.3465,-0.0539,0.5000,0.0961
12649,C3,adaptive,642,3.2100,-0.0022,0.1287,0,5.0769,1,1.0000,0.0000,0.7352,31.0275,2.3119,-0.0059,0.2683,0.0724
12650,C3,broken_down,674,3.3700,-0.0007,0.1205,0,4.8571,1,1.0000,0.0000,0.7329,31.1032,2.3025,-0.0386,0.5738,0.1087
12651,C3,broken_down,670,3.3500,0.0002,0.1173,0,4.4000,1,1.0000,0.0000,0.7134,32.9812,2.1741,-0.0178,0.4310,0.1043
12652,C3,broken_down,666,3.3300,0.0011,0.1171,0,8.1250,1,1.0000,0.0000,0.7132,33.3579,1.9772,0.0900,0.3421,0.0650
12653,C3,adaptive,658,3.2900,-0.0044,0.0956,0,3.1500,1,1.0000,0.0000,0.7340,32.6563,2.0563,0.0191,0.3810,0.1150
12654,C3,adaptive,691,3.4550,-0.0017,0.1133,0,4.1875,1,1.0000,0.0000,0.7540,32.5605,2.1864,0.0301,0.3729,0.1021
12655,C3,adaptive,669,3.3450,0.0023,0.1200,0,3.8824,1,1.0000,0.0000,0.7399,31.9657,2.5732,0.0269,0.3485,0.1213
12656,C3,adaptive,687,3.4350,-0.0044,0.0985,0,3.0952,1,1.0000,0.0000,0.7409,29.7544,1.7921,-0.0627,0.4375,0.0826
12657,C3,adaptive,655,3.2750,-0.0022,0.0940,0,3.2105,1,1.0000,0.0000,0.7023,32.3348,1.9827,-0.0148,0.4667,0.0812
12658,C3,adaptive,663,3.3150,-0.0009,0.1037,0,3.6471,1,1.0000,0.0000,0.7602,34.0278,2.1804,-0.0874,0.5333,0.0788
12659,C3,broken_down,676,3.3800,-0.0015,0.1081,0,4.4000,1,1.0000,0.0000,0.7885,31.9887,2.2638,-0.1085,0.4583,0.0829
12660,C3,broken_down,643,3.2150,-0.0025,0.1189,0,3.7222,1,1.0000,0.0000,0.7294,30.1706,2.1569,0.0007,0.3333,0.0758
12661,C3,adaptive,645,3.2250,0.0000,0.0768,0,2.6522,1,1.0000,0.0000,0.7178,33.4838,2.4991,-0.0356,0.5200,0.0923
12662,C3,adaptive,696,3.4800,-0.0025,0.0950,0,3.9412,1,1.0000,0.0000,0.7227,28.8827,1.8342,0.0974,0.5094,0.0903
12663,C3,adaptive,665,3.3250,-0.0023,0.1094,0,4.7692,1,1.0000,0.0000,0.7353,31.2168,2.1184,0.0254,0.4500,0.1124
12664,C3,stable,681,3.4050,-0.0008,0.1157,0,5.2308,1,1.0000,0.0000,0.7283,31.8206,2.4097,-0.0446,0.4118,0.1197
12665,C3,stable,648,3.2400,-0.0035,0.1246,0,3.0476,1,1.0000,0.0000,0.7330,30.1916,2.0143,-0.0110,0.4400,0.0906
12666,C3,broken_down,673,3.3650,-0.0018,0.1132,0,4.5714,1,1.0000,0.0000,0.7236,33.7495,2.3015,-0.1129,0.5263,0.1020
12667,C3,adaptive,659,3.2950,-0.0011,0.0969,0,3.5294,1,1.0000,0.0000,0.7451,33.1141,2.1643,0.0005,0.3462,0.0930
12668,C3,adaptive,666,3.3300,-0.0000,0.0901,0,4.7692,1,1.0000,0.0000,0.7387,32.3882,2.4112,-0.0688,0.3750,0.0974
12669,C3,broken_down,619,3.0950,-0.0029,0.1280,0,4.6154,1,1.0000,0.0000,0.7108,31.5432,1.8866,0.0302,0.6444,0.0864
12670,C3,adaptive,638,3.1900,-0.0026,0.1321,0,3.7647,1,1.0000,0.0000,0.7132,31.7187,2.3478,-0.0180,0.2642,0.0974
12671,C3,adaptive,654,3.2700,-0.0022,0.1110,0,4.1176,1,1.0000,0.0000,0.7278,31.1639,1.9713,-0.1287,0.4857,0.1294
12672,C3,broken_down,631,3.1550,-0.0005,0.1207,0,6.1000,1,1.0000,0.0000,0.7005,33.7127,2.1053,-0.0421,0.5614,0.1105
12673,C3,stable,686,3.4300,0.0013,0.1224,0,3.8421,1,1.0000,0.0000,0.7318,29.4024,2.1369,-0.0846,0.5753,0.1322
12674,C3,broken_down,656,3.2800,-0.0018,0.1116,0,4.4286,1,1.0000,0.0000,0.7454,33.9918,2.1397,-0.0427,0.3556,0.0836
12675,C3,adaptive,652,3.2600,-0.0041,0.0845,0,3.4706,1,1.0000,0.0000,0.7255,32.3446,2.2119,0.0767,0.4386,0.1033
12676,C3,stable,669,3.3450,-0.0061,0.0970,0,3.5556,1,1.0000,0.0000,0.7504,34.7211,2.1069,0.0304,0.3214,0.1005
12677,C3,adaptive,634,3.1700,-0.0018,0.1039,0,4.7143,1,1.0000,0.0000,0.7145,31.8609,2.2088,-0.1157,0.3600,0.0943
12678,C3,adaptive,676,3.3800,-0.0044,0.1249,0,4.6429,1,0.9872,0.0152,0.7396,30.3560,1.8759,0.0667,0.3016,0.1123
12679,C3,stable,648,3.2400,-0.0057,0.0957,0,4.0714,1,1.0000,0.0000,0.6790,30.3977,1.8907,0.0477,0.4490,0.0906
12680,C3,broken_down,723,3.6150,-0.0014,0.0962,0,5.1538,1,1.0000,0.0000,0.7303,30.3201,2.2177,0.0104,0.4255,0.0758
12681,C3,broken_down,637,3.1850,0.0008,0.1239,0,6.2000,1,1.0000,0.0000,0.7268,31.4082,2.0932,-0.0258,0.4444,0.1007
12682,C3,broken_down,663,3.3150,0.0020,0.1309,0,4.6000,1,1.0000,0.0000,0.7647,33.3274,2.0853,0.0547,0.4118,0.0909
12683,C3,broken_down,653,3.2650,-0.0024,0.0886,0,3.5882,1,1.0000,0.0000,0.7550,31.5740,2.5220,0.0359,0.5094,0.0974
12684,C3,adaptive,666,3.3300,-0.0027,0.1056,0,3.4444,1,1.0000,0.0000,0.7568,34.1012,2.1741,0.0030,0.5091,0.0984
12685,C3,broken_down,673,3.3650,-0.0032,0.1097,0,6.0000,1,0.9872,0.0152,0.7563,31.5481,1.6618,-0.0121,0.4561,0.1012
12686,C3,adaptive,645,3.2250,-0.0051,0.1112,0,6.3000,1,1.0000,0.0000,0.7302,31.7240,2.3960,0.0440,0.3878,0.0907
12687,C3,stable,674,3.3700,-0.0009,0.0918,0,3.7500,1,1.0000,0.0000,0.7077,34.1384,2.1007,-0.0288,0.5510,0.0877
12688,C3,adaptive,679,3.3950,0.0006,0.1183,0,4.5333,1,1.0000,0.0000,0.7054,31.4154,2.3352,-0.1848,0.5556,0.0947
12689,C3,adaptive,663,3.3150,-0.0001,0.1091,0,4.7692,1,1.0000,0.0000,0.7406,32.7332,2.5475,-0.0054,0.4035,0.1011
12690,C3,stressed,671,3.3550,0.0008,0.0931,0,3.4211,1,1.0000,0.0000,0.7511,33.4008,2.2243,0.0619,0.4082,0.0860
12691,C3,stable,673,3.3650,-0.0014,0.1166,0,3.8333,1,1.0000,0.0000,0.7474,29.5865,2.1612,0.0033,0.4194,0.1138
12692,C3,broken_down,684,3.4200,-0.0033,0.1242,0,4.5333,1,1.0000,0.0000,0.7266,32.0181,2.1899,-0.0214,0.4386,0.0997
12693,C3,broken_down,635,3.1750,-0.0013,0.1357,0,6.2727,1,1.0000,0.0000,0.7717,33.2082,2.1081,-0.1134,0.4697,0.1257
12694,C3,broken_down,664,3.3200,-0.0031,0.1119,0,6.2000,1,1.0000,0.0000,0.7560,31.7430,1.8361,0.0977,0.4590,0.1111
12695,C3,adaptive,664,3.3200,-0.0040,0.1304,0,4.2353,1,1.0000,0.0000,0.7349,32.8361,2.2043,-0.0813,0.4355,0.1138
12696,C3,broken_down,670,3.3500,-0.0018,0.1199,0,3.8889,1,1.0000,0.0000,0.7149,27.8392,2.1654,-0.0715,0.4667,0.1093
12697,C3,broken_down,659,3.2950,-0.0011,0.1093,0,5.0833,1,1.0000,0.0000,0.7481,32.0669,2.1738,0.0836,0.5263,0.1034
12698,C3,adaptive,646,3.2300,0.0015,0.1079,0,4.0667,1,1.0000,0.0000,0.6981,33.2151,1.9832,0.0416,0.4808,0.0983
12699,C3,adaptive,644,3.2200,-0.0011,0.0965,0,3.4706,1,1.0000,0.0000,0.7314,31.4013,2.3732,-0.0010,0.5472,0.0987
12700,C3,stable,665,3.3250,0.0006,0.1083,0,4.7857,1,1.0000,0.0000,0.7218,33.0604,1.9361,-0.0307,0.4490,0.0875
12701,C3,adaptive,642,3.2100,-0.0046,0.0985,0,3.3333,1,1.0000,0.0000,0.7555,31.3361,2.0366,-0.0221,0.5472,0.0989
12702,C3,broken_down,680,3.4000,-0.0014,0.0989,0,3.2632,1,1.0000,0.0000,0.7279,32.7192,2.4718,0.0480,0.4576,0.1031
12703,C3,adaptive,685,3.4250,-0.0052,0.0979,0,3.1905,1,1.0000,0.0000,0.7109,33.5010,2.2914,0.0305,0.5000,0.0977
12704,C3,adaptive,678,3.3900,0.0023,0.0844,0,4.1429,1,1.0000,0.0000,0.7640,30.7297,2.0614,0.0350,0.3621,0.0988
12705,C3,stable,652,3.2600,-0.0041,0.0920,0,2.9500,1,1.0000,0.0000,0.7393,30.1017,2.3157,-0.0108,0.5000,0.0911
12706,C3,adaptive,687,3.4350,-0.0027,0.1234,0,5.1538,1,1.0000,0.0000,0.7467,27.9201,2.2801,-0.1168,0.5357,0.0981
12707,C3,broken_down,665,3.3250,-0.0044,0.1020,0,4.5000,1,1.0000,0.0000,0.7444,28.9939,2.2603,-0.0468,0.3889,0.0969
12708,C3,stable,663,3.3150,-0.0004,0.1218,0,6.5000,1,1.0000,0.0000,0.7511,32.7289,2.2821,0.0198,0.4286,0.1150
12709,C3,adaptive,661,3.3050,-0.0057,0.1008,0,4.1875,1,1.0000,0.0000,0.7564,34.7760,2.0391,-0.0418,0.5357,0.0995
12710,C3,adaptive,648,3.2400,-0.0038,0.1287,0,4.1111,1,1.0000,0.0000,0.7207,33.3726,1.7071,0.0139,0.4808,0.0937
12711,C3,broken_down,677,3.3850,-0.0001,0.1052,0,4.3333,1,1.0000,0.0000,0.7341,31.9074,2.0681,-0.0966,0.3725,0.0895
12712,C3,adaptive,683,3.4150,-0.0019,0.1063,0,3.5556,1,1.0000,0.0000,0.7189,32.0957,2.1437,0.0728,0.4127,0.1113
12713,C3,adaptive,681,3.4050,0.0008,0.0967,0,3.9375,1,1.0000,0.0000,0.7342,31.3700,2.2134,-0.0354,0.4127,0.1125
12714,C3,broken_down,660,3.3000,-0.0040,0.0981,0,3.4706,1,1.0000,0.0000,0.7439,31.1527,1.9949,0.0291,0.3559,0.1081
12715,C3,broken_down,649,3.2450,0.0016,0.1012,0,4.2000,1,1.0000,0.0000,0.6903,32.2857,2.2849,-0.1178,0.3191,0.0859
12716,C3,adaptive,678,3.3900,-0.0011,0.1094,0,4.9231,1,1.0000,0.0000,0.7345,32.4900,2.2003,0.0285,0.4545,0.0982
12717,C3,stable,652,3.2600,0.0021,0.1107,0,5.6364,1,1.0000,0.0000,0.7362,32.9479,2.3405,-0.0824,0.3137,0.0921
12718,C3,stable,637,3.1850,-0.0029,0.0973,0,2.7619,1,1.0000,0.0000,0.7284,31.2823,2.4241,0.0087,0.4828,0.1105
12719,C3,stable,639,3.1950,-0.0006,0.0968,0,5.8000,1,1.0000,0.0000,0.7653,36.3804,1.9597,0.0460,0.4706,0.0948
12720,C3,broken_down,663,3.3150,-0.0031,0.1190,0,6.3636,1,1.0000,0.0000,0.7421,32.1524,2.3176,-0.1057,0.3269,0.0932
12721,C3,adaptive,639,3.1950,-0.0040,0.1038,0,3.8125,1,1.0000,0.0000,0.7167,32.4520,1.9324,0.0714,0.3556,0.0832
12722,C3,stable,670,3.3500,-0.0010,0.1180,0,5.6667,1,1.0000,0.0000,0.7507,32.7992,2.1946,0.0172,0.5472,0.0971
12723,C3,adaptive,633,3.1650,0.0009,0.0972,0,3.5294,1,1.0000,0.0000,0.7109,33.6556,1.8585,0.0174,0.4035,0.1090
12724,C3,broken_down,649,3.2450,-0.0021,0.1140,0,6.1000,1,1.0000,0.0000,0.7535,32.1800,2.2785,-0.1051,0.4912,0.1038
12725,C3,adaptive,688,3.4400,-0.0038,0.1203,0,4.5333,1,1.0000,0.0000,0.7398,30.6267,2.8450,0.0214,0.5385,0.0897
12726,C3,broken_down,703,3.5150,0.0013,0.1243,0,5.3846,1,1.0000,0.0000,0.7383,29.0501,1.8603,0.0988,0.5179,0.0956
12727,C3,adaptive,675,3.3750,-0.0023,0.1017,0,3.4211,1,1.0000,0.0000,0.7244,29.9264,2.4484,0.0882,0.4462,0.1152
12728,C3,adaptive,636,3.1800,-0.0057,0.1086,0,3.3684,1,1.0000,0.0000,0.6777,34.2042,2.0640,0.1448,0.4314,0.0953
12729,C3,broken_down,652,3.2600,-0.0068,0.0925,0,3.5294,1,1.0000,0.0000,0.7423,27.1612,2.2035,0.0702,0.4833,0.1101
12730,C3,broken_down,672,3.3600,-0.0009,0.1385,0,5.0000,1,1.0000,0.0000,0.7455,31.5369,2.1233,-0.0093,0.3784,0.0641
12731,C3,adaptive,669,3.3450,-0.0003,0.0980,0,4.4286,1,1.0000,0.0000,0.7519,32.1272,2.0560,-0.0122,0.3725,0.0917
12732,C3,adaptive,685,3.4250,0.0031,0.0966,0,3.4737,1,1.0000,0.0000,0.7124,33.6291,2.1562,-0.0980,0.4821,0.0967
12733,C3,adaptive,680,3.4000,-0.0038,0.1011,0,3.7059,1,1.0000,0.0000,0.7441,32.5791,2.2055,-0.0973,0.4035,0.1004
12734,C3,broken_down,663,3.3150,-0.0023,0.1181,0,6.3000,1,1.0000,0.0000,0.7270,33.9274,2.4659,-0.0452,0.3673,0.0872
12735,C3,stable,662,3.3100,-0.0035,0.1118,0,4.4667,1,1.0000,0.0000,0.7266,34.0125,1.9021,0.0565,0.4211,0.1016
12736,C3,adaptive,660,3.3000,-0.0022,0.1042,0,3.9375,1,1.0000,0.0000,0.7242,30.7259,2.1862,-0.1363,0.4286,0.1156
12737,C3,adaptive,656,3.2800,0.0006,0.1013,0,3.3333,1,1.0000,0.0000,0.7088,33.5376,2.0990,0.0203,0.3704,0.0978
12738,C3,adaptive,686,3.4300,-0.0046,0.1171,0,4.5333,1,0.9872,0.0152,0.7507,30.0330,2.3173,-0.0165,0.3065,0.1075
12739,C3,adaptive,685,3.4250,-0.0013,0.0910,0,2.9545,1,1.0000,0.0000,0.7489,30.5224,1.7343,-0.1084,0.4727,0.0942
12740,C3,broken_down,659,3.2950,-0.0055,0.1249,0,5.0769,1,1.0000,0.0000,0.7178,30.5560,2.4828,0.0113,0.4615,0.0911
12741,C3,adaptive,696,3.4800,-0.0005,0.0959,0,3.2632,1,1.0000,0.0000,0.7213,31.6892,2.1043,-0.0146,0.4516,0.1080
12742,C3,broken_down,663,3.3150,-0.0023,0.1093,0,4.0625,1,0.9872,0.0152,0.7557,32.9122,2.0968,-0.0205,0.4333,0.1075
12743,C3,adaptive,639,3.1950,-0.0023,0.1083,0,5.0000,1,1.0000,0.0000,0.7324,33.8803,1.9881,-0.0743,0.3818,0.1058
12744,C3,adaptive,640,3.2000,-0.0006,0.0935,0,3.6250,1,1.0000,0.0000,0.7172,32.6906,1.7346,-0.0748,0.5690,0.1118
12745,C3,adaptive,658,3.2900,0.0004,0.0919,0,4.5000,1,1.0000,0.0000,0.7188,32.5307,2.1623,-0.0283,0.5091,0.0984
12746,C3,stable,673,3.3650,0.0014,0.1285,0,5.3333,1,1.0000,0.0000,0.7207,30.7381,2.2293,0.0552,0.4643,0.1013
12747,C3,adaptive,638,3.1900,0.0005,0.1232,0,4.4286,1,1.0000,0.0000,0.7147,30.7763,2.1098,0.0062,0.4314,0.0936
12748,C3,adaptive,667,3.3350,-0.0041,0.1218,0,6.0909,1,1.0000,0.0000,0.7196,32.9750,2.3672,-0.0148,0.4200,0.0871
12749,C3,adaptive,685,3.4250,0.0006,0.1152,0,4.7333,1,1.0000,0.0000,0.7562,31.4402,2.2343,-0.0278,0.4789,0.1246
12750,C3,adaptive,714,3.5700,-0.0041,0.0883,0,3.5789,1,1.0000,0.0000,0.7577,29.6969,2.3128,-0.0100,0.4500,0.0988
12751,C3,broken_down,717,3.5850,-0.0040,0.1247,0,5.3571,1,1.0000,0.0000,0.7699,26.7337,2.1485,0.0439,0.4677,0.1030
12752,C3,adaptive,628,3.1400,-0.0021,0.1203,0,4.6923,1,1.0000,0.0000,0.7357,32.5195,1.9034,0.0799,0.4167,0.0881
12753,C3,adaptive,619,3.0950,-0.0010,0.1290,0,4.4000,1,1.0000,0.0000,0.7286,33.8160,1.7201,0.0282,0.5741,0.1038
12754,C3,adaptive,649,3.2450,-0.0014,0.1216,0,4.3571,1,1.0000,0.0000,0.7581,32.6240,2.0690,-0.0836,0.3958,0.0863
12755,C3,stable,652,3.2600,-0.0003,0.0875,0,3.5882,1,1.0000,0.0000,0.7255,34.1522,1.9013,0.0710,0.5357,0.1035
12756,C3,adaptive,644,3.2200,0.0015,0.1295,0,4.6667,1,1.0000,0.0000,0.7034,34.4790,2.1433,0.0599,0.2791,0.0783
12757,C3,adaptive,649,3.2450,-0.0031,0.1237,0,4.5714,1,1.0000,0.0000,0.7427,32.8340,2.2540,-0.0103,0.4545,0.1022
12758,C3,adaptive,672,3.3600,-0.0038,0.1344,0,4.6000,1,1.0000,0.0000,0.7188,33.0890,2.1603,-0.1893,0.5536,0.0989
12759,C3,adaptive,624,3.1200,-0.0002,0.1164,0,5.3636,1,1.0000,0.0000,0.7260,31.5651,2.2816,-0.0113,0.4364,0.1058
12760,C3,adaptive,701,3.5050,0.0011,0.1014,0,5.3077,1,1.0000,0.0000,0.7532,28.6042,1.9121,0.1164,0.4035,0.0976
12761,C3,broken_down,670,3.3500,0.0005,0.1178,0,5.9091,1,1.0000,0.0000,0.6761,29.2781,1.9159,0.0741,0.4082,0.0866
12762,C3,adaptive,632,3.1600,-0.0027,0.1256,0,4.6154,1,0.9872,0.0152,0.7405,31.8440,1.9481,-0.0135,0.5833,0.1165
12763,C3,adaptive,688,3.4400,-0.0049,0.0872,0,3.0000,1,1.0000,0.0000,0.7660,28.7078,2.0707,0.0163,0.4667,0.1054
12764,C3,adaptive,623,3.1150,-0.0019,0.1008,0,5.2727,1,0.9872,0.0152,0.7384,31.6109,1.7839,0.0061,0.4419,0.0807
12765,C3,adaptive,649,3.2450,-0.0005,0.1218,0,7.5000,1,1.0000,0.0000,0.7365,34.9331,1.7517,0.0837,0.4510,0.0899
12766,C3,stressed,647,3.2350,-0.0006,0.1441,0,4.2500,1,1.0000,0.0000,0.7079,30.3712,2.5430,0.0043,0.3953,0.0788
12767,C3,stable,667,3.3350,-0.0012,0.1077,0,4.0625,1,1.0000,0.0000,0.7451,30.9557,2.1524,-0.0502,0.2766,0.0819
12768,C3,adaptive,629,3.1450,-0.0017,0.1299,0,5.9091,1,1.0000,0.0000,0.7281,35.4279,2.3198,-0.0002,0.6327,0.0916
12769,C3,broken_down,688,3.4400,0.0006,0.1158,0,5.5000,1,1.0000,0.0000,0.7151,29.1911,2.6636,0.0142,0.4894,0.0808
12770,C3,adaptive,662,3.3100,-0.0004,0.1125,0,5.3333,1,1.0000,0.0000,0.7190,31.5882,2.3638,0.0119,0.5208,0.0881
12771,C3,adaptive,697,3.4850,-0.0022,0.1013,0,4.8571,1,1.0000,0.0000,0.7303,28.6739,2.1572,-0.1059,0.3636,0.0937
12772,C3,adaptive,671,3.3550,-0.0043,0.1174,0,5.3077,1,1.0000,0.0000,0.7496,29.1829,2.5014,0.0484,0.5323,0.1082
12773,C3,broken_down,606,3.0300,0.0011,0.1026,0,7.0000,1,1.0000,0.0000,0.7261,32.2000,2.1088,0.1124,0.3725,0.1002
12774,C3,adaptive,675,3.3750,-0.0008,0.1254,0,3.3500,1,1.0000,0.0000,0.7570,33.9961,2.1209,0.0967,0.4038,0.0904
12775,C3,adaptive,643,3.2150,0.0007,0.1098,0,5.7273,1,1.0000,0.0000,0.7278,35.1880,2.3737,-0.1268,0.5000,0.0830
12776,C3,adaptive,692,3.4600,-0.0050,0.1123,0,4.3125,1,1.0000,0.0000,0.7211,32.7936,2.3123,-0.0001,0.4576,0.1009
12777,C3,broken_down,637,3.1850,0.0013,0.1022,0,5.0000,1,1.0000,0.0000,0.7159,36.1053,2.2422,-0.0278,0.4259,0.1000
12778,C3,broken_down,646,3.2300,-0.0013,0.1243,0,5.2500,1,1.0000,0.0000,0.7523,33.6708,2.3048,-0.1599,0.3846,0.0954
12779,C3,stable,621,3.1050,-0.0011,0.1070,0,4.7143,1,0.9872,0.0152,0.7005,32.0345,2.0557,-0.0154,0.4375,0.0914
12780,C3,adaptive,656,3.2800,0.0014,0.1114,0,7.0000,1,1.0000,0.0000,0.7500,32.2093,2.3260,0.1107,0.4127,0.1171
12781,C3,broken_down,667,3.3350,-0.0018,0.1010,0,4.5714,1,1.0000,0.0000,0.7481,32.3788,2.2891,-0.0212,0.4792,0.0841
12782,C3,broken_down,646,3.2300,-0.0005,0.1050,0,5.5833,1,1.0000,0.0000,0.7399,31.8410,2.7472,-0.0637,0.5106,0.0861
12783,C3,adaptive,662,3.3100,-0.0017,0.1157,0,6.5000,1,1.0000,0.0000,0.7553,33.7620,1.7275,0.0252,0.4107,0.1009
12784,C3,adaptive,635,3.1750,-0.0029,0.1088,0,3.8125,1,1.0000,0.0000,0.7165,32.5978,1.9628,-0.1292,0.4510,0.0931
12785,C3,adaptive,622,3.1100,-0.0006,0.1039,0,3.8667,1,1.0000,0.0000,0.7524,33.2137,2.3047,-0.0295,0.5472,0.1039
12786,C3,adaptive,640,3.2000,-0.0030,0.1332,0,5.7273,1,0.9872,0.0152,0.7266,33.4387,2.1737,-0.0454,0.3934,0.1149
12787,C3,adaptive,654,3.2700,-0.0024,0.1092,0,4.2143,1,0.9744,0.0303,0.7309,32.1213,2.1089,0.0779,0.5000,0.0963
12788,C3,stable,704,3.5200,-0.0038,0.1171,0,4.9286,1,1.0000,0.0000,0.7457,28.6210,1.9266,0.0918,0.4583,0.0795
12789,C3,adaptive,712,3.5600,-0.0033,0.1240,0,4.6875,1,1.0000,0.0000,0.7458,29.8079,1.9649,-0.0218,0.4800,0.1291
12790,C3,adaptive,640,3.2000,-0.0043,0.1216,0,4.4000,1,1.0000,0.0000,0.7188,33.6696,1.9462,0.0895,0.4375,0.0881
12791,C3,adaptive,634,3.1700,-0.0003,0.1126,0,4.4667,1,1.0000,0.0000,0.7303,37.1447,1.6390,-0.0471,0.3902,0.0756
12792,C3,adaptive,661,3.3050,-0.0027,0.1029,0,4.2000,1,1.0000,0.0000,0.7428,32.2546,2.2245,0.0212,0.4082,0.0877
12793,C3,stable,668,3.3400,-0.0007,0.1059,0,4.2000,1,1.0000,0.0000,0.7365,35.4593,2.3205,0.0187,0.3519,0.0946
12794,C3,broken_down,645,3.2250,-0.0038,0.1135,0,5.5455,1,1.0000,0.0000,0.7256,35.2179,2.2148,0.0050,0.4681,0.0875
12795,C3,adaptive,671,3.3550,-0.0009,0.1311,0,3.5789,1,1.0000,0.0000,0.7541,30.6028,1.9422,-0.1188,0.5385,0.0911
12796,C3,stable,646,3.2300,-0.0009,0.1298,0,4.9231,1,1.0000,0.0000,0.7260,34.5928,2.0559,0.0023,0.4762,0.1175
12797,C3,adaptive,704,3.5200,-0.0012,0.1101,0,3.2381,1,1.0000,0.0000,0.7656,32.1187,2.2617,-0.0684,0.4355,0.1069
12798,C3,adaptive,646,3.2300,0.0011,0.1169,0,3.7647,1,1.0000,0.0000,0.7353,32.1642,2.1636,-0.0372,0.4400,0.0921
12799,C3,adaptive,704,3.5200,0.0029,0.1149,0,5.7500,1,1.0000,0.0000,0.7741,30.9046,2.1586,-0.0333,0.4091,0.1109
12800,C3,adaptive,665,3.3250,-0.0007,0.1159,0,5.7273,1,0.9872,0.0152,0.7383,33.7760,2.0538,-0.0065,0.4746,0.1085
12801,C3,broken_down,660,3.3000,-0.0018,0.0953,0,3.5882,1,1.0000,0.0000,0.7197,32.4000,2.1807,0.0431,0.4655,0.1066
12802,C3,stable,694,3.4700,-0.0020,0.1046,0,5.5000,1,0.9872,0.0152,0.7334,28.8507,2.0024,0.0812,0.2881,0.1005
12803,C3,adaptive,674,3.3700,-0.0006,0.1139,0,5.8333,1,1.0000,0.0000,0.7463,29.3777,2.2050,0.0520,0.3958,0.0850
12804,C3,adaptive,672,3.3600,0.0021,0.1170,0,6.0909,1,1.0000,0.0000,0.7426,33.3828,2.2627,0.0523,0.3704,0.0963
12805,C3,adaptive,687,3.4350,0.0007,0.1035,0,5.9091,1,1.0000,0.0000,0.7453,31.4082,2.3432,-0.0088,0.5577,0.0904
12806,C3,broken_down,660,3.3000,-0.0035,0.0935,0,3.3333,1,1.0000,0.0000,0.7288,32.9064,2.1425,0.0567,0.5000,0.0836
12807,C3,stable,671,3.3550,-0.0042,0.1078,0,5.5833,1,0.9872,0.0152,0.7392,30.9577,1.8834,-0.0447,0.5000,0.0976
12808,C3,adaptive,650,3.2500,0.0003,0.0840,0,2.5652,1,1.0000,0.0000,0.6985,29.8040,2.0199,-0.0062,0.3390,0.1103
12809,C3,broken_down,640,3.2000,-0.0007,0.0889,0,2.8571,1,1.0000,0.0000,0.7438,33.2479,2.4286,0.0388,0.4909,0.1024
12810,C3,adaptive,670,3.3500,-0.0017,0.0997,0,3.6667,1,1.0000,0.0000,0.7388,32.5111,2.2428,0.0722,0.5400,0.0896
12811,C3,adaptive,690,3.4500,-0.0026,0.1119,0,3.1364,1,1.0000,0.0000,0.7797,33.4888,1.7209,-0.0489,0.4255,0.0794
12812,C3,adaptive,643,3.2150,-0.0000,0.1156,0,3.0476,1,1.0000,0.0000,0.7325,31.4395,1.6206,0.0293,0.4286,0.1055
12813,C3,adaptive,717,3.5850,0.0013,0.1199,0,4.6667,1,1.0000,0.0000,0.7531,32.3981,2.0031,-0.0532,0.4038,0.0855
12814,C3,adaptive,692,3.4600,0.0007,0.0940,0,3.7647,1,1.0000,0.0000,0.7746,33.1716,2.5251,0.1117,0.3509,0.0979
12815,C3,adaptive,670,3.3500,-0.0010,0.0967,0,3.8750,1,1.0000,0.0000,0.7537,32.3267,2.1629,-0.1379,0.4340,0.0936
12816,C3,adaptive,706,3.5300,-0.0041,0.1081,0,5.0769,1,1.0000,0.0000,0.7280,30.5409,2.6346,0.0202,0.4483,0.0967
12817,C3,stable,648,3.2400,-0.0030,0.0902,0,3.1053,1,1.0000,0.0000,0.7176,34.1871,2.0401,0.0991,0.3774,0.0985
12818,C3,adaptive,672,3.3600,-0.0005,0.1145,0,3.6842,1,1.0000,0.0000,0.7202,35.6405,2.1664,-0.0210,0.5227,0.0772
12819,C3,adaptive,687,3.4350,-0.0022,0.0983,0,3.1500,1,1.0000,0.0000,0.7191,31.3968,2.1053,-0.0393,0.4444,0.1092
12820,C3,stable,692,3.4600,-0.0001,0.1063,0,3.7647,1,1.0000,0.0000,0.7471,30.7988,2.0801,0.0643,0.4340,0.0892
12821,C3,broken_down,674,3.3700,-0.0032,0.0929,0,3.4444,1,1.0000,0.0000,0.7329,33.0972,2.4204,-0.0274,0.4167,0.1068
12822,C3,stable,668,3.3400,-0.0016,0.1140,0,3.9412,1,1.0000,0.0000,0.7545,34.4087,2.2705,0.0691,0.5370,0.0964
12823,C3,adaptive,601,3.0050,-0.0028,0.1108,0,3.5625,1,1.0000,0.0000,0.6822,31.9512,1.9425,0.0322,0.4182,0.1107
12824,C3,broken_down,624,3.1200,-0.0014,0.1166,0,4.6923,1,1.0000,0.0000,0.7196,32.0757,2.0362,0.0258,0.5510,0.0937
12825,C3,adaptive,672,3.3600,-0.0014,0.0987,0,4.1250,1,1.0000,0.0000,0.7545,31.5759,2.3007,0.0766,0.4894,0.0817
12826,C3,adaptive,643,3.2150,-0.0010,0.1117,0,5.2500,1,1.0000,0.0000,0.7123,32.1681,2.3725,0.0701,0.3333,0.0746
12827,C3,adaptive,639,3.1950,-0.0018,0.0999,0,3.2500,1,1.0000,0.0000,0.7324,37.4637,2.3579,0.0328,0.4783,0.0844
12828,C3,adaptive,655,3.2750,-0.0012,0.1064,0,4.4286,1,1.0000,0.0000,0.7053,35.4589,2.4512,-0.1373,0.4902,0.0929
12829,C3,stable,670,3.3500,-0.0024,0.0916,0,4.0000,1,1.0000,0.0000,0.7731,29.7780,1.9958,0.1292,0.4068,0.1041
12830,C3,adaptive,666,3.3300,-0.0050,0.0961,0,3.3500,1,1.0000,0.0000,0.7252,34.1988,2.0574,0.0714,0.4231,0.0914
12831,C3,adaptive,690,3.4500,-0.0011,0.1037,0,5.1538,1,1.0000,0.0000,0.7116,32.0020,2.2473,0.0857,0.3710,0.1093
12832,C3,adaptive,674,3.3700,-0.0000,0.0961,0,4.2000,1,1.0000,0.0000,0.7537,30.5551,2.0855,-0.0675,0.4444,0.1137
12833,C3,adaptive,644,3.2200,-0.0040,0.1295,0,5.7273,1,1.0000,0.0000,0.7236,34.7983,1.7715,-0.0241,0.5333,0.0827
12834,C3,adaptive,690,3.4500,-0.0013,0.1213,0,5.0769,1,1.0000,0.0000,0.7290,32.3618,2.6122,0.0176,0.3265,0.0814
12835,C3,stable,673,3.3650,-0.0046,0.1127,0,3.8824,1,1.0000,0.0000,0.7236,34.6632,1.7519,0.0207,0.5085,0.1065
12836,C3,adaptive,624,3.1200,-0.0001,0.0927,0,2.7273,1,1.0000,0.0000,0.7276,35.7952,1.9814,-0.0777,0.5208,0.0911
12837,C3,adaptive,639,3.1950,-0.0012,0.0992,0,3.4444,1,1.0000,0.0000,0.7340,37.8465,2.2557,0.0147,0.4510,0.0946
12838,C3,adaptive,652,3.2600,-0.0027,0.1038,0,4.0667,1,1.0000,0.0000,0.7239,28.5466,2.4113,-0.1581,0.4250,0.0717
12839,C3,broken_down,677,3.3850,0.0000,0.1125,0,5.5000,1,1.0000,0.0000,0.7386,29.3660,2.2873,0.0672,0.2600,0.0852
12840,C3,adaptive,686,3.4300,0.0004,0.1229,0,4.7333,1,1.0000,0.0000,0.7420,30.7485,2.2885,-0.0362,0.5088,0.0981
12841,C3,adaptive,638,3.1900,0.0010,0.1440,0,4.6667,1,1.0000,0.0000,0.6991,33.4529,1.9537,-0.0640,0.4706,0.0950
12842,C3,broken_down,630,3.1500,-0.0006,0.1028,0,4.8333,1,1.0000,0.0000,0.7095,32.1141,2.3794,-0.0813,0.4259,0.1017
12843,C3,broken_down,624,3.1200,-0.0013,0.1519,0,6.0909,1,1.0000,0.0000,0.7131,33.7124,2.2761,0.0214,0.4286,0.1226
12844,C3,adaptive,663,3.3150,-0.0017,0.1167,0,4.3333,1,0.9872,0.0152,0.7541,33.5180,1.7891,-0.0302,0.2364,0.1020
12845,C3,broken_down,660,3.3000,-0.0017,0.1042,0,7.0000,1,1.0000,0.0000,0.7379,34.4538,2.2077,-0.0644,0.3898,0.1069
12846,C3,adaptive,655,3.2750,-0.0030,0.1139,0,4.4000,1,1.0000,0.0000,0.6947,34.5451,1.8962,-0.0523,0.4833,0.1099
12847,C3,broken_down,661,3.3050,0.0020,0.1152,0,4.1250,1,1.0000,0.0000,0.7322,32.9793,2.3422,0.0037,0.3878,0.0873
12848,C3,broken_down,648,3.2400,-0.0008,0.0878,0,4.1429,1,1.0000,0.0000,0.7330,32.5053,1.9374,0.0500,0.4483,0.1070
12849,C3,adaptive,673,3.3650,-0.0003,0.1218,0,5.2308,1,1.0000,0.0000,0.7266,31.0982,2.4261,0.0193,0.5294,0.0876
12850,C3,adaptive,670,3.3500,0.0021,0.1281,0,9.7143,1,1.0000,0.0000,0.7582,33.1831,2.0634,-0.0592,0.3704,0.0957
12851,C3,adaptive,645,3.2250,0.0000,0.1231,0,6.8889,1,1.0000,0.0000,0.6884,32.9302,1.9144,0.0179,0.4754,0.1157
12852,C3,broken_down,667,3.3350,0.0008,0.1211,0,5.0714,1,1.0000,0.0000,0.7646,35.6118,1.9409,0.0314,0.4182,0.0982
12853,C3,broken_down,698,3.4900,-0.0010,0.1078,0,5.2308,1,1.0000,0.0000,0.7536,27.6160,2.7076,-0.0972,0.4200,0.0846
12854,C3,adaptive,659,3.2950,-0.0032,0.0906,0,3.8750,1,1.0000,0.0000,0.7466,35.5549,2.4436,-0.0073,0.3261,0.0820
12855,C3,broken_down,700,3.5000,-0.0014,0.1031,0,4.0625,1,1.0000,0.0000,0.7643,31.5009,2.0246,-0.0883,0.3871,0.1049
12856,C3,adaptive,677,3.3850,0.0009,0.1066,0,5.8333,1,1.0000,0.0000,0.7430,32.8549,2.1820,-0.1505,0.4571,0.1239
12857,C3,adaptive,617,3.0850,-0.0025,0.0952,0,3.4706,1,1.0000,0.0000,0.7326,37.2102,2.2135,0.1726,0.4082,0.0942
12858,C3,stable,663,3.3150,-0.0019,0.1058,0,4.1875,1,1.0000,0.0000,0.7240,31.1396,2.1343,0.0735,0.4030,0.1209
12859,C3,broken_down,632,3.1600,-0.0009,0.1086,0,5.5455,1,0.9872,0.0152,0.7358,31.2645,1.9884,-0.0837,0.3404,0.0877
12860,C3,broken_down,669,3.3450,-0.0016,0.1058,0,3.4444,1,1.0000,0.0000,0.7593,32.4764,2.2968,0.0890,0.4630,0.0963
12861,C3,broken_down,658,3.2900,0.0008,0.1076,0,5.7273,1,1.0000,0.0000,0.7416,32.5225,1.9902,0.0690,0.4906,0.0931
12862,C3,adaptive,608,3.0400,-0.0002,0.1225,0,4.2000,1,0.9872,0.0152,0.7023,36.5948,2.0882,0.0211,0.5333,0.0854
12863,C3,adaptive,674,3.3700,0.0010,0.0877,0,4.2857,1,1.0000,0.0000,0.7300,31.0630,2.1649,0.0034,0.4464,0.1000
12864,C3,adaptive,633,3.1650,-0.0011,0.1106,0,5.1667,1,1.0000,0.0000,0.7314,34.7624,2.0414,0.0184,0.5000,0.0935
12865,C3,adaptive,656,3.2800,-0.0029,0.1107,0,5.2500,1,1.0000,0.0000,0.7530,32.2874,1.6426,0.0327,0.4444,0.1156
12866,C3,stable,651,3.2550,-0.0030,0.0877,0,4.6154,1,1.0000,0.0000,0.7081,28.6529,1.9568,-0.0153,0.4068,0.1079
12867,C3,adaptive,667,3.3350,-0.0010,0.0874,0,3.2778,1,1.0000,0.0000,0.7466,32.5743,2.6186,0.0830,0.5000,0.0975
12868,C3,adaptive,639,3.1950,-0.0036,0.0937,0,5.5455,1,1.0000,0.0000,0.7402,33.5856,2.1751,-0.0291,0.5510,0.0928
12869,C3,stable,648,3.2400,0.0008,0.1192,0,4.2667,1,1.0000,0.0000,0.7299,32.8055,2.2151,0.0707,0.5312,0.1183
12870,C3,broken_down,658,3.2900,-0.0031,0.1185,0,5.8182,1,1.0000,0.0000,0.7021,31.6104,2.1787,0.0967,0.4773,0.0768
12871,C3,broken_down,659,3.2950,-0.0015,0.0971,0,3.4444,1,1.0000,0.0000,0.7481,31.3773,2.3131,-0.0379,0.6207,0.1060
12872,C3,adaptive,679,3.3950,-0.0003,0.1224,0,6.0000,1,1.0000,0.0000,0.7334,27.3775,2.1311,-0.0189,0.5167,0.1053
12873,C3,broken_down,666,3.3300,-0.0040,0.1063,0,4.4286,1,1.0000,0.0000,0.7357,30.1306,2.1204,-0.0215,0.3226,0.1113
12874,C3,adaptive,643,3.2150,-0.0024,0.1084,0,3.7647,1,1.0000,0.0000,0.7045,32.3289,2.0636,0.0975,0.4407,0.1097
12875,C3,adaptive,645,3.2250,-0.0032,0.0949,0,3.3333,1,0.9872,0.0152,0.7380,29.0441,1.8768,0.0731,0.3636,0.0813
12876,C3,adaptive,656,3.2800,-0.0027,0.0980,0,3.6471,1,1.0000,0.0000,0.7363,32.4431,1.9793,0.1335,0.3269,0.0934
12877,C3,adaptive,657,3.2850,-0.0024,0.1005,0,5.0833,1,1.0000,0.0000,0.7549,34.3448,1.8508,0.0488,0.3556,0.0798
12878,C3,stable,638,3.1900,-0.0020,0.1203,0,4.2857,1,1.0000,0.0000,0.7085,35.1726,2.0619,0.0326,0.4615,0.0724
12879,C3,broken_down,684,3.4200,0.0002,0.1275,0,8.2500,1,1.0000,0.0000,0.7398,30.5316,2.0664,-0.0222,0.3443,0.1048
12880,C3,broken_down,678,3.3900,-0.0014,0.0939,0,4.0000,1,1.0000,0.0000,0.7389,30.9501,2.4945,-0.0227,0.4167,0.1040
12881,C3,stable,654,3.2700,-0.0019,0.1089,0,3.0500,1,1.0000,0.0000,0.7446,32.9363,2.0941,0.0286,0.4865,0.0649
12882,C3,adaptive,691,3.4550,-0.0012,0.1149,0,3.2727,1,1.0000,0.0000,0.7424,31.6823,2.4299,0.0319,0.3509,0.0979
12883,C3,adaptive,656,3.2800,0.0006,0.1065,0,3.1000,1,1.0000,0.0000,0.7226,31.8291,2.1596,0.0708,0.4355,0.1136
12884,C3,adaptive,657,3.2850,-0.0042,0.1168,0,4.1875,1,1.0000,0.0000,0.7199,32.9767,2.1909,-0.1093,0.3400,0.0891
12885,C3,broken_down,632,3.1600,-0.0006,0.1361,0,6.1000,1,1.0000,0.0000,0.7152,31.2212,1.8806,0.1135,0.3750,0.1043
12886,C3,adaptive,669,3.3450,-0.0023,0.1159,0,3.6842,1,1.0000,0.0000,0.7444,33.7691,2.1453,0.0714,0.5789,0.1023
12887,C3,adaptive,647,3.2350,0.0019,0.1075,0,4.8462,1,1.0000,0.0000,0.7713,34.2745,2.0269,-0.0663,0.4894,0.0850
12888,C3,adaptive,678,3.3900,0.0004,0.0837,0,4.0000,1,1.0000,0.0000,0.7257,32.6789,1.9986,0.0550,0.4286,0.0988
12889,C3,adaptive,672,3.3600,-0.0034,0.1071,0,6.8889,1,1.0000,0.0000,0.7068,32.5958,2.3512,-0.0856,0.4355,0.1115
12890,C3,broken_down,652,3.2600,-0.0010,0.0894,0,2.9500,1,1.0000,0.0000,0.7377,32.3825,1.9370,0.0459,0.4038,0.0951
12891,C3,adaptive,631,3.1550,-0.0048,0.0909,0,3.9333,1,1.0000,0.0000,0.7306,32.5141,2.2708,-0.0154,0.3409,0.0804
12892,C3,adaptive,651,3.2550,-0.0009,0.1047,0,2.9524,1,1.0000,0.0000,0.6882,36.0446,2.3031,-0.0563,0.4727,0.0998
12893,C3,adaptive,654,3.2700,-0.0038,0.0884,0,3.1000,1,1.0000,0.0000,0.7248,32.4241,1.9184,0.0102,0.3889,0.0984
12894,C3,broken_down,638,3.1900,-0.0016,0.1227,0,4.6000,1,1.0000,0.0000,0.6912,31.5261,1.8947,0.0901,0.4898,0.0914
12895,C3,broken_down,660,3.3000,0.0001,0.1494,0,5.5833,1,1.0000,0.0000,0.6864,29.1347,2.4303,0.0878,0.6087,0.0797
12896,C3,adaptive,651,3.2550,-0.0042,0.1274,0,6.9000,1,1.0000,0.0000,0.7051,33.4662,1.7887,0.0208,0.5091,0.0984
12897,C3,stable,668,3.3400,0.0001,0.0981,0,3.4444,1,1.0000,0.0000,0.7141,31.0692,2.3092,-0.0510,0.4773,0.0776
12898,C3,adaptive,657,3.2850,0.0005,0.1108,0,4.0625,1,1.0000,0.0000,0.7428,33.9344,2.0376,-0.0806,0.4528,0.0960
12899,C3,broken_down,690,3.4500,0.0028,0.1139,0,6.0000,1,1.0000,0.0000,0.7420,30.3730,2.0591,0.0925,0.5370,0.0934
12900,C3,adaptive,654,3.2700,-0.0013,0.0866,0,3.3889,1,1.0000,0.0000,0.7477,32.3640,2.5483,0.0150,0.4364,0.1022
12901,C3,adaptive,679,3.3950,-0.0022,0.1194,0,5.2308,1,1.0000,0.0000,0.7261,30.9310,2.6876,-0.1147,0.4286,0.0996
12902,C3,stable,648,3.2400,0.0002,0.1080,0,5.7273,1,1.0000,0.0000,0.7284,34.9089,1.9828,0.0874,0.5000,0.1055
12903,C3,adaptive,633,3.1650,-0.0006,0.1101,0,4.0588,1,1.0000,0.0000,0.7220,30.7856,2.4170,-0.0059,0.3878,0.0950
12904,C3,adaptive,667,3.3350,-0.0017,0.1017,0,3.6471,1,1.0000,0.0000,0.7376,32.2033,2.0915,-0.0368,0.4528,0.0950
12905,C3,broken_down,645,3.2250,0.0004,0.1233,0,4.3333,1,1.0000,0.0000,0.7209,34.4559,1.8110,-0.0313,0.3810,0.1207
12906,C3,adaptive,674,3.3700,-0.0020,0.1144,0,3.8333,1,1.0000,0.0000,0.7151,30.7863,1.9716,-0.0021,0.5455,0.0980
12907,C3,adaptive,642,3.2100,-0.0016,0.1270,0,3.9474,1,1.0000,0.0000,0.7555,34.5216,2.1306,-0.1621,0.4906,0.1004
12908,C3,adaptive,671,3.3550,-0.0004,0.1247,0,5.2308,1,1.0000,0.0000,0.7452,28.9260,2.1216,-0.0219,0.5323,0.1131
12909,C3,adaptive,673,3.3650,-0.0010,0.1104,0,3.3000,1,1.0000,0.0000,0.7236,34.2259,2.2074,0.0060,0.4286,0.0734
12910,C3,adaptive,686,3.4300,-0.0067,0.1011,0,3.8750,1,1.0000,0.0000,0.7478,30.4425,1.9627,0.0937,0.3833,0.1051
12911,C3,broken_down,669,3.3450,-0.0036,0.1122,0,4.1250,1,1.0000,0.0000,0.7309,31.0266,2.3162,-0.0838,0.4444,0.0779
12912,C3,adaptive,666,3.3300,-0.0009,0.1042,0,4.4286,1,1.0000,0.0000,0.7147,26.7143,2.4087,-0.0591,0.4310,0.1056
12913,C3,adaptive,627,3.1350,0.0035,0.1141,0,4.5385,1,1.0000,0.0000,0.7384,32.9806,2.1889,-0.0243,0.4182,0.1032
12914,C3,adaptive,641,3.2050,-0.0009,0.1020,0,4.3571,1,1.0000,0.0000,0.7083,34.4427,1.9635,-0.0065,0.5102,0.0902
12915,C3,adaptive,683,3.4150,-0.0043,0.1183,0,4.1875,1,0.9872,0.0152,0.7247,31.7899,2.1717,-0.0987,0.4211,0.0993
12916,C3,adaptive,699,3.4950,-0.0001,0.1021,0,4.3750,1,1.0000,0.0000,0.7468,30.6533,2.1829,0.0915,0.3333,0.0870
12917,C3,stable,701,3.5050,-0.0012,0.0966,0,5.0769,1,1.0000,0.0000,0.7546,30.7316,2.0151,-0.0076,0.4151,0.0877
12918,C3,broken_down,661,3.3050,-0.0011,0.0931,0,3.8125,1,1.0000,0.0000,0.7428,31.7189,2.1525,-0.0803,0.4590,0.1121
12919,C3,adaptive,710,3.5500,-0.0010,0.1129,0,5.3077,1,1.0000,0.0000,0.7577,30.5446,2.3105,0.0426,0.5962,0.0871
12920,C3,adaptive,634,3.1700,-0.0004,0.0975,0,5.2727,1,1.0000,0.0000,0.7161,34.8084,2.2164,0.1728,0.5091,0.1026
12921,C3,adaptive,639,3.1950,-0.0028,0.1076,0,5.0000,1,1.0000,0.0000,0.7433,34.9158,1.9298,0.0046,0.4821,0.1041
12922,C3,adaptive,665,3.3250,-0.0029,0.1203,0,6.6000,1,1.0000,0.0000,0.7368,30.5633,2.1509,0.0043,0.5833,0.1105
12923,C3,stable,671,3.3550,-0.0034,0.1036,0,5.5000,1,1.0000,0.0000,0.7183,34.4087,1.9213,-0.0489,0.4545,0.1213
12924,C3,adaptive,641,3.2050,-0.0041,0.1001,0,5.0833,1,1.0000,0.0000,0.7301,33.8568,1.8326,0.0703,0.5882,0.0953
12925,C3,adaptive,667,3.3350,-0.0021,0.1003,0,3.6471,1,1.0000,0.0000,0.7196,32.8229,2.1333,-0.0068,0.4821,0.1000
12926,C3,adaptive,655,3.2750,-0.0008,0.1026,0,3.4444,1,1.0000,0.0000,0.7374,33.6977,2.4490,0.0289,0.5714,0.0878
12927,C3,stable,703,3.5150,0.0019,0.1158,0,3.5000,1,1.0000,0.0000,0.7539,31.2000,2.0641,0.0063,0.4130,0.0763
12928,C3,adaptive,652,3.2600,-0.0013,0.1397,0,8.3750,1,1.0000,0.0000,0.7055,34.7152,2.3041,0.0188,0.4468,0.0855
12929,C3,broken_down,667,3.3350,-0.0054,0.0930,0,3.3889,1,0.9872,0.0152,0.7841,29.7304,2.0177,-0.0451,0.3559,0.1048
12930,C3,adaptive,627,3.1350,-0.0012,0.1178,0,5.0833,1,1.0000,0.0000,0.6986,32.6804,1.8077,-0.0410,0.3860,0.1071
12931,C3,broken_down,686,3.4300,-0.0010,0.1085,0,4.3333,1,1.0000,0.0000,0.7289,32.7080,2.4276,0.1057,0.3770,0.1054
12932,C3,stable,697,3.4850,-0.0009,0.0914,0,3.8750,1,1.0000,0.0000,0.7374,31.8833,1.8617,-0.1455,0.6667,0.0969
12933,C3,adaptive,668,3.3400,-0.0007,0.1140,0,4.1333,1,1.0000,0.0000,0.7290,32.3265,2.1636,-0.1398,0.4667,0.1081
12934,C3,adaptive,702,3.5100,-0.0020,0.1037,0,3.7222,1,1.0000,0.0000,0.7208,34.7016,2.5381,0.0529,0.3750,0.0795
12935,C3,adaptive,700,3.5000,-0.0019,0.0965,0,3.3810,1,1.0000,0.0000,0.7457,33.1341,1.7559,-0.0119,0.4333,0.1017
12936,C3,adaptive,663,3.3150,-0.0006,0.1070,0,4.7857,1,1.0000,0.0000,0.7089,30.7404,2.0680,0.0863,0.4423,0.0959
12937,C3,adaptive,698,3.4900,-0.0029,0.1034,0,3.3500,1,1.0000,0.0000,0.7034,31.5703,1.9218,0.1110,0.4921,0.1090
12938,C3,adaptive,682,3.4100,-0.0013,0.0993,0,6.4000,1,1.0000,0.0000,0.7757,30.0397,2.0817,0.0161,0.5312,0.1127
12939,C3,stable,632,3.1600,-0.0002,0.1134,0,5.0833,1,1.0000,0.0000,0.7278,38.1870,1.9476,0.0019,0.5306,0.0923
12940,C3,broken_down,692,3.4600,0.0007,0.1063,0,4.5333,1,1.0000,0.0000,0.7211,35.2786,2.3041,0.0141,0.4821,0.0949
12941,C3,adaptive,684,3.4200,0.0009,0.1221,0,7.6667,1,1.0000,0.0000,0.7222,29.1134,2.2018,-0.0325,0.4821,0.0989
12942,C3,stable,652,3.2600,-0.0014,0.1107,0,4.6429,1,1.0000,0.0000,0.7178,29.8910,2.3345,-0.0549,0.5000,0.1146
12943,C3,adaptive,700,3.5000,-0.0027,0.1101,0,6.0000,1,1.0000,0.0000,0.7443,29.1017,2.3491,0.0594,0.4677,0.1046
12944,C3,adaptive,691,3.4550,-0.0044,0.0877,0,3.0476,1,1.0000,0.0000,0.7858,32.8821,1.8849,-0.0761,0.5741,0.0923
12945,C3,broken_down,674,3.3700,-0.0001,0.1093,0,4.9231,1,1.0000,0.0000,0.7596,34.4844,2.2129,-0.0735,0.4407,0.1037
12946,C3,stable,647,3.2350,0.0007,0.1303,0,5.8182,1,1.0000,0.0000,0.7249,32.5522,2.1242,-0.0696,0.4375,0.1196
12947,C3,adaptive,672,3.3600,-0.0019,0.1131,0,5.9091,1,1.0000,0.0000,0.7188,35.6439,1.8283,0.0614,0.4310,0.1032
12948,C3,stable,656,3.2800,-0.0002,0.1088,0,4.0667,1,1.0000,0.0000,0.7515,29.9047,2.1740,0.0259,0.4364,0.1009
12949,C3,adaptive,655,3.2750,-0.0010,0.1294,0,5.0000,1,1.0000,0.0000,0.7435,33.1253,1.9228,0.0821,0.4528,0.0967
12950,C3,broken_down,671,3.3550,-0.0045,0.1176,0,7.2222,1,1.0000,0.0000,0.7258,31.6509,2.0051,0.0437,0.4561,0.1009
12951,C3,adaptive,664,3.3200,0.0000,0.1043,0,4.1333,1,1.0000,0.0000,0.7274,30.6377,2.3161,-0.0758,0.3793,0.1028
12952,C3,adaptive,645,3.2250,-0.0019,0.0985,0,4.0000,1,1.0000,0.0000,0.7333,33.5222,1.9477,-0.0705,0.3800,0.0921
12953,C3,adaptive,667,3.3350,-0.0037,0.1006,0,3.3000,1,1.0000,0.0000,0.7526,30.0797,2.4528,0.0173,0.5536,0.0998
12954,C3,broken_down,658,3.2900,-0.0021,0.0975,0,4.2000,1,1.0000,0.0000,0.7052,32.0668,2.2686,0.1017,0.4348,0.0801
12955,C3,adaptive,665,3.3250,-0.0034,0.1041,0,3.1429,1,1.0000,0.0000,0.7323,33.9138,2.2050,0.0640,0.4200,0.0874
12956,C3,adaptive,686,3.4300,-0.0023,0.1162,0,5.4615,1,1.0000,0.0000,0.7405,31.0177,2.1622,0.0039,0.4921,0.1105
12957,C3,adaptive,617,3.0850,0.0011,0.1224,0,5.4167,1,1.0000,0.0000,0.7034,31.8917,1.8466,0.0911,0.5306,0.0940
12958,C3,broken_down,656,3.2800,-0.0022,0.1276,0,6.0000,1,1.0000,0.0000,0.7256,30.1597,2.4841,0.1002,0.4651,0.0775
12959,C3,stable,653,3.2650,-0.0021,0.0879,0,3.4444,1,1.0000,0.0000,0.7611,34.8853,2.0525,0.0509,0.4038,0.0967
12960,C3,adaptive,678,3.3900,-0.0006,0.1060,0,4.5333,1,1.0000,0.0000,0.7434,32.8313,1.7474,-0.0547,0.5472,0.0914
12961,C3,adaptive,643,3.2150,-0.0040,0.1486,0,5.2308,1,0.9872,0.0152,0.7092,32.2522,2.3798,-0.0781,0.5510,0.0919
12962,C3,adaptive,665,3.3250,-0.0022,0.1120,0,6.0000,1,1.0000,0.0000,0.6977,32.6918,2.2040,-0.0414,0.3214,0.0995
12963,C3,adaptive,687,3.4350,-0.0033,0.1124,0,4.1250,1,1.0000,0.0000,0.7162,31.3394,2.2434,0.0749,0.3898,0.1042
12964,C3,broken_down,642,3.2100,0.0008,0.1435,0,5.1538,1,1.0000,0.0000,0.7040,31.5199,2.1297,0.0723,0.4545,0.1026
12965,C3,adaptive,635,3.1750,-0.0026,0.0955,0,3.5294,1,1.0000,0.0000,0.7118,38.2434,1.7984,0.0584,0.5400,0.0949
12966,C3,adaptive,635,3.1750,0.0003,0.1199,0,5.4167,1,1.0000,0.0000,0.7134,30.2274,1.9649,-0.0435,0.2909,0.1046
12967,C3,adaptive,652,3.2600,-0.0004,0.1008,0,3.7059,1,1.0000,0.0000,0.7531,31.6864,2.5613,-0.0339,0.5200,0.0898
12968,C3,adaptive,662,3.3100,-0.0006,0.1074,0,3.6471,1,1.0000,0.0000,0.7326,35.3814,1.8347,0.0958,0.5172,0.1045
12969,C3,adaptive,667,3.3350,-0.0008,0.0803,0,3.2632,1,1.0000,0.0000,0.7511,30.2535,2.3083,-0.0287,0.5000,0.0989
12970,C3,adaptive,622,3.1100,-0.0009,0.1130,0,4.2667,1,1.0000,0.0000,0.7267,33.6327,2.1180,-0.0893,0.4531,0.1226
12971,C3,adaptive,669,3.3450,-0.0001,0.1056,0,3.8125,1,1.0000,0.0000,0.7250,30.4907,2.2480,0.1019,0.3333,0.0878
12972,C3,adaptive,687,3.4350,-0.0032,0.1330,0,4.7857,1,1.0000,0.0000,0.7555,31.0077,2.4148,-0.0610,0.5821,0.1186
12973,C3,broken_down,669,3.3450,0.0007,0.1104,0,5.2308,1,1.0000,0.0000,0.7459,32.9018,2.5799,0.0328,0.3636,0.0984
12974,C3,stable,682,3.4100,-0.0057,0.1159,0,4.7857,1,1.0000,0.0000,0.7742,30.8447,1.9208,0.0549,0.5263,0.1020
12975,C3,adaptive,722,3.6100,-0.0019,0.1172,0,4.8571,1,1.0000,0.0000,0.7424,27.0224,2.5259,-0.1015,0.4615,0.0851
12976,C3,adaptive,646,3.2300,-0.0020,0.1105,0,3.8750,1,1.0000,0.0000,0.7121,32.3587,2.0668,-0.0993,0.4746,0.1103
12977,C3,stable,652,3.2600,-0.0024,0.1208,0,4.5000,1,1.0000,0.0000,0.7408,34.6398,1.8783,-0.0393,0.5079,0.1167
12978,C3,stable,659,3.2950,-0.0015,0.1186,0,3.9375,1,1.0000,0.0000,0.7314,32.1680,1.9813,0.0785,0.5349,0.0756
12979,C3,adaptive,709,3.5450,-0.0052,0.0898,0,3.4737,1,1.0000,0.0000,0.7433,28.7476,2.3228,-0.0142,0.4727,0.0924
12980,C3,stable,656,3.2800,-0.0025,0.0743,0,2.7273,1,1.0000,0.0000,0.7683,35.9901,2.1215,-0.0261,0.3878,0.0857
12981,C3,adaptive,672,3.3600,-0.0018,0.1021,0,3.5556,1,1.0000,0.0000,0.7411,30.8534,2.7716,0.0349,0.4468,0.0836
12982,C3,broken_down,700,3.5000,-0.0010,0.1119,0,6.0909,1,0.9872,0.0152,0.7486,32.6622,2.0896,-0.0567,0.4068,0.0987
12983,C3,adaptive,670,3.3500,-0.0004,0.1192,0,3.6667,1,1.0000,0.0000,0.7090,32.8905,2.3534,-0.0893,0.3725,0.0885
12984,C3,adaptive,660,3.3000,0.0004,0.1254,0,5.2500,1,1.0000,0.0000,0.7470,34.1866,1.9378,-0.1454,0.5333,0.1089
12985,C3,stable,708,3.5400,-0.0011,0.1284,0,4.9333,1,1.0000,0.0000,0.7528,29.6792,2.0265,0.0620,0.3654,0.0871
12986,C3,adaptive,683,3.4150,-0.0032,0.1149,0,6.0000,1,1.0000,0.0000,0.7335,33.7046,2.0613,0.0341,0.4677,0.1105
12987,C3,adaptive,649,3.2450,-0.0005,0.0934,0,3.2105,1,1.0000,0.0000,0.6872,33.4036,2.2938,-0.0868,0.3774,0.0980
12988,C3,adaptive,634,3.1700,-0.0031,0.1065,0,3.5556,1,1.0000,0.0000,0.7303,34.5011,2.1481,-0.0102,0.4694,0.0911
12989,C3,adaptive,648,3.2400,-0.0051,0.0964,0,3.3333,1,1.0000,0.0000,0.7145,32.1317,2.1498,0.0343,0.5833,0.1119
12990,C3,stable,640,3.2000,-0.0042,0.1317,0,4.8000,1,1.0000,0.0000,0.7359,32.1295,1.8563,0.0211,0.3846,0.0949
12991,C3,adaptive,673,3.3650,-0.0030,0.1013,0,4.7143,1,1.0000,0.0000,0.7741,30.6334,2.0036,-0.0809,0.4310,0.1053
12992,C3,adaptive,652,3.2600,0.0012,0.0998,0,4.4286,1,1.0000,0.0000,0.7561,34.8966,2.1065,-0.0829,0.4783,0.0839
12993,C3,adaptive,674,3.3700,-0.0041,0.1109,0,2.9565,1,1.0000,0.0000,0.7136,30.2994,2.0573,0.0002,0.5854,0.0694
12994,C3,stable,660,3.3000,-0.0011,0.1172,0,5.0000,1,1.0000,0.0000,0.7485,31.1437,1.8849,0.0746,0.5738,0.1128
12995,C3,adaptive,627,3.1350,0.0002,0.1058,0,6.0000,1,1.0000,0.0000,0.7145,35.7567,1.9062,-0.0157,0.5667,0.1167
12996,C3,broken_down,642,3.2100,-0.0029,0.1026,0,4.3571,1,1.0000,0.0000,0.7508,31.1494,1.8964,0.0673,0.5435,0.0846
12997,C3,broken_down,630,3.1500,-0.0014,0.0989,0,4.7500,1,1.0000,0.0000,0.7127,33.0356,1.8513,0.0309,0.4792,0.0907
12998,C3,broken_down,650,3.2500,-0.0007,0.0944,0,5.3636,1,1.0000,0.0000,0.7031,32.5164,1.9665,-0.0272,0.3333,0.1020
12999,C3,adaptive,675,3.3750,-0.0016,0.1089,0,4.2667,1,1.0000,0.0000,0.7630,29.7476,2.4630,0.0243,0.5208,0.0823
13000,C4,stressed,553,2.7650,-0.0054,0.1104,0,2.8500,1,1.0000,0.0000,0.7324,35.6346,2.0126,0.0024,0.3400,0.1075
13001,C4,stressed,515,2.5750,-0.0050,0.1437,0,5.0909,1,1.0000,0.0000,0.7204,40.2480,1.7217,-0.0050,0.4107,0.1315
13002,C4,adaptive,555,2.7750,-0.0035,0.0801,0,3.1250,1,1.0000,0.0000,0.7117,40.8000,1.6980,0.0791,0.3400,0.1109
13003,C4,adaptive,535,2.6750,-0.0061,0.1461,0,5.1667,1,1.0000,0.0000,0.6748,35.6260,1.7773,0.0346,0.3710,0.1466
13004,C4,stressed,507,2.5350,-0.0038,0.1147,0,6.6250,1,1.0000,0.0000,0.6824,38.5318,1.6253,0.0617,0.4151,0.1265
13005,C4,stressed,546,2.7300,-0.0037,0.1352,0,4.8333,1,1.0000,0.0000,0.6740,38.4538,1.6975,0.1237,0.3103,0.1309
13006,C4,broken_down,558,2.7900,-0.0066,0.1130,0,4.6923,1,1.0000,0.0000,0.6864,38.0366,2.4655,0.0679,0.3770,0.1332
13007,C4,stressed,543,2.7150,-0.0059,0.1383,0,3.4706,1,1.0000,0.0000,0.7182,35.1385,1.5776,0.1839,0.3898,0.1329
13008,C4,stressed,531,2.6550,-0.0071,0.1286,0,4.5000,1,1.0000,0.0000,0.6780,37.2806,1.7467,0.0997,0.4043,0.1044
13009,C4,stressed,559,2.7950,-0.0022,0.1382,0,6.7778,1,1.0000,0.0000,0.7120,35.1683,1.9280,-0.0064,0.3607,0.1335
13010,C4,adaptive,510,2.5500,-0.0053,0.1023,0,3.0000,1,1.0000,0.0000,0.7098,40.2983,1.8373,0.0388,0.2292,0.1124
13011,C4,stressed,508,2.5400,-0.0075,0.1405,0,4.5000,1,0.9872,0.0152,0.6811,37.6301,1.7565,0.1835,0.3704,0.1277
13012,C4,broken_down,517,2.5850,-0.0047,0.1232,0,4.5833,1,1.0000,0.0000,0.6692,37.5867,1.5624,0.0159,0.3673,0.1132
13013,C4,stressed,519,2.5950,-0.0013,0.1085,0,3.6667,1,1.0000,0.0000,0.6975,36.0083,1.8019,0.0160,0.4000,0.1285
13014,C4,broken_down,552,2.7600,-0.0073,0.1232,0,4.5000,1,1.0000,0.0000,0.7120,34.7786,1.9364,0.1257,0.3333,0.1416
13015,C4,stressed,532,2.6600,-0.0040,0.1223,0,3.6667,1,1.0000,0.0000,0.6523,35.3458,2.1750,-0.0392,0.4286,0.1106
13016,C4,adaptive,548,2.7400,-0.0033,0.1190,0,2.7619,1,1.0000,0.0000,0.6569,38.1778,1.6767,0.0762,0.2586,0.1286
13017,C4,broken_down,520,2.6000,-0.0025,0.1565,0,5.8000,1,1.0000,0.0000,0.6423,41.5329,1.6696,0.0761,0.4510,0.1175
13018,C4,adaptive,551,2.7550,-0.0062,0.0969,0,3.1176,1,1.0000,0.0000,0.6788,37.3610,1.7268,0.2341,0.4151,0.1142
13019,C4,adaptive,538,2.6900,-0.0046,0.1084,0,5.9000,1,1.0000,0.0000,0.6970,37.8080,1.6982,-0.0214,0.3051,0.1350
13020,C4,adaptive,567,2.8350,-0.0027,0.1175,0,3.8571,1,1.0000,0.0000,0.6790,32.6649,2.0910,0.0078,0.3704,0.1144
13021,C4,broken_down,543,2.7150,-0.0059,0.1315,0,4.3846,1,1.0000,0.0000,0.7145,38.1366,1.9193,0.0334,0.2857,0.1094
13022,C4,adaptive,538,2.6900,-0.0056,0.1247,0,6.1111,1,1.0000,0.0000,0.6766,34.9148,1.9831,0.0343,0.4000,0.1247
13023,C4,broken_down,561,2.8050,-0.0027,0.1492,0,5.7273,1,1.0000,0.0000,0.7344,37.3447,2.0966,-0.0178,0.2857,0.1385
13024,C4,stressed,539,2.6950,-0.0002,0.1259,0,4.2000,1,1.0000,0.0000,0.6716,40.3702,1.5549,-0.0082,0.4286,0.1435
13025,C4,broken_down,531,2.6550,-0.0043,0.1333,0,3.1667,1,1.0000,0.0000,0.6836,39.3251,2.2417,0.1084,0.3393,0.1290
13026,C4,adaptive,534,2.6700,-0.0052,0.1271,0,5.1667,1,1.0000,0.0000,0.6629,38.0791,1.7004,-0.0370,0.3387,0.1422
13027,C4,adaptive,543,2.7150,-0.0075,0.1334,0,4.0714,1,1.0000,0.0000,0.6851,36.0349,1.8288,0.1448,0.4035,0.1304
13028,C4,stressed,541,2.7050,-0.0038,0.1018,0,3.4000,1,1.0000,0.0000,0.6913,37.1444,2.1751,0.0293,0.3137,0.1151
13029,C4,adaptive,510,2.5500,-0.0003,0.1167,0,3.3750,1,1.0000,0.0000,0.6784,43.6936,1.7346,0.1086,0.2778,0.1314
13030,C4,broken_down,529,2.6450,-0.0057,0.1361,0,4.1538,1,1.0000,0.0000,0.6560,40.1931,1.7083,0.1371,0.3333,0.1164
13031,C4,stable,528,2.6400,-0.0071,0.1078,0,4.1429,1,1.0000,0.0000,0.6742,35.9017,1.6375,0.0420,0.3621,0.1333
13032,C4,stressed,562,2.8100,-0.0061,0.1092,0,2.8947,1,1.0000,0.0000,0.7064,37.6474,1.8885,-0.0130,0.3636,0.1180
13033,C4,adaptive,548,2.7400,-0.0064,0.1002,0,3.6429,1,1.0000,0.0000,0.6971,37.5550,1.9648,0.0647,0.1458,0.1057
13034,C4,stressed,555,2.7750,-0.0044,0.1300,0,5.5455,1,0.9744,0.0303,0.7117,39.7671,2.0510,0.0825,0.3279,0.1380
13035,C4,adaptive,552,2.7600,-0.0049,0.1274,0,4.8333,1,1.0000,0.0000,0.7029,40.6186,1.9775,0.0722,0.3571,0.1267
13036,C4,broken_down,514,2.5700,-0.0041,0.1164,0,4.0000,1,1.0000,0.0000,0.7296,40.5627,1.7755,0.0430,0.3077,0.1247
13037,C4,broken_down,549,2.7450,-0.0033,0.1059,0,4.8182,1,1.0000,0.0000,0.6758,36.3935,1.9118,0.0063,0.4583,0.1039
13038,C4,stressed,493,2.4650,-0.0035,0.1342,0,4.0000,1,1.0000,0.0000,0.6613,40.0276,1.7620,0.0562,0.4167,0.1519
13039,C4,adaptive,534,2.6700,-0.0026,0.1124,0,5.2000,1,1.0000,0.0000,0.6592,37.1449,1.9316,0.0876,0.4231,0.1185
13040,C4,adaptive,514,2.5700,-0.0036,0.1299,0,5.7778,1,1.0000,0.0000,0.6907,39.0873,1.6980,0.0430,0.3654,0.1195
13041,C4,broken_down,538,2.6900,-0.0012,0.1041,0,7.5714,1,1.0000,0.0000,0.6914,36.7661,2.0894,-0.0882,0.3208,0.1180
13042,C4,broken_down,532,2.6600,-0.0050,0.1241,0,3.9375,1,1.0000,0.0000,0.6823,37.6749,1.8047,0.0401,0.3968,0.1475
13043,C4,adaptive,522,2.6100,-0.0038,0.0890,0,3.0000,1,1.0000,0.0000,0.7184,37.5200,1.7043,0.1818,0.2826,0.1093
13044,C4,stressed,521,2.6050,-0.0058,0.1178,0,4.2308,1,1.0000,0.0000,0.7102,39.3324,1.7915,0.1337,0.4762,0.0961
13045,C4,broken_down,558,2.7900,-0.0025,0.1144,0,4.1429,1,1.0000,0.0000,0.6971,37.0051,1.6991,0.1049,0.3276,0.1266
13046,C4,adaptive,508,2.5400,-0.0023,0.1057,0,4.9091,1,0.9872,0.0152,0.6516,37.0091,1.6276,0.0960,0.3889,0.1314
13047,C4,adaptive,549,2.7450,-0.0037,0.1368,0,4.9231,1,0.9872,0.0152,0.6867,36.8939,1.6412,0.0811,0.2656,0.1404
13048,C4,stressed,565,2.8250,-0.0029,0.1255,0,4.2143,1,1.0000,0.0000,0.6513,37.3533,1.8271,-0.0323,0.3390,0.1261
13049,C4,broken_down,513,2.5650,-0.0058,0.1014,0,3.5000,1,1.0000,0.0000,0.6764,43.1960,1.5633,0.0917,0.3261,0.1100
13050,C4,adaptive,511,2.5550,-0.0014,0.1249,0,4.3846,1,1.0000,0.0000,0.6595,38.2404,1.8768,-0.0573,0.3684,0.1390
13051,C4,adaptive,555,2.7750,-0.0039,0.1469,0,6.6000,1,1.0000,0.0000,0.6775,35.5452,1.8283,0.0317,0.4091,0.1480
13052,C4,stressed,555,2.7750,-0.0015,0.1017,0,3.3125,1,1.0000,0.0000,0.7243,36.9303,1.9021,0.0896,0.4231,0.1128
13053,C4,adaptive,524,2.6200,-0.0044,0.1274,0,4.1538,1,1.0000,0.0000,0.6527,38.5965,1.6812,0.0053,0.4286,0.1124
13054,C4,stressed,562,2.8100,-0.0058,0.1021,0,4.3077,1,1.0000,0.0000,0.7117,34.1150,1.4877,0.1299,0.3036,0.1210
13055,C4,broken_down,548,2.7400,-0.0023,0.0921,0,3.6667,1,1.0000,0.0000,0.7281,34.9273,1.6438,0.0965,0.2909,0.1228
13056,C4,stressed,513,2.5650,-0.0039,0.0810,0,4.0000,1,1.0000,0.0000,0.6881,35.4844,1.7536,-0.0325,0.3182,0.1038
13057,C4,adaptive,531,2.6550,-0.0017,0.1162,0,4.9091,1,1.0000,0.0000,0.6742,40.0307,1.9660,0.0124,0.2407,0.1227
13058,C4,broken_down,574,2.8700,-0.0060,0.1139,0,4.4615,1,1.0000,0.0000,0.7613,33.6362,1.6065,0.2007,0.2414,0.1221
13059,C4,broken_down,508,2.5400,-0.0031,0.1345,0,6.7500,1,1.0000,0.0000,0.6831,38.3919,1.7758,-0.0361,0.2778,0.1286
13060,C4,stressed,531,2.6550,-0.0032,0.1466,0,5.4545,1,1.0000,0.0000,0.6478,38.0523,2.0156,0.1117,0.3818,0.1273
13061,C4,broken_down,560,2.8000,-0.0052,0.1596,0,7.8750,1,1.0000,0.0000,0.6304,33.2890,1.8247,0.1478,0.3492,0.1382
13062,C4,adaptive,574,2.8700,-0.0038,0.1158,0,5.6000,1,1.0000,0.0000,0.6986,36.6160,2.1145,0.0378,0.2449,0.1036
13063,C4,broken_down,562,2.8100,-0.0058,0.1199,0,5.0909,1,0.9872,0.0152,0.7153,37.3806,1.9759,-0.0109,0.4231,0.1106
13064,C4,stressed,544,2.7200,-0.0036,0.1205,0,5.0000,1,1.0000,0.0000,0.6765,37.0462,2.1468,0.0185,0.4000,0.1217
13065,C4,adaptive,556,2.7800,-0.0035,0.1123,0,4.3077,1,0.9872,0.0152,0.7014,35.1974,1.9654,-0.0502,0.4286,0.1247
13066,C4,broken_down,529,2.6450,-0.0037,0.1245,0,8.8333,1,0.9872,0.0152,0.6957,41.6250,1.8306,0.0082,0.2766,0.1047
13067,C4,stressed,549,2.7450,-0.0043,0.1093,0,3.9333,1,1.0000,0.0000,0.6667,41.2377,1.7913,0.1380,0.4068,0.1274
13068,C4,broken_down,529,2.6450,-0.0028,0.1187,0,4.2308,1,1.0000,0.0000,0.7202,36.3386,1.6923,-0.0324,0.4727,0.1250
13069,C4,adaptive,525,2.6250,-0.0053,0.0999,0,3.0000,1,1.0000,0.0000,0.6457,35.9145,1.7865,0.0352,0.2982,0.1304
13070,C4,stressed,559,2.7950,-0.0044,0.1313,0,9.2857,1,1.0000,0.0000,0.7245,36.1506,2.0209,0.0256,0.4308,0.1457
13071,C4,broken_down,542,2.7100,-0.0058,0.1226,0,4.8182,1,1.0000,0.0000,0.6697,36.0882,2.0341,0.0517,0.5000,0.1104
13072,C4,adaptive,515,2.5750,-0.0004,0.1174,0,4.7500,1,1.0000,0.0000,0.6796,36.3914,1.6769,0.0269,0.3860,0.1367
13073,C4,adaptive,542,2.7100,-0.0056,0.1726,0,4.6000,1,1.0000,0.0000,0.6605,37.0587,1.8480,0.1086,0.4203,0.1568
13074,C4,broken_down,515,2.5750,-0.0034,0.1156,0,3.0000,1,1.0000,0.0000,0.6563,38.5089,2.0110,0.0759,0.3191,0.1088
13075,C4,broken_down,502,2.5100,-0.0057,0.1217,0,4.5455,1,1.0000,0.0000,0.7271,38.1315,2.3364,0.1584,0.2800,0.1208
13076,C4,adaptive,563,2.8150,-0.0039,0.1279,0,3.5625,1,1.0000,0.0000,0.6927,39.0769,2.1576,-0.1219,0.2909,0.1170
13077,C4,stressed,538,2.6900,-0.0027,0.1264,0,4.4615,1,1.0000,0.0000,0.7026,36.0079,1.9618,0.0895,0.2979,0.1026
13078,C4,broken_down,532,2.6600,-0.0052,0.1443,0,6.8750,1,1.0000,0.0000,0.6842,39.8242,2.0887,-0.0020,0.4000,0.1256
13079,C4,adaptive,520,2.6000,-0.0026,0.0861,0,2.7895,1,1.0000,0.0000,0.7077,36.8288,1.8482,0.0962,0.3962,0.1256
13080,C4,broken_down,540,2.7000,-0.0049,0.1245,0,3.3125,1,0.9872,0.0152,0.7074,41.4869,1.6854,0.1017,0.3529,0.1128
13081,C4,broken_down,579,2.8950,-0.0025,0.1254,0,4.6154,1,0.9872,0.0152,0.6995,34.3111,2.0916,0.1244,0.4500,0.1261
13082,C4,broken_down,535,2.6750,-0.0047,0.1222,0,7.2500,1,0.9872,0.0152,0.6486,34.7406,1.7757,0.0283,0.3793,0.1339
13083,C4,adaptive,566,2.8300,-0.0065,0.1297,0,3.9333,1,0.9872,0.0152,0.6873,33.5501,1.9021,0.0619,0.3729,0.1274
13084,C4,adaptive,494,2.4700,-0.0035,0.1230,0,3.4000,1,1.0000,0.0000,0.6761,37.9940,1.7998,0.0462,0.3725,0.1272
13085,C4,adaptive,560,2.8000,-0.0061,0.1305,0,4.6923,1,0.9872,0.0152,0.6982,33.7928,1.8068,0.1108,0.2951,0.1306
13086,C4,adaptive,526,2.6300,-0.0026,0.1059,0,3.2941,1,0.9872,0.0152,0.6787,33.2213,1.9592,0.0435,0.3750,0.1302
13087,C4,adaptive,498,2.4900,-0.0038,0.1319,0,6.1111,1,1.0000,0.0000,0.6627,43.8091,1.6377,-0.0843,0.3261,0.1111
13088,C4,broken_down,545,2.7250,-0.0028,0.1366,0,6.8750,1,1.0000,0.0000,0.7156,39.3462,1.8895,-0.1113,0.3519,0.1211
13089,C4,adaptive,504,2.5200,-0.0065,0.1078,0,3.6923,1,1.0000,0.0000,0.7044,37.1014,1.9731,0.0762,0.4783,0.1127
13090,C4,broken_down,523,2.6150,-0.0036,0.1430,0,8.0000,1,1.0000,0.0000,0.6711,35.5726,1.4549,0.0665,0.2143,0.1318
13091,C4,stressed,513,2.5650,-0.0030,0.1098,0,4.4167,1,1.0000,0.0000,0.6530,34.1791,1.9775,-0.0094,0.3261,0.1067
13092,C4,stressed,528,2.6400,-0.0048,0.1524,0,6.8889,1,1.0000,0.0000,0.6875,37.6749,1.7508,0.0711,0.3226,0.1429
13093,C4,adaptive,544,2.7200,-0.0034,0.1423,0,6.6667,1,1.0000,0.0000,0.7206,34.6352,1.6824,-0.0497,0.3667,0.1412
13094,C4,adaptive,546,2.7300,-0.0035,0.1409,0,4.0667,1,1.0000,0.0000,0.7125,38.7532,1.9460,0.0881,0.3279,0.1377
13095,C4,broken_down,533,2.6650,-0.0043,0.1097,0,3.0588,1,1.0000,0.0000,0.6792,36.7956,2.1587,0.0411,0.2885,0.1169
13096,C4,stressed,505,2.5250,-0.0036,0.1273,0,3.1250,1,1.0000,0.0000,0.6396,39.5325,1.7824,0.1001,0.4400,0.1193
13097,C4,adaptive,548,2.7400,-0.0040,0.1308,0,5.0769,1,1.0000,0.0000,0.6843,38.4293,1.3485,0.0775,0.3485,0.1483
13098,C4,broken_down,542,2.7100,-0.0026,0.1323,0,5.7273,1,1.0000,0.0000,0.6753,35.2404,1.8327,-0.0226,0.3968,0.1445
13099,C4,adaptive,540,2.7000,-0.0047,0.1299,0,3.4118,1,1.0000,0.0000,0.6556,36.3305,2.2581,-0.0370,0.2941,0.1118
13100,C4,stressed,543,2.7150,-0.0057,0.1278,0,3.7333,1,1.0000,0.0000,0.6961,40.6799,1.8622,0.1350,0.2857,0.1253
13101,C4,adaptive,531,2.6550,-0.0051,0.1460,0,3.3158,1,1.0000,0.0000,0.6573,34.1490,1.7348,0.0675,0.3333,0.1413
13102,C4,adaptive,556,2.7800,-0.0028,0.1195,0,4.0714,1,1.0000,0.0000,0.6691,37.1559,2.2056,-0.0355,0.2692,0.1118
13103,C4,adaptive,560,2.8000,-0.0053,0.1151,0,4.6667,1,1.0000,0.0000,0.6929,34.1031,1.9022,0.0360,0.4821,0.1197
13104,C4,adaptive,533,2.6650,-0.0056,0.1302,0,3.7857,1,1.0000,0.0000,0.6717,37.5084,1.9779,0.0794,0.3019,0.1256
13105,C4,adaptive,535,2.6750,-0.0016,0.1271,0,4.9091,1,1.0000,0.0000,0.6860,33.9319,2.3082,-0.0536,0.1887,0.1210
13106,C4,broken_down,571,2.8550,-0.0026,0.1336,0,5.4545,1,1.0000,0.0000,0.7233,35.8983,2.1089,-0.0142,0.3000,0.1296
13107,C4,stressed,542,2.7100,-0.0046,0.1206,0,3.3333,1,1.0000,0.0000,0.6679,35.5691,1.9711,-0.0464,0.3846,0.1148
13108,C4,adaptive,532,2.6600,-0.0040,0.1374,0,3.0000,1,1.0000,0.0000,0.6861,36.5945,1.9619,-0.0231,0.4211,0.1326
13109,C4,adaptive,563,2.8150,-0.0032,0.1232,0,3.5625,1,1.0000,0.0000,0.7353,40.3116,2.2763,-0.0178,0.3860,0.1226
13110,C4,stressed,535,2.6750,-0.0063,0.1288,0,5.0000,1,0.9872,0.0152,0.6860,33.8501,1.8612,0.0088,0.2917,0.1076
13111,C4,stressed,559,2.7950,-0.0079,0.1117,0,3.6000,1,1.0000,0.0000,0.7174,40.1097,2.0181,0.0918,0.3077,0.1126
13112,C4,broken_down,579,2.8950,-0.0053,0.1363,0,7.4000,1,1.0000,0.0000,0.6908,40.1175,2.6051,-0.0192,0.3378,0.1605
13113,C4,adaptive,537,2.6850,-0.0035,0.1057,0,5.2000,1,1.0000,0.0000,0.7020,38.8753,1.4834,0.1516,0.3077,0.1198
13114,C4,adaptive,543,2.7150,-0.0033,0.1204,0,4.5000,1,1.0000,0.0000,0.6943,35.4562,1.8904,0.0103,0.3519,0.1200
13115,C4,broken_down,519,2.5950,-0.0049,0.1447,0,5.7273,1,1.0000,0.0000,0.6840,40.2056,2.0387,0.0894,0.3810,0.1544
13116,C4,broken_down,536,2.6800,-0.0036,0.1438,0,4.0714,1,1.0000,0.0000,0.6828,35.4071,1.8046,0.0583,0.3509,0.1313
13117,C4,stressed,512,2.5600,-0.0046,0.1145,0,3.7143,1,1.0000,0.0000,0.6777,37.8156,1.6115,0.1396,0.3617,0.1098
13118,C4,adaptive,562,2.8100,-0.0037,0.1024,0,4.2857,1,1.0000,0.0000,0.6690,35.9495,1.6909,0.1180,0.4000,0.1310
13119,C4,stressed,565,2.8250,-0.0047,0.1498,0,7.5000,1,1.0000,0.0000,0.6761,36.2382,2.2228,-0.0730,0.3333,0.1282
13120,C4,adaptive,547,2.7350,-0.0020,0.1060,0,4.2500,1,0.9872,0.0152,0.6965,34.6089,1.8414,0.0154,0.4130,0.1004
13121,C4,adaptive,551,2.7550,-0.0029,0.1413,0,4.9231,1,1.0000,0.0000,0.6642,35.5301,1.8860,-0.0405,0.3281,0.1407
13122,C4,broken_down,580,2.9000,-0.0018,0.1178,0,6.1000,1,1.0000,0.0000,0.7207,34.6531,1.8764,0.1014,0.3443,0.1260
13123,C4,broken_down,525,2.6250,-0.0070,0.1075,0,2.6500,1,1.0000,0.0000,0.6914,35.1570,1.6342,0.1677,0.2453,0.1221
13124,C4,adaptive,523,2.6150,-0.0055,0.1630,0,5.7000,1,0.9872,0.0152,0.6539,36.3830,1.7143,0.1915,0.2857,0.1340
13125,C4,adaptive,497,2.4850,-0.0064,0.1275,0,5.1000,1,0.9872,0.0152,0.6439,37.0000,1.4714,0.0890,0.3478,0.1147
13126,C4,adaptive,576,2.8800,-0.0072,0.1197,0,3.2632,1,1.0000,0.0000,0.6927,35.0777,2.1253,0.0774,0.2419,0.1303
13127,C4,broken_down,538,2.6900,-0.0025,0.0992,0,3.6429,1,1.0000,0.0000,0.7156,35.4519,2.0069,0.0916,0.3469,0.1075
13128,C4,stressed,536,2.6800,-0.0059,0.1062,0,4.0000,1,1.0000,0.0000,0.6810,35.5452,1.8472,0.1463,0.3036,0.1267
13129,C4,stressed,559,2.7950,-0.0041,0.1095,0,6.3750,1,1.0000,0.0000,0.6458,35.1191,1.5603,0.0049,0.3191,0.1002
13130,C4,stressed,561,2.8050,-0.0060,0.1226,0,6.3000,1,1.0000,0.0000,0.6934,40.3856,1.6798,0.2299,0.3651,0.1355
13131,C4,adaptive,540,2.7000,-0.0033,0.1302,0,4.3077,1,0.9872,0.0152,0.6981,35.6605,1.6453,0.1147,0.3400,0.1109
13132,C4,adaptive,528,2.6400,-0.0038,0.0950,0,2.8235,1,1.0000,0.0000,0.6818,38.2194,1.8573,0.1331,0.3333,0.1088
13133,C4,broken_down,531,2.6550,-0.0037,0.1031,0,3.6923,1,1.0000,0.0000,0.6836,36.9477,2.0856,0.0571,0.3404,0.1051
13134,C4,adaptive,548,2.7400,-0.0053,0.1275,0,3.9286,1,1.0000,0.0000,0.7026,37.3299,1.8229,0.0841,0.3273,0.1217
13135,C4,adaptive,512,2.5600,-0.0038,0.1073,0,2.8824,1,1.0000,0.0000,0.6602,38.3284,1.9917,0.0290,0.4694,0.1172
13136,C4,stressed,552,2.7600,-0.0034,0.1034,0,3.7143,1,1.0000,0.0000,0.6848,38.7063,2.2201,0.0856,0.3654,0.1148
13137,C4,stressed,532,2.6600,-0.0058,0.0766,0,2.8824,1,1.0000,0.0000,0.6692,34.5112,1.7907,0.0463,0.4490,0.1086
13138,C4,broken_down,519,2.5950,-0.0074,0.1082,0,3.1250,1,1.0000,0.0000,0.6532,37.8142,1.8751,0.0466,0.4200,0.1166
13139,C4,broken_down,577,2.8850,-0.0055,0.1280,0,4.2500,1,1.0000,0.0000,0.6742,34.1208,2.1673,0.0169,0.3382,0.1438
13140,C4,stressed,533,2.6650,-0.0056,0.1235,0,4.9167,1,1.0000,0.0000,0.6923,37.5366,1.7219,0.0839,0.3898,0.1338
13141,C4,stressed,537,2.6850,0.0003,0.1143,0,4.6667,1,1.0000,0.0000,0.7169,36.2805,2.1173,-0.0042,0.3571,0.1264
13142,C4,adaptive,524,2.6200,-0.0051,0.1333,0,8.0000,1,1.0000,0.0000,0.7042,42.6667,2.1385,0.0450,0.3750,0.1093
13143,C4,stressed,534,2.6700,-0.0037,0.1400,0,3.9333,1,0.9872,0.0152,0.6723,39.5237,1.5996,0.0387,0.3898,0.1332
13144,C4,stable,552,2.7600,-0.0029,0.1355,0,4.2857,1,1.0000,0.0000,0.7156,37.3266,1.8331,0.1147,0.3500,0.1342
13145,C4,stressed,542,2.7100,0.0001,0.1425,0,7.1250,1,1.0000,0.0000,0.6771,36.8556,1.6633,0.0535,0.3333,0.1275
13146,C4,broken_down,540,2.7000,-0.0030,0.1179,0,3.8667,1,1.0000,0.0000,0.6593,38.3230,2.1365,-0.0410,0.2759,0.1327
13147,C4,stressed,553,2.7650,-0.0007,0.1422,0,5.4167,1,1.0000,0.0000,0.7161,38.3990,1.9484,0.0145,0.3077,0.1454
13148,C4,adaptive,562,2.8100,-0.0033,0.1352,0,3.4118,1,1.0000,0.0000,0.7206,33.5284,1.9939,-0.0631,0.4364,0.1217
13149,C4,broken_down,531,2.6550,-0.0045,0.1199,0,5.2727,1,1.0000,0.0000,0.6554,41.1868,1.7899,0.1169,0.3966,0.1358
13150,C4,stressed,559,2.7950,-0.0044,0.1321,0,5.1667,1,1.0000,0.0000,0.7030,32.8092,2.1714,-0.1584,0.4677,0.1372
13151,C4,stressed,529,2.6450,-0.0017,0.1474,0,5.0909,1,1.0000,0.0000,0.6994,37.0162,1.6177,-0.0691,0.3019,0.1227
13152,C4,stressed,520,2.6000,-0.0040,0.1624,0,7.3333,1,1.0000,0.0000,0.6673,40.5908,1.7330,0.1098,0.3788,0.1568
13153,C4,stressed,558,2.7900,-0.0037,0.1274,0,4.0769,1,0.9872,0.0152,0.7151,34.9549,2.0730,0.1610,0.3269,0.1133
13154,C4,broken_down,539,2.6950,-0.0005,0.1185,0,6.3750,1,1.0000,0.0000,0.6568,33.2797,2.0907,0.0234,0.4000,0.1027
13155,C4,broken_down,520,2.6000,-0.0068,0.1166,0,4.1429,1,1.0000,0.0000,0.6712,34.6218,1.7404,0.1868,0.2586,0.1378
13156,C4,adaptive,574,2.8700,-0.0035,0.1399,0,6.0000,1,1.0000,0.0000,0.6742,35.9716,1.7110,0.1586,0.3833,0.1242
13157,C4,broken_down,513,2.5650,-0.0026,0.1323,0,7.0000,1,0.9744,0.0303,0.6842,34.3732,1.8792,-0.0165,0.3571,0.1330
13158,C4,stressed,564,2.8200,-0.0025,0.1271,0,3.7333,1,1.0000,0.0000,0.6986,40.6117,2.2136,-0.0630,0.4107,0.1215
13159,C4,adaptive,543,2.7150,-0.0054,0.1451,0,6.2000,1,1.0000,0.0000,0.6961,35.4603,1.6137,-0.0490,0.4194,0.1416
13160,C4,stressed,513,2.5650,-0.0054,0.1032,0,3.8571,1,1.0000,0.0000,0.6920,36.3127,1.7647,0.0639,0.4444,0.1277
13161,C4,adaptive,539,2.6950,-0.0046,0.1053,0,3.7333,1,0.9872,0.0152,0.7124,42.6484,2.1803,0.0888,0.3750,0.1276
13162,C4,broken_down,517,2.5850,-0.0041,0.1250,0,6.3750,1,1.0000,0.0000,0.6596,36.6305,1.6085,0.0061,0.3333,0.1189
13163,C4,stressed,544,2.7200,-0.0045,0.1456,0,5.5455,1,1.0000,0.0000,0.6618,36.0306,2.0017,-0.0098,0.3770,0.1396
13164,C4,adaptive,576,2.8800,-0.0066,0.1231,0,7.2500,1,1.0000,0.0000,0.6684,37.8779,1.7248,0.0439,0.3061,0.1036
13165,C4,adaptive,533,2.6650,-0.0034,0.0993,0,3.6000,1,0.9872,0.0152,0.7186,38.7833,1.9032,-0.0029,0.2791,0.0966
13166,C4,adaptive,516,2.5800,-0.0066,0.1288,0,5.3000,1,0.9872,0.0152,0.6977,37.9000,1.6253,0.0238,0.2449,0.1150
13167,C4,adaptive,538,2.6900,-0.0048,0.1273,0,5.0000,1,1.0000,0.0000,0.6691,38.1139,1.7439,0.0524,0.3529,0.1154
13168,C4,adaptive,548,2.7400,-0.0066,0.1179,0,3.8125,1,1.0000,0.0000,0.6916,38.0211,1.8947,0.0893,0.4000,0.1233
13169,C4,stressed,545,2.7250,-0.0076,0.1008,0,3.7857,1,1.0000,0.0000,0.7009,37.7723,2.0410,0.0577,0.3200,0.1080
13170,C4,adaptive,549,2.7450,-0.0023,0.1496,0,4.4000,1,1.0000,0.0000,0.7341,39.3424,1.9186,0.0831,0.3485,0.1490
13171,C4,adaptive,576,2.8800,-0.0028,0.1389,0,7.6250,1,1.0000,0.0000,0.7170,36.8426,1.8872,0.2120,0.2549,0.1052
13172,C4,adaptive,540,2.7000,-0.0066,0.0883,0,2.9444,1,1.0000,0.0000,0.6889,38.4301,2.1179,0.1600,0.4250,0.0875
13173,C4,adaptive,538,2.6900,-0.0022,0.1078,0,5.8889,1,1.0000,0.0000,0.6840,37.9810,1.9348,0.0688,0.3396,0.1162
13174,C4,broken_down,522,2.6100,-0.0029,0.1158,0,4.6364,1,1.0000,0.0000,0.6839,39.4174,2.1030,0.0807,0.2353,0.1211
13175,C4,adaptive,557,2.7850,-0.0019,0.1022,0,3.1111,1,1.0000,0.0000,0.6984,34.6170,1.9842,-0.0358,0.3913,0.0983
13176,C4,stressed,533,2.6650,0.0012,0.1025,0,4.7273,1,1.0000,0.0000,0.7092,33.3889,1.8932,-0.0242,0.3846,0.1193
13177,C4,stressed,517,2.5850,-0.0015,0.1113,0,4.1667,1,0.9872,0.0152,0.7041,40.8022,1.8284,0.0473,0.2683,0.0915
13178,C4,stressed,504,2.5200,-0.0046,0.1557,0,6.3333,1,1.0000,0.0000,0.6746,39.6000,1.4806,0.0199,0.3860,0.1397
13179,C4,stressed,545,2.7250,-0.0053,0.1332,0,4.6923,1,1.0000,0.0000,0.6881,35.5333,1.6657,0.1136,0.4098,0.1371
13180,C4,broken_down,537,2.6850,-0.0025,0.0971,0,4.2500,1,1.0000,0.0000,0.7020,38.0212,1.8583,0.0474,0.2745,0.1114
13181,C4,stressed,499,2.4950,-0.0037,0.1523,0,4.2143,1,0.9744,0.0303,0.6974,38.1609,1.3224,0.2076,0.4407,0.1497
13182,C4,stressed,609,3.0450,-0.0016,0.1192,0,6.4444,1,1.0000,0.0000,0.7126,34.0230,1.8040,0.0186,0.4151,0.1027
13183,C4,adaptive,554,2.7700,-0.0063,0.1125,0,3.6667,1,1.0000,0.0000,0.6931,39.3255,1.7149,0.0555,0.4222,0.0972
13184,C4,adaptive,552,2.7600,-0.0013,0.1126,0,4.7500,1,1.0000,0.0000,0.7065,34.1641,1.9946,-0.0968,0.4912,0.1287
13185,C4,adaptive,567,2.8350,-0.0044,0.1207,0,8.2857,1,1.0000,0.0000,0.6966,36.7797,1.7755,-0.0344,0.3261,0.0956
13186,C4,adaptive,532,2.6600,-0.0006,0.1298,0,3.5625,1,1.0000,0.0000,0.7011,38.7936,1.7931,-0.1115,0.3333,0.1172
13187,C4,adaptive,557,2.7850,-0.0029,0.1146,0,3.3750,1,1.0000,0.0000,0.7199,37.2594,2.0484,-0.0409,0.3542,0.1030
13188,C4,stressed,556,2.7800,-0.0045,0.1240,0,3.8667,1,1.0000,0.0000,0.6924,33.6701,1.6327,0.0494,0.3103,0.1283
13189,C4,adaptive,558,2.7900,-0.0051,0.1001,0,3.8571,1,1.0000,0.0000,0.7186,36.3292,1.7506,0.0516,0.3913,0.0987
13190,C4,adaptive,545,2.7250,-0.0057,0.1324,0,4.0714,1,1.0000,0.0000,0.6862,38.3128,1.6484,0.1327,0.3684,0.1267
13191,C4,adaptive,528,2.6400,-0.0071,0.1145,0,3.5714,1,1.0000,0.0000,0.6989,36.7453,1.7584,0.0881,0.2553,0.1061
13192,C4,adaptive,528,2.6400,-0.0016,0.1425,0,4.5833,1,1.0000,0.0000,0.6894,35.9038,1.7168,-0.0444,0.3725,0.1189
13193,C4,adaptive,492,2.4600,-0.0045,0.1082,0,3.9231,1,1.0000,0.0000,0.6850,37.2611,1.8615,0.0559,0.2857,0.0995
13194,C4,broken_down,547,2.7350,-0.0070,0.1246,0,4.0000,1,1.0000,0.0000,0.6874,36.8245,1.8626,0.0542,0.3167,0.1342
13195,C4,broken_down,555,2.7750,-0.0013,0.1064,0,4.3846,1,1.0000,0.0000,0.6829,37.5462,1.7949,0.0332,0.4035,0.1253
13196,C4,stressed,543,2.7150,-0.0047,0.1363,0,4.6154,1,0.9872,0.0152,0.6777,37.8288,1.9589,-0.0797,0.3000,0.1351
13197,C4,stressed,562,2.8100,-0.0075,0.1174,0,2.6818,1,1.0000,0.0000,0.6673,37.7467,1.8545,0.1096,0.5085,0.1300
13198,C4,stressed,529,2.6450,-0.0052,0.1082,0,3.7857,1,1.0000,0.0000,0.6938,38.5095,1.9382,0.0585,0.3208,0.1227
13199,C4,broken_down,563,2.8150,-0.0045,0.1309,0,4.0714,1,1.0000,0.0000,0.6874,40.5065,2.2542,-0.0787,0.3333,0.0930
13200,C4,stressed,523,2.6150,-0.0055,0.1221,0,5.4000,1,0.9872,0.0152,0.7017,36.5559,1.5633,0.0811,0.2778,0.1262
13201,C4,broken_down,546,2.7300,-0.0048,0.0986,0,2.7368,1,1.0000,0.0000,0.6795,36.1887,1.7293,-0.0035,0.4808,0.1163
13202,C4,adaptive,535,2.6750,-0.0031,0.1346,0,6.3333,1,1.0000,0.0000,0.6636,36.3099,1.8583,-0.0545,0.2982,0.1313
13203,C4,broken_down,530,2.6500,-0.0019,0.1437,0,5.9000,1,1.0000,0.0000,0.6415,36.7382,1.8963,0.0388,0.3559,0.1366
13204,C4,broken_down,517,2.5850,-0.0034,0.1265,0,3.9286,1,1.0000,0.0000,0.6847,37.2458,1.5322,0.0988,0.4000,0.1345
13205,C4,adaptive,561,2.8050,-0.0014,0.1144,0,4.3846,1,1.0000,0.0000,0.7308,32.1610,1.9187,0.0096,0.3571,0.1202
13206,C4,adaptive,569,2.8450,-0.0025,0.1219,0,4.5385,1,1.0000,0.0000,0.7100,33.4035,1.9509,0.0412,0.2542,0.1272
13207,C4,adaptive,531,2.6550,-0.0064,0.0875,0,4.0000,1,1.0000,0.0000,0.6893,36.6776,1.9196,0.1216,0.3261,0.1053
13208,C4,stable,548,2.7400,-0.0042,0.1070,0,4.2500,1,1.0000,0.0000,0.6916,37.6887,1.8723,0.0373,0.3725,0.1143
13209,C4,stressed,563,2.8150,-0.0029,0.1235,0,5.5000,1,1.0000,0.0000,0.7229,38.5700,1.9863,0.1266,0.3137,0.1060
13210,C4,stressed,522,2.6100,-0.0014,0.1229,0,4.5833,1,1.0000,0.0000,0.6609,37.0087,2.0469,-0.0628,0.4545,0.1273
13211,C4,adaptive,523,2.6150,-0.0049,0.1674,0,4.9231,1,0.9872,0.0152,0.7036,37.0897,1.4633,0.1726,0.4219,0.1502
13212,C4,adaptive,521,2.6050,-0.0015,0.1178,0,6.0000,1,1.0000,0.0000,0.7370,41.9401,1.9457,0.1172,0.3400,0.1152
13213,C4,adaptive,534,2.6700,-0.0060,0.1057,0,3.0500,1,0.9872,0.0152,0.6948,35.6792,1.8083,0.1412,0.4262,0.1425
13214,C4,stressed,601,3.0050,-0.0053,0.1142,0,5.8182,1,1.0000,0.0000,0.6855,37.3325,1.8898,0.0190,0.3438,0.1288
13215,C4,adaptive,563,2.8150,-0.0050,0.1432,0,5.8182,1,1.0000,0.0000,0.6288,36.5311,2.0785,-0.0099,0.3594,0.1394
13216,C4,broken_down,548,2.7400,-0.0062,0.1216,0,4.2143,1,1.0000,0.0000,0.6898,32.5979,2.1448,0.0855,0.3898,0.1329
13217,C4,stressed,563,2.8150,-0.0071,0.1241,0,4.2143,1,1.0000,0.0000,0.7176,37.3069,2.1455,0.0547,0.3390,0.1261
13218,C4,broken_down,541,2.7050,-0.0049,0.1152,0,4.4615,1,1.0000,0.0000,0.7079,34.3185,1.9134,0.0583,0.3256,0.0929
13219,C4,broken_down,561,2.8050,-0.0014,0.0941,0,3.9231,1,1.0000,0.0000,0.6702,36.1862,2.0344,-0.0330,0.4043,0.1006
13220,C4,broken_down,559,2.7950,-0.0040,0.1153,0,3.4375,1,1.0000,0.0000,0.7496,42.2220,1.7304,0.1600,0.2909,0.1214
13221,C4,broken_down,508,2.5400,-0.0020,0.1027,0,3.9231,1,1.0000,0.0000,0.6732,37.1316,1.6904,-0.0126,0.2941,0.1241
13222,C4,adaptive,524,2.6200,-0.0049,0.1295,0,6.4444,1,1.0000,0.0000,0.6737,38.2295,1.8711,0.0762,0.4138,0.1352
13223,C4,broken_down,500,2.5000,-0.0021,0.1185,0,7.0000,1,1.0000,0.0000,0.6660,38.5015,1.7119,-0.0224,0.2857,0.1178
13224,C4,stressed,557,2.7850,-0.0047,0.1201,0,3.8750,1,1.0000,0.0000,0.6948,39.4599,1.8359,0.1346,0.4032,0.1378
13225,C4,stressed,537,2.6850,-0.0032,0.1538,0,4.6154,1,1.0000,0.0000,0.6909,37.7439,2.2670,0.1302,0.2830,0.1191
13226,C4,adaptive,541,2.7050,-0.0025,0.1456,0,3.2941,1,1.0000,0.0000,0.6839,38.3000,1.8505,-0.0419,0.3750,0.1276
13227,C4,broken_down,518,2.5900,-0.0020,0.1135,0,4.0000,1,0.9872,0.0152,0.6950,39.2778,1.7287,-0.0052,0.2857,0.0944
13228,C4,adaptive,548,2.7400,-0.0061,0.1398,0,4.0000,1,1.0000,0.0000,0.6715,36.1168,1.9996,0.1106,0.5500,0.1330
13229,C4,adaptive,503,2.5150,-0.0061,0.1193,0,3.1176,1,1.0000,0.0000,0.6799,41.1842,1.6731,0.1382,0.3396,0.1293
13230,C4,broken_down,551,2.7550,-0.0065,0.0972,0,3.0000,1,1.0000,0.0000,0.7350,36.2815,1.9803,0.0157,0.3725,0.1097
13231,C4,adaptive,521,2.6050,-0.0041,0.1169,0,4.0000,1,1.0000,0.0000,0.6795,37.9915,1.8291,0.0340,0.3077,0.1204
13232,C4,stressed,551,2.7550,-0.0015,0.1215,0,4.3077,1,1.0000,0.0000,0.6897,40.6632,2.0537,-0.0662,0.2500,0.1050
13233,C4,stressed,563,2.8150,-0.0041,0.1038,0,3.6000,1,1.0000,0.0000,0.7211,34.4581,1.8139,-0.0118,0.5000,0.0875
13234,C4,broken_down,549,2.7450,-0.0024,0.1261,0,4.1538,1,1.0000,0.0000,0.6794,32.7775,1.6521,0.1107,0.4815,0.1189
13235,C4,stressed,527,2.6350,-0.0039,0.1308,0,3.3529,1,1.0000,0.0000,0.6660,37.2251,1.7175,-0.0709,0.4151,0.1244
13236,C4,adaptive,528,2.6400,-0.0041,0.1279,0,4.5000,1,1.0000,0.0000,0.6307,39.3333,2.2380,0.0374,0.3654,0.1185
13237,C4,adaptive,546,2.7300,-0.0014,0.1209,0,4.7273,1,1.0000,0.0000,0.6923,34.5344,1.8018,0.0320,0.4423,0.1161
13238,C4,broken_down,533,2.6650,-0.0043,0.1071,0,3.1875,1,1.0000,0.0000,0.6961,38.6065,1.5495,0.0869,0.4400,0.1129
13239,C4,stressed,563,2.8150,-0.0047,0.1115,0,3.5333,1,1.0000,0.0000,0.6980,36.4580,2.3071,-0.0470,0.2745,0.1087
13240,C4,broken_down,583,2.9150,-0.0040,0.1013,0,4.0769,1,1.0000,0.0000,0.7153,30.6882,2.2968,0.0456,0.2826,0.0931
13241,C4,stressed,557,2.7850,-0.0065,0.1279,0,4.0714,1,1.0000,0.0000,0.6661,39.5229,1.9626,0.2158,0.2807,0.1242
13242,C4,stressed,493,2.4650,-0.0042,0.1314,0,5.4444,1,1.0000,0.0000,0.6308,38.1061,1.6050,0.0633,0.3469,0.1175
13243,C4,broken_down,525,2.6250,-0.0031,0.0964,0,2.6842,1,1.0000,0.0000,0.6590,37.1127,1.5087,0.0702,0.2353,0.1159
13244,C4,stressed,548,2.7400,-0.0042,0.1115,0,3.4667,1,1.0000,0.0000,0.6515,37.2185,1.8392,-0.0221,0.3654,0.1123
13245,C4,stressed,513,2.5650,-0.0058,0.1260,0,4.8182,1,0.9872,0.0152,0.6998,39.0641,1.5939,0.0283,0.3396,0.1274
13246,C4,adaptive,557,2.7850,-0.0036,0.1207,0,5.7273,1,1.0000,0.0000,0.6768,34.4483,1.7837,-0.0544,0.2698,0.1382
13247,C4,adaptive,502,2.5100,-0.0027,0.1247,0,3.8571,1,0.9872,0.0152,0.6554,36.0699,1.6761,0.0561,0.3889,0.1350
13248,C4,adaptive,538,2.6900,-0.0045,0.1144,0,3.8571,1,1.0000,0.0000,0.6691,35.1417,2.1636,0.0090,0.3519,0.1219
13249,C4,adaptive,527,2.6350,-0.0023,0.1031,0,3.8571,1,1.0000,0.0000,0.7135,38.2979,1.9350,-0.0279,0.3148,0.1259
13250,C4,adaptive,532,2.6600,-0.0050,0.1322,0,4.7500,1,0.9872,0.0152,0.6729,37.0419,1.9091,0.0929,0.2830,0.1199
13251,C4,broken_down,539,2.6950,-0.0054,0.1167,0,4.2308,1,1.0000,0.0000,0.6827,31.5734,1.7002,0.0923,0.3818,0.1228
13252,C4,adaptive,536,2.6800,-0.0025,0.1231,0,4.5833,1,1.0000,0.0000,0.7034,38.5066,1.9012,0.1286,0.3455,0.1270
13253,C4,stressed,524,2.6200,-0.0056,0.0972,0,3.6429,1,1.0000,0.0000,0.6966,36.9863,1.9526,0.1355,0.3725,0.1156
13254,C4,stressed,555,2.7750,-0.0042,0.0970,0,2.8333,1,0.9872,0.0152,0.7459,35.5990,1.6405,0.0785,0.3429,0.0753
13255,C4,broken_down,575,2.8750,-0.0024,0.1367,0,7.8750,1,1.0000,0.0000,0.7096,38.7819,1.5885,0.0451,0.2540,0.1422
13256,C4,broken_down,515,2.5750,-0.0050,0.0941,0,3.6154,1,1.0000,0.0000,0.6913,38.6320,2.2195,0.0029,0.4348,0.1065
13257,C4,broken_down,512,2.5600,-0.0026,0.1226,0,3.7692,1,1.0000,0.0000,0.6914,35.0452,1.8686,0.0828,0.3469,0.1156
13258,C4,stressed,518,2.5900,-0.0031,0.1345,0,3.2500,1,0.9872,0.0152,0.7201,38.5040,1.9704,0.0882,0.2917,0.1109
13259,C4,stressed,548,2.7400,0.0008,0.1319,0,5.7273,1,1.0000,0.0000,0.6861,38.6862,1.9404,-0.0230,0.3175,0.1419
13260,C4,stressed,560,2.8000,-0.0032,0.1146,0,3.7143,1,1.0000,0.0000,0.7161,36.7681,2.1841,-0.0832,0.3721,0.0898
13261,C4,broken_down,545,2.7250,-0.0028,0.1061,0,6.0000,1,1.0000,0.0000,0.6881,40.5893,1.6620,-0.0108,0.4898,0.1086
13262,C4,stressed,553,2.7650,-0.0051,0.1391,0,5.9000,1,1.0000,0.0000,0.6890,36.0262,1.9890,0.1090,0.2203,0.1300
13263,C4,adaptive,512,2.5600,-0.0067,0.1262,0,4.0000,1,1.0000,0.0000,0.7031,41.6944,1.7301,0.1322,0.3750,0.1346
13264,C4,adaptive,547,2.7350,-0.0041,0.1148,0,4.8182,1,1.0000,0.0000,0.6837,40.8102,1.6662,0.0889,0.4000,0.1101
13265,C4,broken_down,484,2.4200,-0.0029,0.1036,0,3.4615,1,0.9872,0.0152,0.6632,40.5514,1.6465,0.0614,0.3778,0.1131
13266,C4,broken_down,554,2.7700,-0.0064,0.1127,0,5.0909,1,1.0000,0.0000,0.7148,38.1692,1.8573,0.1910,0.4464,0.1256
13267,C4,adaptive,550,2.7500,-0.0031,0.1234,0,4.1429,1,1.0000,0.0000,0.7091,41.4051,1.6172,0.0887,0.2586,0.1292
13268,C4,adaptive,564,2.8200,-0.0052,0.1326,0,4.0625,1,1.0000,0.0000,0.6720,33.0950,1.9460,-0.0555,0.3077,0.1413
13269,C4,adaptive,521,2.6050,-0.0091,0.0969,0,2.5238,1,0.9872,0.0152,0.6795,35.0876,1.8951,0.1322,0.3774,0.1253
13270,C4,stressed,557,2.7850,-0.0032,0.0967,0,3.1765,1,1.0000,0.0000,0.6661,34.5472,2.0071,0.0210,0.4074,0.1159
13271,C4,broken_down,525,2.6250,-0.0049,0.1067,0,3.2941,1,0.9872,0.0152,0.6762,35.7803,1.5906,0.0944,0.3571,0.1302
13272,C4,broken_down,536,2.6800,-0.0029,0.1079,0,3.1875,1,1.0000,0.0000,0.6642,40.3961,2.0768,-0.0034,0.3529,0.1138
13273,C4,stressed,548,2.7400,-0.0045,0.0985,0,2.8333,1,1.0000,0.0000,0.7007,38.2630,1.7834,-0.0028,0.3529,0.1121
13274,C4,broken_down,531,2.6550,-0.0038,0.1541,0,10.0000,1,1.0000,0.0000,0.6478,33.9186,1.9271,0.1004,0.3191,0.1073
13275,C4,broken_down,521,2.6050,-0.0053,0.1172,0,4.8000,1,1.0000,0.0000,0.6603,36.6948,2.1691,-0.0325,0.2609,0.1029
13276,C4,broken_down,556,2.7800,-0.0047,0.1336,0,4.3077,1,0.9872,0.0152,0.6745,39.3360,1.9527,0.0491,0.4364,0.1204
13277,C4,stressed,541,2.7050,-0.0045,0.1001,0,2.5652,1,1.0000,0.0000,0.6710,37.8788,1.9804,0.1063,0.2373,0.1320
13278,C4,adaptive,527,2.6350,-0.0049,0.1235,0,3.2353,1,1.0000,0.0000,0.7230,38.6798,1.8627,0.0308,0.3818,0.1300
13279,C4,stressed,572,2.8600,-0.0041,0.0992,0,3.3333,1,1.0000,0.0000,0.7395,35.8913,1.7971,0.0260,0.4000,0.1313
13280,C4,broken_down,510,2.5500,-0.0071,0.1270,0,3.0588,1,1.0000,0.0000,0.7157,43.6685,1.7441,0.0811,0.3529,0.1214
13281,C4,broken_down,576,2.8800,-0.0035,0.1116,0,4.3846,1,1.0000,0.0000,0.6910,34.5025,1.8987,-0.0345,0.3860,0.1218
13282,C4,adaptive,529,2.6450,-0.0060,0.1062,0,4.9000,1,1.0000,0.0000,0.7051,37.6863,1.7191,0.1395,0.2955,0.1007
13283,C4,adaptive,515,2.5750,-0.0047,0.1195,0,4.0833,1,1.0000,0.0000,0.6854,39.6034,1.8546,0.0226,0.3261,0.1024
13284,C4,adaptive,537,2.6850,-0.0041,0.1189,0,4.6364,1,0.9872,0.0152,0.6685,36.7493,1.4487,0.1862,0.4286,0.1109
13285,C4,stressed,536,2.6800,-0.0008,0.1200,0,4.2308,1,0.9872,0.0152,0.6959,38.5389,1.7675,0.0019,0.3091,0.1225
13286,C4,adaptive,533,2.6650,-0.0040,0.1273,0,3.9286,1,1.0000,0.0000,0.6829,41.3324,2.0416,0.0891,0.2830,0.1199
13287,C4,broken_down,506,2.5300,-0.0041,0.1411,0,3.4375,1,0.9872,0.0152,0.6680,40.4882,1.9045,0.0898,0.3636,0.1316
13288,C4,stressed,525,2.6250,-0.0047,0.1020,0,3.0000,1,0.9872,0.0152,0.7105,39.1072,1.9995,0.0602,0.2340,0.1073
13289,C4,broken_down,571,2.8550,-0.0045,0.1167,0,4.9167,1,1.0000,0.0000,0.6637,34.6438,1.9097,0.1174,0.2881,0.1237
13290,C4,adaptive,549,2.7450,-0.0077,0.1104,0,3.9333,1,1.0000,0.0000,0.7031,35.6010,1.9973,0.0472,0.2373,0.1314
13291,C4,adaptive,541,2.7050,-0.0054,0.1118,0,5.4000,1,1.0000,0.0000,0.6525,36.2096,1.9033,0.0405,0.2963,0.1233
13292,C4,adaptive,563,2.8150,-0.0030,0.1129,0,4.4167,1,0.9872,0.0152,0.7123,33.8379,2.3094,-0.0080,0.4359,0.0833
13293,C4,stressed,532,2.6600,-0.0054,0.1174,0,3.9231,1,1.0000,0.0000,0.6974,35.0270,1.6126,0.0605,0.4694,0.1119
13294,C4,stressed,513,2.5650,-0.0050,0.1173,0,3.6429,1,1.0000,0.0000,0.6823,42.7686,2.0020,0.1353,0.3333,0.1106
13295,C4,adaptive,542,2.7100,-0.0038,0.1442,0,3.2353,1,1.0000,0.0000,0.6993,40.3377,1.8395,0.2174,0.2885,0.1169
13296,C4,stressed,552,2.7600,-0.0023,0.1377,0,4.4375,1,1.0000,0.0000,0.7101,38.9311,1.6102,0.2183,0.3944,0.1610
13297,C4,adaptive,557,2.7850,-0.0048,0.1041,0,4.0000,1,1.0000,0.0000,0.6966,40.3170,1.7321,0.0221,0.4565,0.0987
13298,C4,adaptive,559,2.7950,-0.0046,0.1247,0,4.8333,1,1.0000,0.0000,0.7066,40.5316,1.8442,0.0370,0.3448,0.1278
13299,C4,stressed,555,2.7750,-0.0060,0.1333,0,4.2000,1,1.0000,0.0000,0.6757,36.7920,1.9509,0.1361,0.3333,0.1394
13300,C4,stressed,566,2.8300,-0.0025,0.1147,0,4.3846,1,1.0000,0.0000,0.7191,35.8722,1.6975,-0.0068,0.4211,0.1213
13301,C4,adaptive,548,2.7400,-0.0041,0.1210,0,4.1333,1,1.0000,0.0000,0.7226,38.0278,1.8684,-0.0896,0.4032,0.1400
13302,C4,adaptive,533,2.6650,-0.0051,0.1273,0,4.3333,1,1.0000,0.0000,0.6773,37.0609,1.5006,0.2069,0.2800,0.1129
13303,C4,broken_down,547,2.7350,-0.0058,0.1153,0,4.7273,1,1.0000,0.0000,0.6801,36.8871,1.7255,0.0879,0.4200,0.1092
13304,C4,broken_down,540,2.7000,-0.0026,0.1296,0,4.9091,1,1.0000,0.0000,0.6889,35.1210,2.0677,-0.0343,0.3148,0.1241
13305,C4,stressed,545,2.7250,-0.0045,0.1129,0,3.6000,1,1.0000,0.0000,0.6899,36.4867,1.7990,0.0561,0.3542,0.1084
13306,C4,adaptive,539,2.6950,-0.0034,0.1521,0,4.2143,1,1.0000,0.0000,0.7143,38.1455,2.1814,-0.0359,0.2712,0.1344
13307,C4,stressed,559,2.7950,-0.0046,0.1189,0,3.7333,1,0.9872,0.0152,0.7084,33.9217,1.9553,0.1198,0.3214,0.1217
13308,C4,stressed,556,2.7800,-0.0064,0.1132,0,3.4375,1,1.0000,0.0000,0.7320,34.3882,2.1612,0.0188,0.3043,0.0962
13309,C4,adaptive,522,2.6100,-0.0017,0.1279,0,4.3333,1,1.0000,0.0000,0.7031,34.1608,1.8917,-0.0199,0.3600,0.1131
13310,C4,broken_down,556,2.7800,-0.0031,0.1306,0,6.8750,1,1.0000,0.0000,0.6871,36.8639,2.0143,0.1190,0.3500,0.0847
13311,C4,adaptive,569,2.8450,-0.0091,0.1184,0,3.5000,1,1.0000,0.0000,0.6819,33.7139,1.7404,0.2779,0.3968,0.1403
13312,C4,broken_down,549,2.7450,-0.0052,0.1295,0,3.9333,1,1.0000,0.0000,0.6867,37.6393,2.0204,0.0031,0.5593,0.1314
13313,C4,broken_down,535,2.6750,-0.0077,0.1211,0,2.9500,1,1.0000,0.0000,0.6748,38.6427,1.3511,0.2023,0.4576,0.1335
13314,C4,adaptive,570,2.8500,-0.0024,0.1250,0,7.0000,1,1.0000,0.0000,0.7088,34.7847,2.3587,-0.0622,0.3889,0.1134
13315,C4,stressed,514,2.5700,-0.0010,0.1464,0,6.1111,1,1.0000,0.0000,0.6615,38.5088,2.0780,-0.0819,0.3585,0.1262
13316,C4,adaptive,565,2.8250,-0.0070,0.1046,0,2.9444,1,1.0000,0.0000,0.6973,36.9797,1.7817,0.0901,0.2500,0.0928
13317,C4,broken_down,560,2.8000,-0.0020,0.1371,0,11.0000,1,1.0000,0.0000,0.7000,36.5332,1.9330,-0.0753,0.3462,0.1111
13318,C4,broken_down,536,2.6800,-0.0011,0.1088,0,4.0769,1,1.0000,0.0000,0.6754,38.8785,1.6432,0.0101,0.5283,0.1216
13319,C4,adaptive,528,2.6400,-0.0017,0.1675,0,6.3000,1,1.0000,0.0000,0.6742,36.7191,1.7406,0.0613,0.4603,0.1507
13320,C4,stressed,500,2.5000,-0.0053,0.1311,0,3.7692,1,1.0000,0.0000,0.6740,37.2285,1.7405,0.0425,0.4167,0.1176
13321,C4,broken_down,547,2.7350,-0.0056,0.1105,0,5.2000,1,0.9872,0.0152,0.6929,39.7335,2.2069,0.0494,0.3269,0.1143
13322,C4,stressed,582,2.9100,-0.0018,0.1142,0,8.0000,1,0.9872,0.0152,0.7062,33.3698,2.1892,-0.0529,0.2857,0.1172
13323,C4,broken_down,523,2.6150,-0.0044,0.1047,0,3.2500,1,1.0000,0.0000,0.6577,33.7587,1.6849,0.1076,0.3913,0.1085
13324,C4,stressed,550,2.7500,-0.0075,0.0887,0,3.0588,1,1.0000,0.0000,0.6818,41.7813,1.5298,0.1907,0.4038,0.1113
13325,C4,broken_down,600,3.0000,-0.0046,0.1195,0,3.6471,1,1.0000,0.0000,0.7233,34.2212,1.7573,0.0586,0.3387,0.1270
13326,C4,adaptive,524,2.6200,-0.0068,0.1406,0,4.0000,1,1.0000,0.0000,0.6508,37.6246,1.8389,0.0377,0.3750,0.1308
13327,C4,adaptive,527,2.6350,-0.0013,0.1384,0,5.0833,1,1.0000,0.0000,0.7078,41.5067,1.8158,0.1239,0.3443,0.1463
13328,C4,stressed,519,2.5950,-0.0034,0.1209,0,5.2727,1,1.0000,0.0000,0.6802,37.6601,1.6810,-0.0523,0.3448,0.1346
13329,C4,adaptive,536,2.6800,-0.0059,0.1398,0,4.1333,1,1.0000,0.0000,0.6735,37.1385,2.1572,0.0132,0.2903,0.1449
13330,C4,adaptive,569,2.8450,-0.0039,0.1109,0,3.4706,1,0.9872,0.0152,0.7223,39.9294,1.9192,0.0216,0.4107,0.1179
13331,C4,stressed,552,2.7600,-0.0040,0.1232,0,6.1111,1,1.0000,0.0000,0.7156,33.9696,1.6624,0.0189,0.3333,0.1131
13332,C4,adaptive,515,2.5750,-0.0071,0.0932,0,2.5500,1,1.0000,0.0000,0.7146,44.9049,1.8002,0.1319,0.2941,0.1170
13333,C4,broken_down,551,2.7550,-0.0044,0.1298,0,3.6667,1,1.0000,0.0000,0.6987,32.4156,1.8444,0.1241,0.4364,0.1264
13334,C4,stressed,527,2.6350,-0.0031,0.1468,0,4.5000,1,1.0000,0.0000,0.6850,37.8864,1.9202,0.0712,0.4490,0.1119
13335,C4,adaptive,552,2.7600,-0.0062,0.1028,0,3.3750,1,1.0000,0.0000,0.6812,32.9122,1.9421,0.0199,0.4259,0.1187
13336,C4,stressed,521,2.6050,-0.0030,0.1155,0,3.8462,1,1.0000,0.0000,0.6948,36.3287,1.9718,0.0443,0.3469,0.1164
13337,C4,broken_down,568,2.8400,-0.0054,0.1243,0,4.1429,1,1.0000,0.0000,0.7025,34.2857,1.8213,0.0413,0.3953,0.0878
13338,C4,broken_down,543,2.7150,-0.0032,0.1320,0,5.3000,1,1.0000,0.0000,0.6703,40.3242,2.0220,-0.0280,0.1915,0.1061
13339,C4,adaptive,550,2.7500,-0.0047,0.1041,0,4.2500,1,1.0000,0.0000,0.6673,34.6703,2.0637,0.0127,0.4043,0.1026
13340,C4,broken_down,525,2.6250,-0.0035,0.1286,0,5.0000,1,0.9872,0.0152,0.6895,37.5497,1.7093,0.0705,0.3273,0.1239
13341,C4,broken_down,501,2.5050,-0.0018,0.1152,0,4.5455,1,1.0000,0.0000,0.6427,37.7050,1.9760,0.0995,0.3800,0.1202
13342,C4,adaptive,510,2.5500,-0.0059,0.1228,0,3.1765,1,0.9872,0.0152,0.6922,39.8669,1.7768,0.0244,0.4444,0.1311
13343,C4,broken_down,547,2.7350,-0.0037,0.1198,0,4.8333,1,1.0000,0.0000,0.7020,34.9766,1.5169,0.0576,0.2931,0.1283
13344,C4,broken_down,536,2.6800,-0.0001,0.1214,0,3.8125,1,1.0000,0.0000,0.6959,39.6729,1.5987,0.1011,0.3934,0.1442
13345,C4,stressed,526,2.6300,-0.0023,0.0959,0,2.4762,1,1.0000,0.0000,0.6806,40.3408,2.0052,0.0125,0.4318,0.0991
13346,C4,adaptive,508,2.5400,-0.0048,0.0945,0,2.8889,1,1.0000,0.0000,0.6949,38.2691,2.3732,0.0989,0.4038,0.1259
13347,C4,stressed,525,2.6250,-0.0056,0.1401,0,3.6000,1,1.0000,0.0000,0.6781,35.4972,1.8172,0.0332,0.3519,0.1256
13348,C4,adaptive,512,2.5600,-0.0051,0.1220,0,5.6667,1,1.0000,0.0000,0.7090,33.7769,2.3578,0.0672,0.4118,0.1206
13349,C4,stressed,525,2.6250,-0.0047,0.1407,0,4.9286,1,0.9872,0.0152,0.7238,34.2526,1.8205,-0.0007,0.3623,0.1655
13350,C4,adaptive,580,2.9000,-0.0052,0.1366,0,4.8571,1,1.0000,0.0000,0.7172,34.7668,2.2006,0.0241,0.4118,0.1444
13351,C4,broken_down,559,2.7950,-0.0091,0.1181,0,4.5385,1,1.0000,0.0000,0.6869,33.5208,2.3799,0.2269,0.2653,0.1047
13352,C4,adaptive,534,2.6700,-0.0018,0.1245,0,5.3000,1,1.0000,0.0000,0.7060,36.5650,1.9792,-0.0244,0.3269,0.1204
13353,C4,adaptive,539,2.6950,-0.0031,0.1336,0,4.2000,1,1.0000,0.0000,0.6735,34.7438,1.8345,0.0155,0.3968,0.1452
13354,C4,stressed,536,2.6800,-0.0064,0.1108,0,4.5833,1,1.0000,0.0000,0.6959,35.8794,1.9591,0.0255,0.3636,0.1244
13355,C4,stressed,517,2.5850,-0.0036,0.1137,0,4.5455,1,0.9872,0.0152,0.6809,34.9972,1.8738,-0.0515,0.3488,0.0962
13356,C4,adaptive,545,2.7250,-0.0017,0.1157,0,3.6667,1,1.0000,0.0000,0.6972,40.6237,2.1746,0.0317,0.4615,0.1140
13357,C4,broken_down,548,2.7400,-0.0040,0.1182,0,3.9286,1,1.0000,0.0000,0.7099,38.7943,1.5646,-0.0116,0.2364,0.1209
13358,C4,broken_down,517,2.5850,-0.0029,0.1178,0,4.3333,1,1.0000,0.0000,0.6867,41.1296,1.7237,0.0050,0.3469,0.1153
13359,C4,stressed,549,2.7450,-0.0034,0.1275,0,4.1538,1,1.0000,0.0000,0.6812,35.1016,1.8314,-0.0167,0.4259,0.1208
13360,C4,adaptive,529,2.6450,-0.0064,0.1166,0,3.3529,1,1.0000,0.0000,0.6843,37.4392,1.8075,0.0227,0.3250,0.0909
13361,C4,stressed,556,2.7800,-0.0048,0.1289,0,6.0000,1,1.0000,0.0000,0.6924,37.8000,2.0935,-0.0841,0.4500,0.1307
13362,C4,broken_down,548,2.7400,-0.0036,0.1086,0,6.8750,1,1.0000,0.0000,0.6861,35.8750,1.8522,-0.0708,0.3818,0.1222
13363,C4,broken_down,538,2.6900,-0.0042,0.1110,0,2.8889,1,1.0000,0.0000,0.6580,34.2175,1.7113,-0.0076,0.3404,0.1024
13364,C4,adaptive,555,2.7750,-0.0065,0.1331,0,5.7000,1,1.0000,0.0000,0.6775,30.9255,2.0693,-0.0413,0.4151,0.1178
13365,C4,broken_down,540,2.7000,-0.0058,0.1407,0,3.3889,1,1.0000,0.0000,0.6574,40.1577,1.7647,0.0489,0.2787,0.1374
13366,C4,broken_down,523,2.6150,-0.0028,0.1230,0,5.0000,1,1.0000,0.0000,0.6807,35.9719,1.7039,0.1608,0.3273,0.1316
13367,C4,adaptive,562,2.8100,-0.0046,0.1142,0,4.0000,1,0.9872,0.0152,0.7135,36.4090,1.6430,0.0505,0.2909,0.1178
13368,C4,adaptive,530,2.6500,-0.0047,0.1300,0,3.1765,1,1.0000,0.0000,0.6755,42.4665,1.7374,0.1047,0.3673,0.1104
13369,C4,stressed,544,2.7200,-0.0048,0.1516,0,6.3636,1,1.0000,0.0000,0.6820,38.9784,1.7242,0.0572,0.3286,0.1602
13370,C4,broken_down,543,2.7150,-0.0062,0.1255,0,4.5385,1,1.0000,0.0000,0.7090,36.4597,1.8843,0.1187,0.4510,0.1138
13371,C4,adaptive,558,2.7900,-0.0047,0.0970,0,3.1875,1,1.0000,0.0000,0.7097,36.2146,2.0241,0.0925,0.3725,0.1097
13372,C4,adaptive,549,2.7450,-0.0054,0.1460,0,4.1333,1,1.0000,0.0000,0.7031,38.0829,1.4012,0.2092,0.3387,0.1369
13373,C4,broken_down,546,2.7300,-0.0067,0.1406,0,7.0000,1,0.9872,0.0152,0.6465,31.9065,1.8686,0.0270,0.2857,0.1258
13374,C4,adaptive,581,2.9050,-0.0065,0.1115,0,3.5000,1,1.0000,0.0000,0.6885,38.6800,1.8375,0.1731,0.2857,0.1162
13375,C4,adaptive,559,2.7950,-0.0040,0.1123,0,4.2308,1,1.0000,0.0000,0.6726,40.4867,1.8535,0.0453,0.3864,0.0915
13376,C4,stressed,544,2.7200,-0.0058,0.1225,0,3.5000,1,1.0000,0.0000,0.7537,38.0195,1.7190,0.0934,0.3036,0.1239
13377,C4,stressed,547,2.7350,-0.0059,0.0892,0,3.3333,1,1.0000,0.0000,0.7038,39.1662,1.6125,0.1305,0.4800,0.1114
13378,C4,broken_down,562,2.8100,-0.0057,0.1161,0,4.0000,1,1.0000,0.0000,0.7100,36.1905,2.2806,-0.0064,0.4286,0.1215
13379,C4,adaptive,466,2.3300,-0.0037,0.0977,0,3.6667,1,1.0000,0.0000,0.6588,38.5635,1.5011,-0.0233,0.3590,0.0987
13380,C4,adaptive,560,2.8000,-0.0035,0.1206,0,4.3750,1,1.0000,0.0000,0.6982,38.5550,1.9240,0.1366,0.3429,0.1580
13381,C4,stressed,535,2.6750,-0.0046,0.0992,0,2.8421,1,1.0000,0.0000,0.7252,38.1057,1.7536,-0.0172,0.3404,0.1071
13382,C4,stressed,527,2.6350,-0.0069,0.1179,0,4.5833,1,1.0000,0.0000,0.6945,35.3989,1.7665,0.0740,0.4000,0.1267
13383,C4,adaptive,555,2.7750,-0.0022,0.1214,0,3.9286,1,1.0000,0.0000,0.6955,32.7746,2.1003,-0.0236,0.3818,0.1233
13384,C4,broken_down,485,2.4250,-0.0033,0.1523,0,7.5714,1,1.0000,0.0000,0.6619,43.7664,2.1269,-0.0057,0.4340,0.1349
13385,C4,broken_down,529,2.6450,-0.0018,0.1364,0,6.8889,1,0.9872,0.0152,0.6824,38.4127,1.7492,-0.0844,0.3387,0.1459
13386,C4,broken_down,519,2.5950,-0.0072,0.1503,0,4.7500,1,1.0000,0.0000,0.6686,37.8588,2.0117,0.0121,0.3158,0.1360
13387,C4,broken_down,565,2.8250,-0.0024,0.1383,0,5.9000,1,0.9872,0.0152,0.7027,37.3300,1.7814,-0.0252,0.3220,0.1272
13388,C4,stressed,516,2.5800,-0.0018,0.1109,0,4.9000,1,0.9872,0.0152,0.6744,41.2672,2.0016,-0.0338,0.2708,0.1106
13389,C4,adaptive,549,2.7450,-0.0058,0.1244,0,3.1579,1,1.0000,0.0000,0.6302,35.6098,2.0025,-0.0161,0.2885,0.1148
13390,C4,adaptive,549,2.7450,-0.0027,0.1197,0,2.8421,1,0.9872,0.0152,0.7158,36.2494,1.5754,0.1206,0.3529,0.1136
13391,C4,stressed,539,2.6950,-0.0040,0.1276,0,3.4375,1,1.0000,0.0000,0.6512,38.6211,2.0253,0.0671,0.3265,0.1082
13392,C4,broken_down,542,2.7100,-0.0067,0.1192,0,6.3333,1,1.0000,0.0000,0.7030,37.0105,1.8433,-0.0431,0.3333,0.1067
13393,C4,adaptive,553,2.7650,-0.0052,0.1430,0,5.4167,1,1.0000,0.0000,0.6618,34.4071,1.8075,0.0046,0.3538,0.1464
13394,C4,broken_down,566,2.8300,-0.0057,0.1237,0,5.0000,1,1.0000,0.0000,0.7155,37.1235,2.3252,0.1098,0.2714,0.1562
13395,C4,broken_down,555,2.7750,-0.0038,0.1222,0,6.6667,1,1.0000,0.0000,0.7099,37.8782,1.6795,-0.0019,0.3333,0.1106
13396,C4,stressed,541,2.7050,-0.0033,0.1058,0,4.1667,1,1.0000,0.0000,0.7246,36.1658,1.8142,-0.0177,0.3125,0.1071
13397,C4,stressed,552,2.7600,-0.0067,0.1335,0,3.5882,1,0.9872,0.0152,0.7446,35.9319,1.9458,0.1604,0.3115,0.1371
13398,C4,adaptive,539,2.6950,-0.0050,0.1233,0,5.2727,1,1.0000,0.0000,0.7328,37.8835,1.8691,0.0370,0.4310,0.1324
13399,C4,stressed,548,2.7400,-0.0048,0.1465,0,4.3846,1,0.9872,0.0152,0.6934,33.9421,1.8035,-0.0653,0.3333,0.1245
13400,C4,stressed,537,2.6850,-0.0089,0.1146,0,4.3571,1,1.0000,0.0000,0.6555,34.1733,1.8376,0.1834,0.3115,0.1402
13401,C4,broken_down,520,2.6000,-0.0028,0.1405,0,4.3333,1,1.0000,0.0000,0.6904,38.3593,1.7498,0.1004,0.3529,0.1192
13402,C4,adaptive,537,2.6850,-0.0030,0.1051,0,3.3529,1,1.0000,0.0000,0.7076,40.0500,1.7704,0.1765,0.3684,0.1287
13403,C4,broken_down,520,2.6000,-0.0055,0.1095,0,6.3750,1,1.0000,0.0000,0.6750,39.6638,1.6745,0.1319,0.4348,0.1082
13404,C4,stressed,560,2.8000,-0.0064,0.1146,0,4.3571,1,1.0000,0.0000,0.6750,38.5556,2.8912,0.0809,0.2857,0.1049
13405,C4,stressed,532,2.6600,-0.0046,0.1391,0,4.5333,1,1.0000,0.0000,0.7331,44.1897,1.9054,-0.1342,0.3971,0.1596
13406,C4,stressed,545,2.7250,-0.0027,0.1299,0,5.4545,1,1.0000,0.0000,0.7138,38.2905,1.7467,0.0595,0.3667,0.1367
13407,C4,adaptive,523,2.6150,-0.0034,0.1221,0,4.9091,1,0.9872,0.0152,0.6730,40.5994,1.8902,0.0033,0.4815,0.1230
13408,C4,adaptive,504,2.5200,-0.0048,0.1255,0,3.7333,1,1.0000,0.0000,0.6607,36.5435,1.8934,-0.0020,0.4464,0.1346
13409,C4,adaptive,543,2.7150,-0.0035,0.1368,0,11.4000,1,1.0000,0.0000,0.6943,39.9761,1.7338,-0.0622,0.3158,0.1264
13410,C4,adaptive,504,2.5200,-0.0051,0.1279,0,6.4444,1,1.0000,0.0000,0.6647,37.3910,1.7951,-0.0187,0.3966,0.1429
13411,C4,adaptive,560,2.8000,-0.0049,0.1025,0,4.1538,1,1.0000,0.0000,0.6964,35.6615,1.8807,0.0131,0.4259,0.1151
13412,C4,broken_down,550,2.7500,-0.0033,0.1116,0,3.8571,1,1.0000,0.0000,0.6545,36.1278,2.1035,0.0238,0.4167,0.1079
13413,C4,broken_down,519,2.5950,-0.0062,0.1295,0,4.6923,1,1.0000,0.0000,0.6435,35.3114,1.9978,-0.0080,0.2295,0.1449
13414,C4,stressed,525,2.6250,-0.0053,0.1093,0,3.4375,1,1.0000,0.0000,0.7162,41.8723,1.7380,-0.0012,0.2391,0.1045
13415,C4,broken_down,545,2.7250,-0.0031,0.1431,0,6.2222,1,1.0000,0.0000,0.6734,36.5368,2.0025,-0.0145,0.4643,0.1258
13416,C4,stressed,568,2.8400,-0.0019,0.1528,0,6.5000,1,1.0000,0.0000,0.6796,38.6218,2.0044,-0.0517,0.4154,0.1404
13417,C4,broken_down,517,2.5850,-0.0029,0.1187,0,3.0000,1,1.0000,0.0000,0.7292,41.7135,1.8318,-0.0185,0.2245,0.1140
13418,C4,stressed,556,2.7800,-0.0024,0.1395,0,6.5556,1,1.0000,0.0000,0.7068,34.9059,2.0218,0.0452,0.3729,0.1266
13419,C4,adaptive,550,2.7500,-0.0060,0.1035,0,2.9444,1,1.0000,0.0000,0.6709,35.8509,1.8085,-0.0876,0.3684,0.0797
13420,C4,adaptive,543,2.7150,-0.0077,0.1337,0,3.8571,1,1.0000,0.0000,0.6317,34.1487,1.9203,-0.0318,0.1667,0.1205
13421,C4,broken_down,523,2.6150,-0.0053,0.1547,0,9.0000,1,1.0000,0.0000,0.6864,43.7549,1.7435,0.0712,0.2540,0.1511
13422,C4,adaptive,547,2.7350,-0.0039,0.0897,0,2.9412,1,1.0000,0.0000,0.7276,39.1332,2.0512,0.1522,0.4255,0.1056
13423,C4,adaptive,523,2.6150,-0.0022,0.0971,0,4.9000,1,1.0000,0.0000,0.6769,37.0537,1.9698,-0.1228,0.3000,0.0905
13424,C4,adaptive,551,2.7550,-0.0075,0.1083,0,2.9000,1,1.0000,0.0000,0.6915,40.6745,2.1518,0.0482,0.4828,0.1253
13425,C4,stressed,525,2.6250,-0.0021,0.1339,0,5.4545,1,1.0000,0.0000,0.6762,34.6761,2.0035,-0.0924,0.3684,0.0846
13426,C4,adaptive,558,2.7900,-0.0028,0.1031,0,3.8571,1,1.0000,0.0000,0.6577,34.5177,1.9246,0.0003,0.4074,0.1187
13427,C4,broken_down,537,2.6850,-0.0043,0.1175,0,7.5714,1,1.0000,0.0000,0.6816,37.8934,2.3017,0.0785,0.3125,0.1076
13428,C4,adaptive,567,2.8350,-0.0028,0.1389,0,4.6923,1,1.0000,0.0000,0.7196,36.1618,1.7943,0.1007,0.3115,0.1309
13429,C4,stressed,558,2.7900,-0.0016,0.1362,0,6.8889,1,1.0000,0.0000,0.7401,37.6610,1.6645,0.0194,0.3871,0.1348
13430,C4,adaptive,516,2.5800,-0.0034,0.1431,0,6.7778,1,1.0000,0.0000,0.6880,38.6113,1.9750,0.1515,0.2951,0.1488
13431,C4,adaptive,501,2.5050,-0.0039,0.1287,0,5.6000,1,1.0000,0.0000,0.6766,38.2802,1.8514,0.0720,0.4750,0.0946
13432,C4,stressed,549,2.7450,-0.0057,0.1303,0,4.1538,1,0.9872,0.0152,0.6849,36.6649,1.7213,0.1825,0.2857,0.0923
13433,C4,broken_down,585,2.9250,-0.0012,0.1346,0,5.8182,1,1.0000,0.0000,0.7111,36.5865,1.7368,-0.0167,0.3438,0.1309
13434,C4,broken_down,548,2.7400,-0.0062,0.1362,0,3.7778,1,0.9872,0.0152,0.7062,36.5943,2.0381,0.0392,0.3382,0.1574
13435,C4,stressed,539,2.6950,-0.0046,0.1342,0,3.3529,1,1.0000,0.0000,0.7050,37.9105,1.5232,0.0308,0.4211,0.1295
13436,C4,adaptive,514,2.5700,-0.0026,0.1134,0,4.7273,1,1.0000,0.0000,0.6712,33.6812,1.9670,-0.0160,0.2885,0.1235
13437,C4,broken_down,580,2.9000,-0.0027,0.1095,0,3.7333,1,1.0000,0.0000,0.7086,36.2749,2.2212,0.0076,0.3750,0.1169
13438,C4,adaptive,570,2.8500,-0.0031,0.1430,0,5.9091,1,1.0000,0.0000,0.7018,37.4925,1.8808,0.1662,0.2769,0.1419
13439,C4,adaptive,529,2.6450,-0.0048,0.1012,0,3.1765,1,1.0000,0.0000,0.6881,34.1621,2.2394,0.0138,0.2778,0.1236
13440,C4,broken_down,516,2.5800,-0.0031,0.1082,0,4.1667,1,1.0000,0.0000,0.7112,38.4496,1.7568,0.0042,0.3409,0.1014
13441,C4,broken_down,515,2.5750,-0.0063,0.1078,0,3.9231,1,1.0000,0.0000,0.6563,37.4408,1.6608,0.0656,0.3256,0.1000
13442,C4,stressed,513,2.5650,-0.0063,0.1323,0,4.2143,1,1.0000,0.0000,0.6881,42.9235,1.7980,0.0127,0.4068,0.1418
13443,C4,adaptive,508,2.5400,-0.0025,0.1124,0,3.8000,1,0.9872,0.0152,0.6772,43.5262,1.7381,0.0388,0.3158,0.1357
13444,C4,stressed,573,2.8650,-0.0029,0.1291,0,3.6471,1,1.0000,0.0000,0.6789,34.7455,1.5831,0.1364,0.4600,0.1046
13445,C4,stressed,561,2.8050,-0.0054,0.1464,0,4.7692,1,1.0000,0.0000,0.7094,33.2839,1.8477,0.1030,0.3710,0.1308
13446,C4,adaptive,565,2.8250,-0.0057,0.1449,0,5.6364,1,1.0000,0.0000,0.6973,34.4873,1.7994,-0.0075,0.3387,0.1360
13447,C4,stressed,543,2.7150,-0.0032,0.1221,0,4.6154,1,1.0000,0.0000,0.7017,35.4068,1.6729,0.1401,0.2333,0.1395
13448,C4,stressed,525,2.6250,-0.0059,0.1436,0,4.3077,1,1.0000,0.0000,0.7010,37.9049,2.3219,0.0606,0.5435,0.1060
13449,C4,stressed,547,2.7350,-0.0064,0.1043,0,3.6875,1,0.9744,0.0303,0.6965,40.2283,1.7518,-0.0167,0.3729,0.1311
13450,C4,adaptive,557,2.7850,-0.0002,0.1364,0,6.0000,1,1.0000,0.0000,0.6481,36.9751,1.9183,-0.0464,0.3667,0.1302
13451,C4,broken_down,556,2.7800,-0.0019,0.1309,0,7.4286,1,1.0000,0.0000,0.6853,38.2047,1.9834,0.0193,0.3469,0.1034
13452,C4,stressed,532,2.6600,-0.0024,0.1275,0,3.7143,1,1.0000,0.0000,0.7086,41.3554,1.6945,0.0392,0.3462,0.1204
13453,C4,stressed,556,2.7800,-0.0013,0.1364,0,5.8000,1,1.0000,0.0000,0.7176,33.9799,1.8277,-0.0640,0.3103,0.1266
13454,C4,broken_down,528,2.6400,-0.0037,0.1332,0,4.3333,1,1.0000,0.0000,0.6742,41.0337,1.5614,0.0095,0.3692,0.1491
13455,C4,broken_down,503,2.5150,-0.0034,0.1196,0,6.0000,1,1.0000,0.0000,0.6620,34.3754,2.1870,0.0420,0.3333,0.1066
13456,C4,stressed,487,2.4350,-0.0038,0.1027,0,4.3636,1,1.0000,0.0000,0.6858,38.1766,1.5870,0.0823,0.4222,0.1134
13457,C4,adaptive,564,2.8200,-0.0041,0.1255,0,6.8750,1,0.9872,0.0152,0.7287,34.7421,1.6152,0.0670,0.3273,0.1185
13458,C4,stressed,568,2.8400,-0.0019,0.1078,0,3.2941,1,1.0000,0.0000,0.7377,33.1742,2.0599,-0.0101,0.3077,0.1081
13459,C4,adaptive,534,2.6700,-0.0046,0.1184,0,4.1538,1,1.0000,0.0000,0.6742,32.8500,1.8553,0.0401,0.3673,0.1114
13460,C4,broken_down,576,2.8800,-0.0055,0.1301,0,3.5000,1,1.0000,0.0000,0.7569,36.6651,1.8634,0.0563,0.2540,0.1349
13461,C4,adaptive,562,2.8100,-0.0022,0.1267,0,4.6667,1,0.9872,0.0152,0.7456,37.3031,1.6266,0.0751,0.3830,0.0998
13462,C4,stressed,532,2.6600,-0.0023,0.1183,0,4.8182,1,1.0000,0.0000,0.6955,34.4000,1.7701,0.0782,0.3265,0.1094
13463,C4,broken_down,554,2.7700,-0.0012,0.1133,0,6.5000,1,1.0000,0.0000,0.6787,37.1835,1.7630,-0.0068,0.2115,0.1126
13464,C4,broken_down,577,2.8850,-0.0041,0.1227,0,4.3077,1,0.9872,0.0152,0.7175,36.4058,1.9466,0.0624,0.3846,0.1061
13465,C4,stressed,571,2.8550,-0.0027,0.1018,0,2.9444,1,1.0000,0.0000,0.7040,39.2687,1.8050,-0.0558,0.3800,0.1022
13466,C4,stressed,543,2.7150,-0.0050,0.1275,0,3.9286,1,1.0000,0.0000,0.7145,37.3325,2.2664,0.0034,0.3962,0.1175
13467,C4,broken_down,536,2.6800,-0.0027,0.1257,0,6.1111,1,1.0000,0.0000,0.6623,38.3746,2.1068,-0.0212,0.2200,0.1126
13468,C4,adaptive,532,2.6600,-0.0074,0.0989,0,3.0625,1,1.0000,0.0000,0.7086,34.8382,2.3333,0.1701,0.3673,0.1116
13469,C4,adaptive,539,2.6950,-0.0038,0.1079,0,3.6429,1,1.0000,0.0000,0.7236,34.3821,2.0896,0.0602,0.3333,0.1154
13470,C4,broken_down,557,2.7850,-0.0044,0.1055,0,3.3750,1,1.0000,0.0000,0.7163,39.6165,1.9068,0.0726,0.3889,0.1159
13471,C4,broken_down,524,2.6200,-0.0029,0.1389,0,4.9167,1,1.0000,0.0000,0.6698,37.1909,1.5164,0.0003,0.3051,0.1372
13472,C4,stressed,532,2.6600,-0.0047,0.1128,0,3.4000,1,1.0000,0.0000,0.6880,35.3115,2.0237,0.0375,0.4082,0.1096
13473,C4,stable,547,2.7350,-0.0023,0.0925,0,3.6429,1,1.0000,0.0000,0.7166,38.0179,1.7747,0.0613,0.3469,0.1063
13474,C4,adaptive,512,2.5600,-0.0032,0.1358,0,4.3846,1,1.0000,0.0000,0.6777,35.4035,1.6995,0.0354,0.3860,0.1411
13475,C4,stressed,519,2.5950,-0.0037,0.1257,0,4.2500,1,0.9872,0.0152,0.7052,38.9153,1.9012,0.0158,0.3265,0.1142
13476,C4,stressed,520,2.6000,-0.0029,0.1302,0,4.7500,1,1.0000,0.0000,0.7404,38.2987,2.0417,0.0321,0.3684,0.1338
13477,C4,adaptive,569,2.8450,-0.0019,0.1200,0,3.6111,1,1.0000,0.0000,0.6995,34.2714,2.1228,-0.0518,0.3692,0.1389
13478,C4,adaptive,571,2.8550,0.0013,0.1188,0,4.9091,1,1.0000,0.0000,0.7110,35.8448,2.1129,-0.0030,0.2745,0.1074
13479,C4,stressed,585,2.9250,-0.0058,0.1131,0,3.4706,1,1.0000,0.0000,0.7162,35.7470,2.3909,0.1483,0.2373,0.1204
13480,C4,adaptive,545,2.7250,0.0006,0.1265,0,4.0714,1,1.0000,0.0000,0.7028,34.3525,1.7081,-0.0032,0.3148,0.1205
13481,C4,adaptive,493,2.4650,-0.0031,0.1336,0,3.6667,1,0.9872,0.0152,0.6694,35.8727,1.7190,0.0182,0.3818,0.1365
13482,C4,adaptive,558,2.7900,-0.0056,0.0951,0,3.3750,1,1.0000,0.0000,0.7204,32.9254,1.8334,0.0719,0.2653,0.1045
13483,C4,adaptive,547,2.7350,-0.0050,0.1311,0,4.6923,1,0.9872,0.0152,0.7148,36.9284,1.7702,0.1237,0.3443,0.1386
13484,C4,stressed,534,2.6700,-0.0053,0.1054,0,3.2941,1,1.0000,0.0000,0.7041,36.4255,1.7623,-0.0045,0.3214,0.1287
13485,C4,stressed,492,2.4600,-0.0051,0.1204,0,3.5000,1,1.0000,0.0000,0.6789,39.4491,1.7791,0.1005,0.2653,0.1201
13486,C4,adaptive,525,2.6250,-0.0033,0.1301,0,3.8667,1,1.0000,0.0000,0.6876,37.9030,1.9003,0.0135,0.4200,0.1155
13487,C4,adaptive,557,2.7850,-0.0034,0.1298,0,6.1111,1,1.0000,0.0000,0.7038,35.2832,1.8851,-0.0189,0.3818,0.1206
13488,C4,stressed,523,2.6150,-0.0015,0.1262,0,4.3571,1,1.0000,0.0000,0.6807,41.8820,1.8794,-0.0168,0.3770,0.1445
13489,C4,adaptive,516,2.5800,-0.0024,0.1243,0,2.8889,1,1.0000,0.0000,0.6880,40.8451,1.7619,0.1562,0.2692,0.1229
13490,C4,adaptive,565,2.8250,-0.0079,0.1171,0,4.0625,1,1.0000,0.0000,0.7115,36.1667,2.2783,-0.0346,0.4154,0.1410
13491,C4,stressed,586,2.9300,-0.0050,0.1349,0,4.0667,1,1.0000,0.0000,0.6860,37.5174,2.0754,0.1335,0.3036,0.1152
13492,C4,stressed,570,2.8500,-0.0038,0.1058,0,3.0556,1,1.0000,0.0000,0.7368,35.9286,2.1180,-0.0555,0.3455,0.1170
13493,C4,stressed,514,2.5700,-0.0057,0.1380,0,3.2222,1,1.0000,0.0000,0.6868,37.8697,1.9111,0.0035,0.2759,0.1429
13494,C4,adaptive,562,2.8100,-0.0021,0.1098,0,4.5000,1,1.0000,0.0000,0.7028,36.5899,2.2331,0.0506,0.2745,0.1111
13495,C4,stressed,523,2.6150,-0.0052,0.1359,0,3.2353,1,1.0000,0.0000,0.6845,38.8520,1.7941,0.0501,0.3818,0.1282
13496,C4,stressed,576,2.8800,-0.0016,0.0994,0,4.3333,1,1.0000,0.0000,0.6962,38.5112,2.2790,0.1087,0.3077,0.1113
13497,C4,stressed,532,2.6600,-0.0039,0.1191,0,3.0588,1,1.0000,0.0000,0.6805,36.3453,1.7539,-0.0167,0.4231,0.1204
13498,C4,stressed,540,2.7000,-0.0061,0.1476,0,4.8462,1,0.9872,0.0152,0.6741,36.1868,1.8750,0.1190,0.3968,0.1455
13499,C4,adaptive,498,2.4900,-0.0002,0.1208,0,3.7692,1,1.0000,0.0000,0.6627,38.4061,1.9865,0.1108,0.3182,0.1048
13500,C4,adaptive,541,2.7050,-0.0039,0.1248,0,7.6250,1,1.0000,0.0000,0.7172,39.6314,1.7091,0.1532,0.3934,0.1415
13501,C4,broken_down,520,2.6000,-0.0055,0.1320,0,3.2500,1,1.0000,0.0000,0.6692,37.3391,1.6725,0.0391,0.3077,0.1218
13502,C4,adaptive,509,2.5450,-0.0061,0.1342,0,5.8000,1,1.0000,0.0000,0.6778,35.5565,1.8174,0.0243,0.4138,0.1381
13503,C4,broken_down,546,2.7300,-0.0048,0.1406,0,5.3333,1,1.0000,0.0000,0.6960,38.8316,1.6653,0.1015,0.3281,0.1435
13504,C4,stressed,568,2.8400,-0.0076,0.0943,0,3.4667,1,1.0000,0.0000,0.6778,36.3429,2.0896,0.0938,0.3636,0.0894
13505,C4,stressed,595,2.9750,-0.0082,0.1213,0,3.5882,1,1.0000,0.0000,0.7445,33.8713,2.0416,0.1454,0.3115,0.1247
13506,C4,adaptive,546,2.7300,-0.0005,0.1028,0,3.9231,1,1.0000,0.0000,0.6703,37.7240,1.8766,-0.0179,0.2326,0.0943
13507,C4,adaptive,536,2.6800,-0.0049,0.1111,0,3.4000,1,1.0000,0.0000,0.6549,39.1453,1.8429,-0.0014,0.2449,0.1077
13508,C4,broken_down,575,2.8750,-0.0074,0.0982,0,3.1176,1,0.9872,0.0152,0.7009,33.7519,1.9148,0.0800,0.4706,0.1060
13509,C4,stressed,542,2.7100,-0.0050,0.0903,0,4.8000,1,1.0000,0.0000,0.6827,37.8568,1.6139,0.1134,0.4375,0.1074
13510,C4,stressed,495,2.4750,-0.0047,0.1268,0,3.4211,1,1.0000,0.0000,0.6808,37.6677,1.5862,0.1232,0.2462,0.1650
13511,C4,adaptive,528,2.6400,-0.0051,0.1119,0,3.4667,1,1.0000,0.0000,0.7159,36.3122,2.1733,-0.1651,0.3846,0.1193
13512,C4,adaptive,538,2.6900,-0.0047,0.1313,0,4.5000,1,1.0000,0.0000,0.6561,34.7054,1.9817,-0.0502,0.4423,0.1182
13513,C4,broken_down,546,2.7300,-0.0064,0.1206,0,4.0714,1,1.0000,0.0000,0.7253,36.7399,2.0159,-0.0245,0.3019,0.1199
13514,C4,adaptive,540,2.7000,-0.0051,0.1211,0,4.3077,1,1.0000,0.0000,0.6926,37.9439,1.8375,0.0644,0.3529,0.1123
13515,C4,adaptive,513,2.5650,-0.0060,0.1371,0,3.6000,1,0.9872,0.0152,0.6823,36.8886,1.7638,-0.0654,0.2593,0.1314
13516,C4,stressed,561,2.8050,-0.0063,0.1127,0,3.0000,1,1.0000,0.0000,0.6881,35.6710,2.1287,-0.0122,0.2963,0.1171
13517,C4,stressed,547,2.7350,-0.0035,0.1322,0,4.4667,1,0.9744,0.0303,0.7130,35.7462,1.7186,0.0285,0.4528,0.1157
13518,C4,stressed,555,2.7750,-0.0040,0.1198,0,5.6000,1,1.0000,0.0000,0.6991,36.5902,1.9053,-0.1560,0.3393,0.1202
13519,C4,adaptive,527,2.6350,-0.0018,0.1527,0,4.0000,1,1.0000,0.0000,0.6755,36.4860,1.9675,0.0305,0.2667,0.1027
13520,C4,stressed,541,2.7050,-0.0072,0.1069,0,5.2000,1,1.0000,0.0000,0.6913,36.8636,2.0552,0.0812,0.4038,0.1161
13521,C4,broken_down,546,2.7300,-0.0026,0.1260,0,2.6500,1,1.0000,0.0000,0.6685,35.1260,2.4004,0.1082,0.4400,0.1080
13522,C4,stressed,563,2.8150,-0.0031,0.1470,0,5.3846,1,0.9872,0.0152,0.7282,37.0415,2.1787,-0.1080,0.3571,0.1566
13523,C4,adaptive,579,2.8950,-0.0059,0.1222,0,4.0625,1,1.0000,0.0000,0.6753,36.3095,2.0976,-0.0104,0.2769,0.1368
13524,C4,stressed,554,2.7700,-0.0041,0.1247,0,3.5294,1,1.0000,0.0000,0.7040,37.0231,2.1105,0.0645,0.3500,0.1382
13525,C4,stressed,544,2.7200,-0.0064,0.0857,0,2.5000,1,0.9872,0.0152,0.7004,35.3701,1.9005,0.1045,0.2500,0.0957
13526,C4,adaptive,504,2.5200,-0.0053,0.1270,0,5.5556,1,1.0000,0.0000,0.6270,40.9367,1.5138,0.0557,0.3600,0.1208
13527,C4,stressed,543,2.7150,-0.0030,0.1278,0,3.3529,1,1.0000,0.0000,0.6740,42.4481,1.9340,0.0555,0.3684,0.1281
13528,C4,stressed,523,2.6150,-0.0042,0.0944,0,2.4000,1,1.0000,0.0000,0.7113,38.3602,1.8529,-0.0034,0.3958,0.1074
13529,C4,adaptive,543,2.7150,-0.0068,0.0977,0,2.7778,1,1.0000,0.0000,0.7219,39.0357,1.8982,0.0565,0.3830,0.1047
13530,C4,broken_down,561,2.8050,-0.0030,0.1004,0,5.3000,1,1.0000,0.0000,0.6774,37.6132,1.8248,-0.0680,0.4583,0.1037
13531,C4,adaptive,530,2.6500,-0.0028,0.0859,0,2.2727,1,1.0000,0.0000,0.7132,39.0556,1.5268,0.2206,0.3750,0.0891
13532,C4,adaptive,547,2.7350,-0.0032,0.1268,0,5.5000,1,1.0000,0.0000,0.6801,35.6263,1.6560,-0.0578,0.4182,0.1228
13533,C4,adaptive,528,2.6400,-0.0024,0.1189,0,6.5000,1,1.0000,0.0000,0.6761,36.5014,2.0627,0.1034,0.3269,0.1174
13534,C4,adaptive,500,2.5000,-0.0038,0.1182,0,3.5000,1,1.0000,0.0000,0.6460,39.0681,1.5140,0.0783,0.2857,0.1002
13535,C4,adaptive,529,2.6450,-0.0050,0.1012,0,3.9286,1,1.0000,0.0000,0.6957,40.6005,2.2163,0.0318,0.2727,0.0978
13536,C4,broken_down,519,2.5950,-0.0054,0.0949,0,4.1818,1,1.0000,0.0000,0.6705,37.8822,1.6495,0.1437,0.4250,0.0909
13537,C4,broken_down,519,2.5950,-0.0049,0.1301,0,3.9286,1,0.9872,0.0152,0.6705,37.9310,2.0525,-0.0273,0.4000,0.1300
13538,C4,adaptive,492,2.4600,-0.0038,0.1298,0,3.6923,1,1.0000,0.0000,0.7012,41.0174,1.6453,0.1314,0.3125,0.1171
13539,C4,stressed,524,2.6200,-0.0030,0.0928,0,3.4286,1,1.0000,0.0000,0.7176,37.5053,1.7538,0.0623,0.2500,0.1016
13540,C4,adaptive,524,2.6200,-0.0021,0.1312,0,3.8571,1,1.0000,0.0000,0.6584,36.0928,1.8702,-0.0128,0.3519,0.1268
13541,C4,broken_down,538,2.6900,-0.0058,0.1247,0,6.1111,1,1.0000,0.0000,0.6896,35.4016,2.1035,-0.1129,0.3273,0.1236
13542,C4,stressed,533,2.6650,-0.0044,0.1181,0,3.6000,1,1.0000,0.0000,0.6923,38.0678,1.7807,0.0896,0.2885,0.1195
13543,C4,adaptive,560,2.8000,-0.0047,0.1184,0,4.4286,1,1.0000,0.0000,0.7339,34.8856,2.2292,0.0003,0.3871,0.1378
13544,C4,adaptive,541,2.7050,-0.0045,0.1283,0,4.5000,1,1.0000,0.0000,0.6950,37.5718,2.0845,-0.0052,0.4130,0.1013
13545,C4,adaptive,569,2.8450,-0.0037,0.1309,0,3.8667,1,1.0000,0.0000,0.7276,31.9420,2.0224,0.0030,0.2931,0.1242
13546,C4,stressed,555,2.7750,-0.0033,0.1145,0,2.8182,1,1.0000,0.0000,0.6811,40.3545,1.7093,-0.0276,0.4032,0.1369
13547,C4,stressed,539,2.6950,-0.0053,0.1322,0,4.0000,1,0.9872,0.0152,0.7291,37.3435,1.6035,0.0261,0.3846,0.1145
13548,C4,adaptive,509,2.5450,-0.0057,0.1146,0,5.0000,1,1.0000,0.0000,0.6699,38.1554,2.0115,-0.0263,0.3400,0.1217
13549,C4,stressed,533,2.6650,-0.0019,0.1129,0,2.8947,1,1.0000,0.0000,0.6923,36.4472,1.8792,-0.1740,0.3095,0.0955
13550,C4,adaptive,529,2.6450,-0.0011,0.1379,0,4.6923,1,1.0000,0.0000,0.6749,34.0280,1.6762,-0.1106,0.3115,0.1412
13551,C4,adaptive,586,2.9300,-0.0052,0.1118,0,5.0769,1,1.0000,0.0000,0.7253,34.9435,1.8458,-0.0123,0.3030,0.1392
13552,C4,adaptive,548,2.7400,-0.0064,0.1042,0,5.1000,1,1.0000,0.0000,0.7044,36.5777,1.9617,0.1018,0.3333,0.0989
13553,C4,broken_down,529,2.6450,-0.0039,0.1140,0,4.0714,1,1.0000,0.0000,0.7089,35.9387,1.7791,0.0526,0.2982,0.1316
13554,C4,stressed,547,2.7350,-0.0039,0.1468,0,3.8333,1,1.0000,0.0000,0.6837,37.9599,1.9175,0.0787,0.3623,0.1597
13555,C4,broken_down,531,2.6550,-0.0061,0.1191,0,3.5000,1,1.0000,0.0000,0.6365,36.2515,1.8852,-0.0518,0.3750,0.1270
13556,C4,adaptive,506,2.5300,-0.0035,0.1487,0,3.4375,1,0.9872,0.0152,0.6779,40.7289,1.8245,-0.0467,0.3818,0.1319
13557,C4,stressed,536,2.6800,-0.0033,0.0962,0,2.9444,1,1.0000,0.0000,0.7239,37.8428,1.7998,-0.0426,0.4130,0.1048
13558,C4,stressed,514,2.5700,-0.0086,0.1188,0,3.5714,1,0.9872,0.0152,0.7062,38.0882,1.6662,0.1203,0.3500,0.0915
13559,C4,adaptive,508,2.5400,-0.0045,0.1275,0,3.7857,1,1.0000,0.0000,0.6417,40.5521,1.6632,-0.0141,0.3019,0.1296
13560,C4,broken_down,534,2.6700,-0.0036,0.1271,0,6.2000,1,1.0000,0.0000,0.6854,37.0464,1.8278,0.0137,0.3548,0.1432
13561,C4,stressed,519,2.5950,-0.0017,0.0857,0,4.0769,1,1.0000,0.0000,0.6879,37.2577,1.9018,0.0893,0.3810,0.0948
13562,C4,broken_down,518,2.5900,-0.0041,0.1259,0,4.3333,1,1.0000,0.0000,0.6660,38.8290,1.7614,0.1096,0.2917,0.1101
13563,C4,adaptive,548,2.7400,-0.0030,0.1185,0,4.5385,1,1.0000,0.0000,0.7172,34.7277,1.7875,-0.0008,0.4068,0.1350
13564,C4,stressed,534,2.6700,-0.0028,0.1294,0,4.9091,1,1.0000,0.0000,0.6723,35.2089,1.8396,0.0011,0.3333,0.1143
13565,C4,stressed,542,2.7100,-0.0047,0.1371,0,3.8750,1,1.0000,0.0000,0.6679,38.3481,2.0681,0.0577,0.5161,0.1396
13566,C4,broken_down,524,2.6200,-0.0067,0.1124,0,3.9286,1,0.9872,0.0152,0.6622,38.2392,2.1120,0.0794,0.4048,0.0948
13567,C4,adaptive,553,2.7650,-0.0034,0.1238,0,5.6364,1,1.0000,0.0000,0.7052,37.9462,1.8318,-0.0417,0.3387,0.1378
13568,C4,stressed,548,2.7400,-0.0039,0.1322,0,7.0000,1,1.0000,0.0000,0.6533,37.6788,1.8390,-0.0398,0.3571,0.1231
13569,C4,broken_down,568,2.8400,-0.0047,0.1094,0,3.9286,1,1.0000,0.0000,0.7042,36.7150,1.8881,0.1049,0.3878,0.1017
13570,C4,stressed,529,2.6450,-0.0027,0.1187,0,5.1000,1,1.0000,0.0000,0.6975,40.6911,1.7359,-0.0116,0.4048,0.0966
13571,C4,stressed,535,2.6750,-0.0033,0.1116,0,3.0000,1,1.0000,0.0000,0.6636,34.7127,1.8879,-0.0942,0.4386,0.1323
13572,C4,broken_down,520,2.6000,-0.0069,0.1254,0,3.7857,1,1.0000,0.0000,0.6385,33.4036,1.3486,0.1184,0.2885,0.1195
13573,C4,adaptive,527,2.6350,-0.0021,0.1101,0,4.1667,1,1.0000,0.0000,0.6793,40.5168,2.0825,0.0946,0.2400,0.1119
13574,C4,stressed,556,2.7800,-0.0049,0.1278,0,3.4706,1,1.0000,0.0000,0.6996,36.1671,1.9402,0.1870,0.3898,0.1314
13575,C4,stressed,564,2.8200,-0.0010,0.1219,0,4.4615,1,1.0000,0.0000,0.6933,34.6854,2.0039,-0.0100,0.3200,0.1066
13576,C4,stressed,514,2.5700,-0.0042,0.1503,0,5.4545,1,1.0000,0.0000,0.6304,40.2346,1.7951,-0.0427,0.3654,0.1179
13577,C4,adaptive,550,2.7500,-0.0034,0.1192,0,3.9286,1,1.0000,0.0000,0.6709,38.8537,2.0646,0.0304,0.4000,0.1222
13578,C4,stable,530,2.6500,-0.0022,0.1399,0,4.9167,1,1.0000,0.0000,0.6736,35.0476,1.8233,-0.0179,0.4068,0.1398
13579,C4,broken_down,504,2.5200,-0.0031,0.1001,0,3.3571,1,1.0000,0.0000,0.6984,38.0085,2.0049,0.0359,0.4186,0.1014
13580,C4,stressed,503,2.5150,-0.0042,0.1278,0,4.6364,1,1.0000,0.0000,0.6640,38.2126,1.8709,0.0966,0.3333,0.1214
13581,C4,stressed,540,2.7000,-0.0039,0.1359,0,4.6154,1,1.0000,0.0000,0.6870,35.9434,1.7899,0.0799,0.3333,0.1376
13582,C4,broken_down,556,2.7800,-0.0067,0.1220,0,3.1111,1,1.0000,0.0000,0.6906,36.0807,1.6845,0.1195,0.5000,0.1242
13583,C4,adaptive,542,2.7100,-0.0034,0.0928,0,5.0909,1,1.0000,0.0000,0.7030,34.0682,1.4952,-0.0700,0.2500,0.1253
13584,C4,broken_down,535,2.6750,-0.0057,0.1308,0,3.3125,1,1.0000,0.0000,0.6393,33.1082,2.1755,0.0788,0.3396,0.1227
13585,C4,adaptive,505,2.5250,-0.0009,0.1481,0,6.1111,1,1.0000,0.0000,0.6832,35.4957,1.9077,-0.0711,0.2909,0.1348
13586,C4,stressed,535,2.6750,-0.0023,0.1311,0,3.8667,1,0.9872,0.0152,0.7346,34.5573,1.6778,0.0247,0.3276,0.1343
13587,C4,adaptive,551,2.7550,-0.0056,0.1195,0,3.1053,1,1.0000,0.0000,0.6824,34.9468,1.7430,0.0042,0.3051,0.1297
13588,C4,broken_down,550,2.7500,-0.0038,0.1315,0,4.6667,1,1.0000,0.0000,0.6927,34.8530,1.6730,-0.0417,0.3036,0.1267
13589,C4,stressed,549,2.7450,-0.0052,0.1056,0,3.1765,1,1.0000,0.0000,0.6740,35.7541,2.0754,0.0264,0.2979,0.1006
13590,C4,adaptive,508,2.5400,-0.0037,0.1469,0,6.0000,1,1.0000,0.0000,0.6772,37.8837,1.8680,0.0787,0.4667,0.1496
13591,C4,broken_down,514,2.5700,-0.0027,0.1281,0,7.0000,1,1.0000,0.0000,0.6498,40.9192,1.8532,0.0521,0.3261,0.1034
13592,C4,stressed,546,2.7300,-0.0055,0.1175,0,3.5000,1,1.0000,0.0000,0.6850,38.7567,2.2616,0.0499,0.3492,0.1435
13593,C4,broken_down,562,2.8100,-0.0062,0.1319,0,3.9286,1,0.9872,0.0152,0.7082,34.2714,1.6756,0.0849,0.4444,0.1159
13594,C4,adaptive,554,2.7700,-0.0045,0.1230,0,5.7000,1,1.0000,0.0000,0.7004,36.5464,2.0081,-0.0979,0.3654,0.1143
13595,C4,broken_down,551,2.7550,-0.0076,0.1128,0,3.0556,1,1.0000,0.0000,0.6697,37.3794,2.3581,0.0339,0.2182,0.1211
13596,C4,broken_down,513,2.5650,-0.0039,0.1353,0,4.5385,1,0.9872,0.0152,0.6257,38.1215,1.9212,0.0236,0.2692,0.1250
13597,C4,stressed,542,2.7100,-0.0016,0.0982,0,4.6667,1,1.0000,0.0000,0.7232,36.5663,1.6985,0.1010,0.3571,0.1242
13598,C4,adaptive,538,2.6900,0.0003,0.1476,0,6.4444,1,1.0000,0.0000,0.7379,38.3652,1.6314,0.0935,0.2449,0.1104
13599,C4,adaptive,582,2.9100,-0.0029,0.0989,0,4.6923,1,1.0000,0.0000,0.6856,38.0376,1.9267,0.0748,0.2951,0.1282
13600,C4,broken_down,584,2.9200,-0.0047,0.1191,0,4.7857,1,1.0000,0.0000,0.7209,36.8456,2.0143,-0.0486,0.3134,0.1373
13601,C4,adaptive,517,2.5850,-0.0085,0.1000,0,3.1333,1,0.9872,0.0152,0.6983,36.8532,1.6972,0.0694,0.2766,0.1071
13602,C4,adaptive,560,2.8000,-0.0020,0.1190,0,4.0000,1,1.0000,0.0000,0.7054,37.8911,1.9184,0.0495,0.3571,0.1223
13603,C4,broken_down,545,2.7250,-0.0047,0.1084,0,5.2727,1,1.0000,0.0000,0.7174,39.7570,1.8266,0.0166,0.2931,0.1289
13604,C4,broken_down,542,2.7100,-0.0059,0.1425,0,4.8462,1,1.0000,0.0000,0.6937,34.0745,1.7641,0.1249,0.4464,0.1305
13605,C4,stressed,550,2.7500,-0.0027,0.1228,0,4.4167,1,1.0000,0.0000,0.6582,34.3757,1.6702,0.1273,0.2642,0.1155
13606,C4,stressed,545,2.7250,-0.0060,0.1174,0,3.4375,1,1.0000,0.0000,0.7028,35.0862,1.8137,0.1188,0.3061,0.1084
13607,C4,stressed,543,2.7150,-0.0063,0.1011,0,2.6316,1,1.0000,0.0000,0.6888,43.0615,2.2707,-0.0166,0.3913,0.0985
13608,C4,adaptive,574,2.8700,-0.0055,0.1016,0,3.6875,1,1.0000,0.0000,0.7125,33.6773,1.6106,0.0854,0.4068,0.1232
13609,C4,stressed,521,2.6050,-0.0058,0.1267,0,3.9333,1,1.0000,0.0000,0.6641,41.1098,1.8210,0.1341,0.4167,0.1109
13610,C4,adaptive,495,2.4750,-0.0026,0.1212,0,3.4000,1,1.0000,0.0000,0.7172,36.5099,1.8006,-0.0022,0.3922,0.1269
13611,C4,stressed,544,2.7200,-0.0059,0.1109,0,3.0000,1,1.0000,0.0000,0.6691,39.6456,1.8658,0.0517,0.5200,0.1099
13612,C4,adaptive,540,2.7000,-0.0041,0.1547,0,4.7500,1,1.0000,0.0000,0.6463,40.0458,1.8391,0.0900,0.3830,0.1022
13613,C4,stressed,530,2.6500,-0.0045,0.1225,0,5.1000,1,1.0000,0.0000,0.6868,38.2033,1.9639,-0.0404,0.3725,0.1138
13614,C4,stressed,506,2.5300,-0.0012,0.1201,0,3.4667,1,1.0000,0.0000,0.6858,38.8617,1.7599,-0.1354,0.2885,0.1271
13615,C4,broken_down,536,2.6800,-0.0060,0.1237,0,5.0909,1,1.0000,0.0000,0.6754,35.9530,1.9182,-0.0615,0.3393,0.1302
13616,C4,stressed,557,2.7850,-0.0064,0.1113,0,4.1538,1,1.0000,0.0000,0.6643,36.8595,1.9086,0.0615,0.1698,0.1175
13617,C4,adaptive,535,2.6750,-0.0039,0.1265,0,6.3333,1,1.0000,0.0000,0.7084,33.1689,2.0986,0.0602,0.4035,0.1298
13618,C4,adaptive,520,2.6000,-0.0058,0.1192,0,5.3000,1,1.0000,0.0000,0.7192,37.1631,1.9020,-0.0189,0.3774,0.1250
13619,C4,adaptive,562,2.8100,-0.0040,0.1229,0,5.5455,1,1.0000,0.0000,0.7224,39.1281,1.7949,0.1059,0.3770,0.1356
13620,C4,adaptive,560,2.8000,-0.0072,0.0937,0,4.2308,1,1.0000,0.0000,0.7018,39.0865,1.6460,0.0765,0.4000,0.1198
13621,C4,adaptive,564,2.8200,-0.0014,0.1307,0,4.7500,1,1.0000,0.0000,0.7323,37.4237,2.1253,-0.0558,0.3696,0.0983
13622,C4,broken_down,572,2.8600,-0.0056,0.1423,0,4.7692,1,1.0000,0.0000,0.6941,36.9395,1.9760,0.1050,0.2833,0.1271
13623,C4,stressed,535,2.6750,-0.0019,0.1455,0,5.0000,1,1.0000,0.0000,0.6972,38.2359,1.8202,0.0728,0.2333,0.1348
13624,C4,broken_down,544,2.7200,-0.0013,0.1227,0,3.5625,1,1.0000,0.0000,0.7151,38.0026,1.8492,0.0013,0.3509,0.1284
13625,C4,adaptive,545,2.7250,-0.0092,0.1104,0,4.0714,1,1.0000,0.0000,0.6679,37.6731,2.0521,0.0394,0.3509,0.1272
13626,C4,broken_down,546,2.7300,-0.0041,0.1310,0,4.7143,1,1.0000,0.0000,0.7381,36.8040,2.1292,-0.0647,0.3788,0.1564
13627,C4,stressed,547,2.7350,-0.0040,0.1139,0,3.2381,1,1.0000,0.0000,0.7258,37.8161,1.8407,-0.1301,0.4118,0.1570
13628,C4,broken_down,572,2.8600,-0.0035,0.1299,0,5.2727,1,1.0000,0.0000,0.7168,37.6927,1.9266,0.0393,0.3103,0.1221
13629,C4,stressed,545,2.7250,-0.0024,0.1002,0,6.8750,1,1.0000,0.0000,0.7211,39.1679,1.7338,0.0492,0.4727,0.1217
13630,C4,adaptive,551,2.7550,-0.0060,0.1449,0,4.5714,1,1.0000,0.0000,0.7169,36.7899,1.7910,0.1328,0.4062,0.1413
13631,C4,adaptive,521,2.6050,-0.0041,0.1276,0,4.5833,1,1.0000,0.0000,0.6910,38.9278,1.5684,-0.0168,0.2909,0.1291
13632,C4,stressed,573,2.8650,-0.0048,0.1069,0,3.8750,1,1.0000,0.0000,0.7295,35.9187,2.1070,0.0634,0.3548,0.1319
13633,C4,adaptive,567,2.8350,-0.0044,0.1207,0,4.1538,1,1.0000,0.0000,0.7002,38.8212,1.7783,0.0502,0.4800,0.1057
13634,C4,broken_down,542,2.7100,-0.0069,0.1294,0,6.3333,1,1.0000,0.0000,0.6808,36.8591,1.9710,0.0816,0.3684,0.1275
13635,C4,broken_down,515,2.5750,-0.0020,0.1129,0,7.8333,1,1.0000,0.0000,0.6680,37.8547,1.8530,-0.0813,0.4130,0.1070
13636,C4,broken_down,549,2.7450,-0.0058,0.1051,0,4.1429,1,1.0000,0.0000,0.7049,38.9845,1.9671,0.1048,0.2759,0.1261
13637,C4,broken_down,545,2.7250,-0.0029,0.1090,0,3.7500,1,0.9872,0.0152,0.7101,40.3488,2.0094,0.0309,0.3167,0.1389
13638,C4,broken_down,527,2.6350,-0.0044,0.1369,0,6.3333,1,1.0000,0.0000,0.6907,39.0055,2.0418,0.1317,0.4035,0.1298
13639,C4,broken_down,592,2.9600,-0.0058,0.1146,0,3.8000,1,1.0000,0.0000,0.7027,36.1466,1.9966,0.0647,0.3077,0.1044
13640,C4,broken_down,525,2.6250,-0.0044,0.1260,0,8.8333,1,1.0000,0.0000,0.6571,37.3884,1.7357,-0.1047,0.3208,0.1221
13641,C4,stressed,536,2.6800,-0.0032,0.1036,0,2.2500,1,1.0000,0.0000,0.6866,37.1712,2.0884,0.0554,0.2500,0.1158
13642,C4,stressed,529,2.6450,-0.0035,0.1204,0,4.2000,1,1.0000,0.0000,0.7089,38.4347,1.7745,0.1068,0.3333,0.1489
13643,C4,adaptive,541,2.7050,-0.0065,0.1263,0,4.5385,1,1.0000,0.0000,0.6969,38.8090,1.9394,0.0142,0.3390,0.1366
13644,C4,adaptive,526,2.6300,0.0020,0.1220,0,6.5000,1,1.0000,0.0000,0.6882,37.4558,1.9157,0.0934,0.3462,0.1179
13645,C4,broken_down,551,2.7550,-0.0050,0.1287,0,4.5385,1,1.0000,0.0000,0.6679,38.0543,1.7951,0.1327,0.4500,0.0851
13646,C4,stressed,561,2.8050,-0.0071,0.1089,0,4.3846,1,1.0000,0.0000,0.6702,38.4973,1.9405,0.0309,0.3158,0.1247
13647,C4,adaptive,564,2.8200,-0.0055,0.1279,0,3.9286,1,1.0000,0.0000,0.6791,35.3603,1.9191,0.0875,0.3148,0.1166
13648,C4,adaptive,505,2.5250,-0.0047,0.1350,0,3.9231,1,1.0000,0.0000,0.6970,41.7244,2.0507,-0.0797,0.3725,0.1229
13649,C4,adaptive,566,2.8300,-0.0035,0.1044,0,5.0909,1,1.0000,0.0000,0.6943,37.6794,2.1297,-0.0248,0.2766,0.0975
13650,C4,adaptive,519,2.5950,-0.0030,0.1245,0,5.5556,1,0.9872,0.0152,0.6859,39.6348,1.7687,-0.0114,0.2200,0.1155
13651,C4,stressed,550,2.7500,-0.0047,0.0943,0,3.4000,1,1.0000,0.0000,0.6927,37.7559,1.6873,0.1070,0.3421,0.0803
13652,C4,broken_down,539,2.6950,-0.0053,0.0979,0,5.4444,1,0.9872,0.0152,0.6772,40.5452,1.6976,0.0515,0.4545,0.0967
13653,C4,adaptive,536,2.6800,-0.0029,0.1421,0,5.7273,1,1.0000,0.0000,0.6828,36.5628,1.6004,0.1284,0.4127,0.1442
13654,C4,stressed,562,2.8100,-0.0047,0.1128,0,4.4286,1,1.0000,0.0000,0.7278,33.9756,1.5809,-0.0507,0.2903,0.1366
13655,C4,adaptive,555,2.7750,-0.0036,0.1045,0,4.0667,1,1.0000,0.0000,0.7063,37.2526,2.3927,0.0452,0.3934,0.1347
13656,C4,broken_down,539,2.6950,-0.0067,0.0928,0,3.5000,1,1.0000,0.0000,0.7013,36.8466,2.0477,0.0004,0.3404,0.1040
13657,C4,stressed,557,2.7850,-0.0063,0.1304,0,4.9167,1,1.0000,0.0000,0.6697,33.0000,2.1631,-0.0149,0.2881,0.1300
13658,C4,broken_down,549,2.7450,-0.0043,0.1155,0,4.0000,1,1.0000,0.0000,0.6812,37.4652,2.1103,-0.1199,0.4231,0.1145
13659,C4,adaptive,526,2.6300,-0.0040,0.1246,0,3.5625,1,1.0000,0.0000,0.6616,39.1322,2.0439,0.1658,0.2368,0.0860
13660,C4,stressed,525,2.6250,-0.0030,0.1357,0,4.4286,1,1.0000,0.0000,0.6743,36.3644,1.7085,0.0757,0.3710,0.1483
13661,C4,stressed,572,2.8600,-0.0032,0.1130,0,4.6667,1,1.0000,0.0000,0.6976,36.5464,2.0148,-0.0233,0.4510,0.1085
13662,C4,adaptive,527,2.6350,-0.0044,0.1147,0,4.2500,1,0.9872,0.0152,0.7059,34.2554,2.0030,0.0194,0.3725,0.1143
13663,C4,adaptive,553,2.7650,-0.0041,0.1255,0,5.0000,1,0.9872,0.0152,0.7089,37.7883,2.3857,-0.0699,0.3636,0.1222
13664,C4,stressed,584,2.9200,-0.0019,0.0911,0,3.7333,1,1.0000,0.0000,0.7295,34.7066,2.1013,-0.0422,0.3036,0.1157
13665,C4,stressed,541,2.7050,-0.0059,0.1211,0,4.0000,1,1.0000,0.0000,0.6728,37.8984,2.0189,0.0245,0.4314,0.1131
13666,C4,broken_down,544,2.7200,-0.0036,0.1346,0,3.0556,1,1.0000,0.0000,0.6654,36.8785,2.2374,0.0813,0.2182,0.1204
13667,C4,broken_down,542,2.7100,-0.0057,0.1235,0,4.7692,1,1.0000,0.0000,0.7472,37.5383,1.6171,0.0843,0.4194,0.1419
13668,C4,stressed,529,2.6450,-0.0046,0.1317,0,3.8125,1,1.0000,0.0000,0.7221,39.4869,1.8146,0.0474,0.5082,0.1425
13669,C4,adaptive,530,2.6500,-0.0034,0.1080,0,4.1667,1,0.9872,0.0152,0.6585,41.5501,1.7847,0.0756,0.3333,0.0925
13670,C4,adaptive,535,2.6750,-0.0036,0.1101,0,3.9231,1,1.0000,0.0000,0.7065,38.3862,1.7906,-0.0266,0.4314,0.1159
13671,C4,stressed,533,2.6650,-0.0068,0.1114,0,3.0588,1,1.0000,0.0000,0.7205,41.3125,2.2976,-0.0030,0.4375,0.1081
13672,C4,stressed,558,2.7900,-0.0011,0.1442,0,7.1111,1,0.9872,0.0152,0.7007,36.9488,2.2347,0.0366,0.3750,0.1397
13673,C4,adaptive,515,2.5750,-0.0058,0.1631,0,5.2500,1,0.9872,0.0152,0.6621,37.1672,1.9503,0.0082,0.3810,0.1525
13674,C4,broken_down,517,2.5850,-0.0038,0.1172,0,3.6429,1,1.0000,0.0000,0.6499,37.6101,1.9919,0.0414,0.3000,0.1185
13675,C4,stressed,501,2.5050,-0.0043,0.1738,0,5.0909,1,1.0000,0.0000,0.7226,38.6077,2.0540,-0.0452,0.2679,0.1363
13676,C4,stressed,560,2.8000,-0.0056,0.1305,0,5.8000,1,1.0000,0.0000,0.6679,38.3717,1.8872,-0.0762,0.3889,0.1169
13677,C4,adaptive,561,2.8050,-0.0059,0.1264,0,3.5294,1,1.0000,0.0000,0.7041,37.5696,1.8779,0.1261,0.3833,0.1304
13678,C4,adaptive,487,2.4350,-0.0065,0.1586,0,5.0909,1,0.9872,0.0152,0.6571,38.5063,1.7075,0.0123,0.4286,0.1393
13679,C4,adaptive,514,2.5700,-0.0015,0.1176,0,3.5333,1,1.0000,0.0000,0.6887,37.8079,1.8768,-0.2147,0.4222,0.1042
13680,C4,stressed,524,2.6200,-0.0036,0.1274,0,4.2143,1,0.9872,0.0152,0.6737,42.6601,1.9402,-0.0609,0.3559,0.1341
13681,C4,stressed,498,2.4900,-0.0031,0.1168,0,3.1250,1,1.0000,0.0000,0.6406,41.2414,1.8138,0.0366,0.3200,0.1211
13682,C4,stressed,541,2.7050,-0.0044,0.1300,0,5.3846,1,1.0000,0.0000,0.6784,38.0409,1.9907,0.0892,0.3714,0.1671
13683,C4,stressed,528,2.6400,-0.0046,0.1180,0,3.6471,1,1.0000,0.0000,0.6402,37.6686,1.8798,0.1286,0.4032,0.1469
13684,C4,stressed,511,2.5550,-0.0064,0.1132,0,3.6000,1,1.0000,0.0000,0.6595,37.6706,1.8049,0.1301,0.2500,0.1106
13685,C4,broken_down,524,2.6200,-0.0046,0.1315,0,7.6250,1,1.0000,0.0000,0.6679,32.8771,1.8547,-0.1345,0.3115,0.1466
13686,C4,adaptive,537,2.6850,-0.0011,0.1269,0,4.9167,1,1.0000,0.0000,0.7002,37.6995,1.8702,0.0482,0.3559,0.1329
13687,C4,stressed,525,2.6250,-0.0062,0.1389,0,4.6923,1,1.0000,0.0000,0.6552,36.0988,1.6642,0.1634,0.3279,0.1445
13688,C4,broken_down,518,2.5900,-0.0058,0.1129,0,3.6250,1,1.0000,0.0000,0.7239,38.6027,1.9513,0.1848,0.4138,0.1362
13689,C4,stressed,549,2.7450,-0.0052,0.1365,0,3.0526,1,1.0000,0.0000,0.6776,37.9086,1.9060,0.1162,0.3621,0.1312
13690,C4,stressed,550,2.7500,-0.0034,0.1192,0,4.1538,1,1.0000,0.0000,0.6582,33.2459,2.5464,-0.0179,0.2778,0.1195
13691,C4,broken_down,546,2.7300,-0.0067,0.1485,0,4.0667,1,1.0000,0.0000,0.6978,35.2073,1.8431,0.1681,0.3269,0.1158
13692,C4,adaptive,527,2.6350,-0.0021,0.1503,0,4.8571,1,1.0000,0.0000,0.6888,36.6777,1.7984,0.1076,0.4265,0.1611
13693,C4,broken_down,524,2.6200,-0.0027,0.1171,0,5.7778,1,0.9872,0.0152,0.6889,34.3767,2.0525,-0.0874,0.4423,0.1247
13694,C4,adaptive,514,2.5700,-0.0027,0.1254,0,5.0000,1,1.0000,0.0000,0.6576,32.6065,1.7914,-0.1300,0.2692,0.1215
13695,C4,stressed,537,2.6850,-0.0040,0.1192,0,5.5000,1,1.0000,0.0000,0.6629,33.6826,1.7793,-0.0651,0.4000,0.1104
13696,C4,stressed,537,2.6850,-0.0057,0.1338,0,4.5833,1,1.0000,0.0000,0.7132,37.2010,1.8671,0.0581,0.3818,0.1242
13697,C4,stressed,511,2.5550,-0.0046,0.1346,0,4.4167,1,1.0000,0.0000,0.7162,33.3661,1.7611,0.1242,0.2200,0.1176
13698,C4,adaptive,543,2.7150,-0.0048,0.1295,0,4.0769,1,1.0000,0.0000,0.6869,38.5228,1.8179,-0.0111,0.4906,0.1173
13699,C4,broken_down,536,2.6800,-0.0046,0.1386,0,4.7500,1,1.0000,0.0000,0.7146,39.0914,1.8873,0.2142,0.3684,0.1301
13700,C4,stressed,567,2.8350,-0.0033,0.1305,0,5.3636,1,0.9744,0.0303,0.6861,35.7326,2.3983,0.0029,0.4068,0.1266
13701,C4,stressed,552,2.7600,-0.0076,0.1037,0,3.4375,1,1.0000,0.0000,0.6703,33.9162,1.8770,0.2081,0.3091,0.1217
13702,C4,adaptive,514,2.5700,-0.0035,0.1482,0,3.8750,1,1.0000,0.0000,0.6732,40.8960,1.4466,0.1300,0.3387,0.1480
13703,C4,broken_down,549,2.7450,-0.0050,0.1325,0,7.6667,1,1.0000,0.0000,0.6667,36.8880,2.0077,0.0481,0.4203,0.1575
13704,C4,adaptive,547,2.7350,-0.0052,0.1173,0,4.7333,1,1.0000,0.0000,0.6801,37.7419,1.9163,0.1464,0.3239,0.1671
13705,C4,stressed,516,2.5800,-0.0041,0.1154,0,4.7273,1,1.0000,0.0000,0.6880,39.8169,1.8538,0.0468,0.3111,0.1066
13706,C4,broken_down,543,2.7150,-0.0048,0.1346,0,3.3750,1,1.0000,0.0000,0.6685,36.2231,1.9232,0.0749,0.4808,0.1174
13707,C4,adaptive,541,2.7050,-0.0080,0.1143,0,3.0588,1,1.0000,0.0000,0.6987,40.0291,1.8301,-0.0434,0.3269,0.1163
13708,C4,stressed,512,2.5600,-0.0045,0.1127,0,3.1875,1,1.0000,0.0000,0.6816,37.9169,2.2992,-0.0382,0.4314,0.1214
13709,C4,stressed,559,2.7950,-0.0066,0.1227,0,3.5000,1,1.0000,0.0000,0.7335,38.1049,2.3128,0.0383,0.3214,0.1220
13710,C4,stressed,543,2.7150,-0.0046,0.1258,0,3.8750,1,1.0000,0.0000,0.7017,34.2047,1.6130,0.0958,0.4516,0.1422
13711,C4,adaptive,523,2.6150,-0.0017,0.1121,0,6.2500,1,0.9872,0.0152,0.6597,37.7449,2.4499,-0.0672,0.3636,0.1000
13712,C4,broken_down,521,2.6050,-0.0044,0.1335,0,5.2727,1,1.0000,0.0000,0.7159,36.2359,1.4589,0.0885,0.4138,0.1374
13713,C4,adaptive,553,2.7650,-0.0017,0.1082,0,4.7273,1,0.9872,0.0152,0.7396,36.4743,2.2201,-0.0178,0.3269,0.1156
13714,C4,adaptive,533,2.6650,-0.0043,0.1103,0,3.9286,1,1.0000,0.0000,0.6679,36.6208,1.8084,0.2012,0.4000,0.1276
13715,C4,stressed,525,2.6250,-0.0053,0.1064,0,3.4706,1,1.0000,0.0000,0.6743,37.3220,2.0040,0.0022,0.3898,0.1388
13716,C4,stressed,536,2.6800,-0.0066,0.1039,0,3.5714,1,1.0000,0.0000,0.7034,36.8117,1.9185,0.1571,0.3878,0.1091
13717,C4,stressed,554,2.7700,-0.0038,0.1172,0,3.9286,1,1.0000,0.0000,0.7076,35.2602,1.9154,0.0919,0.3478,0.0966
13718,C4,stressed,552,2.7600,-0.0041,0.1494,0,4.5385,1,1.0000,0.0000,0.6866,39.5092,1.7813,-0.0165,0.3729,0.1302
13719,C4,stressed,568,2.8400,-0.0019,0.1463,0,6.7000,1,1.0000,0.0000,0.7201,34.0807,1.9890,-0.0145,0.3284,0.1447
13720,C4,stressed,558,2.7900,-0.0053,0.1100,0,4.0000,1,1.0000,0.0000,0.7151,37.8195,2.0273,0.0144,0.3333,0.0945
13721,C4,adaptive,535,2.6750,-0.0027,0.1671,0,4.0667,1,1.0000,0.0000,0.6860,39.6866,2.1313,0.0341,0.4426,0.1396
13722,C4,adaptive,531,2.6550,-0.0037,0.1286,0,4.5385,1,1.0000,0.0000,0.6667,35.8701,2.0634,-0.0370,0.4783,0.1029
13723,C4,adaptive,540,2.7000,-0.0023,0.1288,0,4.8182,1,1.0000,0.0000,0.6981,37.5862,1.8232,-0.0298,0.4792,0.1093
13724,C4,stressed,541,2.7050,-0.0033,0.1732,0,5.0000,1,1.0000,0.0000,0.6580,35.5281,2.4279,0.0158,0.4286,0.1587
13725,C4,broken_down,534,2.6700,-0.0035,0.1271,0,7.1111,1,1.0000,0.0000,0.6704,36.3687,2.0604,-0.0118,0.3125,0.1492
13726,C4,stable,540,2.7000,-0.0051,0.1137,0,4.9167,1,1.0000,0.0000,0.7111,38.2786,2.0070,-0.0073,0.3390,0.1323
13727,C4,stressed,553,2.7650,-0.0060,0.1321,0,4.4615,1,0.9872,0.0152,0.6673,36.6206,1.8359,0.0737,0.3966,0.1278
13728,C4,stressed,516,2.5800,-0.0040,0.1625,0,7.2500,1,1.0000,0.0000,0.6647,40.0933,1.8370,0.1446,0.3137,0.1192
13729,C4,stressed,533,2.6650,-0.0017,0.1261,0,4.9091,1,1.0000,0.0000,0.6979,36.1210,1.8393,0.0020,0.2222,0.1244
13730,C4,stressed,564,2.8200,-0.0058,0.1187,0,4.1429,1,1.0000,0.0000,0.6862,34.2817,1.7972,0.0369,0.4483,0.1250
13731,C4,adaptive,552,2.7600,-0.0007,0.1162,0,3.2778,1,1.0000,0.0000,0.6812,41.2367,1.7860,0.0210,0.2203,0.1291
13732,C4,adaptive,511,2.5550,-0.0035,0.1210,0,6.3750,1,1.0000,0.0000,0.6458,39.1000,1.6407,-0.0412,0.3191,0.1116
13733,C4,adaptive,542,2.7100,-0.0043,0.1073,0,3.2500,1,1.0000,0.0000,0.6624,37.9610,2.1082,0.0494,0.3725,0.1126
13734,C4,broken_down,528,2.6400,-0.0056,0.1250,0,3.9231,1,0.9872,0.0152,0.6970,35.4701,2.1445,-0.0351,0.4118,0.1172
13735,C4,adaptive,497,2.4850,-0.0059,0.1117,0,3.8571,1,1.0000,0.0000,0.6338,35.5937,1.6561,0.0713,0.4259,0.1333
13736,C4,broken_down,516,2.5800,-0.0042,0.1252,0,3.7857,1,0.9872,0.0152,0.6667,37.9709,1.9944,0.0121,0.3864,0.1002
13737,C4,adaptive,548,2.7400,-0.0076,0.0983,0,2.6842,1,1.0000,0.0000,0.7208,40.4835,1.7881,0.1396,0.4792,0.1026
13738,C4,stressed,529,2.6450,-0.0048,0.1472,0,5.0000,1,1.0000,0.0000,0.6805,36.9250,1.8808,0.0580,0.3704,0.1265
13739,C4,broken_down,548,2.7400,-0.0031,0.1044,0,4.4167,1,1.0000,0.0000,0.6934,37.4368,1.9723,-0.0024,0.3396,0.1191
13740,C4,broken_down,568,2.8400,-0.0033,0.1433,0,5.0833,1,1.0000,0.0000,0.7042,40.0450,1.8726,0.0605,0.4262,0.1312
13741,C4,stressed,528,2.6400,0.0001,0.1305,0,3.8571,1,1.0000,0.0000,0.6761,35.9664,1.9213,0.1667,0.3148,0.1239
13742,C4,adaptive,539,2.6950,-0.0054,0.1367,0,6.2222,1,1.0000,0.0000,0.7291,40.2977,2.0351,-0.0099,0.3091,0.1225
13743,C4,adaptive,540,2.7000,-0.0049,0.1254,0,5.8889,1,1.0000,0.0000,0.6685,34.8283,1.5950,-0.0463,0.5098,0.1154
13744,C4,adaptive,540,2.7000,-0.0041,0.1356,0,4.3846,1,0.9872,0.0152,0.7407,35.7050,2.2289,-0.0305,0.4211,0.1313
13745,C4,broken_down,497,2.4850,-0.0025,0.1254,0,6.2500,1,0.9872,0.0152,0.6318,34.8376,1.9109,-0.0469,0.2826,0.1095
13746,C4,stressed,529,2.6450,-0.0049,0.1239,0,4.8182,1,0.9872,0.0152,0.6446,36.2287,2.0696,-0.0389,0.3878,0.1099
13747,C4,broken_down,528,2.6400,-0.0041,0.1192,0,3.4375,1,1.0000,0.0000,0.6989,38.5962,1.8071,-0.0082,0.2364,0.1282
13748,C4,stressed,537,2.6850,-0.0018,0.1292,0,5.3000,1,1.0000,0.0000,0.6946,38.4638,1.9880,0.0340,0.3725,0.1149
13749,C4,adaptive,552,2.7600,-0.0041,0.1226,0,3.5294,1,1.0000,0.0000,0.7156,38.5013,2.1126,-0.0354,0.2609,0.0994
13750,C4,stressed,551,2.7550,-0.0039,0.1209,0,2.8421,1,1.0000,0.0000,0.7096,34.4987,1.9093,0.1022,0.2593,0.1179
13751,C4,stressed,549,2.7450,-0.0006,0.1533,0,5.1538,1,1.0000,0.0000,0.6794,33.6354,1.7879,-0.0646,0.4328,0.1492
13752,C4,adaptive,547,2.7350,-0.0057,0.1215,0,3.6000,1,1.0000,0.0000,0.6782,35.8032,1.5014,0.1033,0.3889,0.1189
13753,C4,adaptive,543,2.7150,-0.0079,0.1533,0,6.6000,1,0.9872,0.0152,0.6851,35.5780,1.6947,0.0269,0.3939,0.1535
13754,C4,adaptive,533,2.6650,-0.0057,0.1111,0,5.4000,1,1.0000,0.0000,0.7148,38.8583,2.0744,0.0475,0.3704,0.1241
13755,C4,stressed,547,2.7350,-0.0081,0.1136,0,3.3000,1,1.0000,0.0000,0.7221,35.7949,1.8553,0.1979,0.3485,0.1521
13756,C4,broken_down,503,2.5150,-0.0057,0.1572,0,5.0000,1,1.0000,0.0000,0.6978,38.1197,1.4274,0.1685,0.4182,0.1348
13757,C4,broken_down,527,2.6350,-0.0018,0.1217,0,4.7273,1,1.0000,0.0000,0.6660,37.2991,1.8678,-0.1157,0.3846,0.1206
13758,C4,stressed,561,2.8050,-0.0060,0.1484,0,5.0769,1,1.0000,0.0000,0.7344,38.8689,1.7112,0.1735,0.4091,0.1451
13759,C4,broken_down,502,2.5100,-0.0037,0.1220,0,5.7778,1,1.0000,0.0000,0.6394,42.3271,1.6825,0.0348,0.4038,0.1294
13760,C4,stressed,506,2.5300,-0.0020,0.1393,0,3.7333,1,1.0000,0.0000,0.6561,39.9669,1.9424,-0.0725,0.3393,0.1353
13761,C4,stressed,535,2.6750,-0.0027,0.1294,0,5.3636,1,0.9872,0.0152,0.7159,40.0601,1.6479,0.0430,0.2712,0.1395
13762,C4,adaptive,494,2.4700,-0.0044,0.1377,0,4.8000,1,0.9872,0.0152,0.6943,37.5831,1.6228,0.1226,0.3250,0.0946
13763,C4,stressed,547,2.7350,-0.0040,0.1097,0,3.3125,1,0.9872,0.0152,0.7093,38.1392,1.6343,0.0977,0.2174,0.1015
13764,C4,adaptive,572,2.8600,-0.0059,0.1347,0,3.9375,1,1.0000,0.0000,0.6801,35.8792,1.9682,0.1645,0.3175,0.1376
13765,C4,adaptive,525,2.6250,-0.0049,0.1621,0,5.5455,1,0.9872,0.0152,0.6724,35.9603,1.6252,0.0775,0.4098,0.1432
13766,C4,stressed,521,2.6050,-0.0056,0.1119,0,3.4000,1,1.0000,0.0000,0.7121,37.6846,1.6936,0.0929,0.2917,0.1101
13767,C4,stressed,532,2.6600,-0.0041,0.1449,0,3.5000,1,1.0000,0.0000,0.7068,34.8856,1.6872,0.1889,0.3571,0.1296
13768,C4,broken_down,541,2.7050,-0.0045,0.1356,0,4.5833,1,1.0000,0.0000,0.6747,36.7562,1.7277,0.0317,0.3922,0.1116
13769,C4,stressed,539,2.6950,-0.0060,0.1133,0,4.2308,1,1.0000,0.0000,0.6957,36.0427,1.9811,0.0669,0.3818,0.1222
13770,C4,stressed,544,2.7200,-0.0005,0.1157,0,4.7273,1,1.0000,0.0000,0.6636,34.3934,2.1554,0.0326,0.2115,0.1161
13771,C4,broken_down,532,2.6600,-0.0047,0.1215,0,4.4167,1,1.0000,0.0000,0.6410,35.5513,1.9482,0.1116,0.4528,0.1191
13772,C4,adaptive,546,2.7300,-0.0045,0.1161,0,5.5556,1,1.0000,0.0000,0.6703,40.1093,1.8140,0.0089,0.2245,0.1077
13773,C4,stressed,541,2.7050,-0.0030,0.1220,0,5.2500,1,1.0000,0.0000,0.6802,33.9185,1.7938,0.1440,0.3651,0.1445
13774,C4,adaptive,498,2.4900,-0.0028,0.1251,0,5.8889,1,1.0000,0.0000,0.6586,39.3628,1.7505,-0.0917,0.4528,0.1283
13775,C4,stressed,558,2.7900,-0.0057,0.1221,0,3.8000,1,1.0000,0.0000,0.7007,35.5166,1.5555,0.1033,0.3333,0.1161
13776,C4,adaptive,539,2.6950,-0.0044,0.1110,0,3.3125,1,0.9872,0.0152,0.7069,36.0315,2.3326,0.0351,0.4615,0.1174
13777,C4,broken_down,541,2.7050,-0.0066,0.1055,0,2.8889,1,1.0000,0.0000,0.6691,36.5580,2.2332,-0.0086,0.3462,0.1145
13778,C4,adaptive,526,2.6300,-0.0057,0.1135,0,3.0556,1,1.0000,0.0000,0.6882,36.2127,1.4575,0.0894,0.2909,0.1270
13779,C4,broken_down,528,2.6400,-0.0037,0.1346,0,4.0769,1,1.0000,0.0000,0.6875,35.4656,1.7170,0.1395,0.3019,0.1224
13780,C4,stressed,532,2.6600,-0.0050,0.1154,0,4.0714,1,1.0000,0.0000,0.6861,38.2548,2.0824,0.1309,0.3684,0.1310
13781,C4,stressed,537,2.6850,-0.0038,0.1352,0,5.6364,1,1.0000,0.0000,0.6834,36.3324,1.7446,0.1058,0.3710,0.1419
13782,C4,adaptive,518,2.5900,-0.0048,0.1247,0,4.9091,1,1.0000,0.0000,0.6892,37.4566,1.8215,-0.0702,0.3889,0.1271
13783,C4,adaptive,562,2.8100,-0.0009,0.1103,0,4.0000,1,1.0000,0.0000,0.6833,36.8542,1.9955,-0.0501,0.4200,0.1062
13784,C4,adaptive,527,2.6350,-0.0058,0.1474,0,5.3636,1,1.0000,0.0000,0.6660,33.8661,1.7079,-0.0055,0.3729,0.1366
13785,C4,adaptive,575,2.8750,-0.0061,0.1239,0,4.0000,1,1.0000,0.0000,0.7026,39.5371,2.0177,-0.0107,0.3667,0.1261
13786,C4,broken_down,532,2.6600,-0.0054,0.1235,0,3.6471,1,1.0000,0.0000,0.7199,36.6319,1.9943,0.0587,0.3065,0.1435
13787,C4,adaptive,568,2.8400,-0.0029,0.1129,0,4.6154,1,1.0000,0.0000,0.7077,33.0249,1.9119,-0.0505,0.3500,0.1271
13788,C4,adaptive,523,2.6150,-0.0034,0.1224,0,4.3333,1,1.0000,0.0000,0.7094,35.2884,1.7750,0.0985,0.3654,0.1209
13789,C4,adaptive,556,2.7800,-0.0053,0.1298,0,4.0000,1,1.0000,0.0000,0.7356,36.6112,2.2841,0.0381,0.3091,0.1198
13790,C4,stressed,551,2.7550,-0.0031,0.0963,0,2.8889,1,1.0000,0.0000,0.6915,35.6719,1.8674,0.0221,0.3846,0.1148
13791,C4,adaptive,555,2.7750,-0.0055,0.1089,0,3.9286,1,1.0000,0.0000,0.7045,39.2711,1.8808,0.0785,0.2955,0.0948
13792,C4,stressed,559,2.7950,-0.0082,0.1406,0,4.5833,1,1.0000,0.0000,0.6583,35.8071,1.8338,0.1553,0.3148,0.1161
13793,C4,adaptive,588,2.9400,-0.0008,0.1133,0,4.3846,1,1.0000,0.0000,0.7177,33.9265,2.1062,-0.0805,0.2982,0.1173
13794,C4,adaptive,608,3.0400,-0.0051,0.1255,0,3.7647,1,1.0000,0.0000,0.6875,36.4498,2.7547,-0.1141,0.3906,0.1303
13795,C4,stressed,515,2.5750,-0.0025,0.1147,0,5.2000,1,1.0000,0.0000,0.6835,35.6619,1.8871,0.0465,0.4146,0.0936
13796,C4,adaptive,570,2.8500,-0.0048,0.1360,0,4.6154,1,1.0000,0.0000,0.7351,32.5179,1.9495,0.0517,0.3833,0.1293
13797,C4,broken_down,556,2.7800,-0.0032,0.1353,0,5.8182,1,1.0000,0.0000,0.7032,33.9744,1.9475,0.0658,0.4062,0.1410
13798,C4,adaptive,566,2.8300,-0.0040,0.1082,0,4.2143,1,1.0000,0.0000,0.6820,34.3886,2.2902,-0.0310,0.3220,0.1250
13799,C4,broken_down,550,2.7500,-0.0042,0.1158,0,6.0000,1,1.0000,0.0000,0.7418,34.3701,2.2093,0.0261,0.2778,0.1211
13800,C4,broken_down,517,2.5850,-0.0038,0.1262,0,3.7143,1,1.0000,0.0000,0.6673,37.0203,2.0456,0.0849,0.4694,0.1156
13801,C4,stressed,515,2.5750,-0.0083,0.1222,0,4.4545,1,1.0000,0.0000,0.6835,36.8097,1.6290,0.2297,0.3404,0.1080
13802,C4,broken_down,536,2.6800,-0.0055,0.0873,0,3.6429,1,1.0000,0.0000,0.6772,36.6391,1.8365,0.0879,0.3902,0.0905
13803,C4,broken_down,566,2.8300,-0.0042,0.1063,0,3.8000,1,1.0000,0.0000,0.6961,36.0812,1.6184,0.0777,0.3509,0.1221
13804,C4,adaptive,525,2.6250,-0.0056,0.1242,0,5.3000,1,1.0000,0.0000,0.6933,37.1071,1.9207,-0.0446,0.3137,0.1192
13805,C4,adaptive,551,2.7550,-0.0020,0.1284,0,3.4706,1,1.0000,0.0000,0.6751,36.8952,1.9976,0.0596,0.3051,0.1300
13806,C4,stressed,548,2.7400,-0.0030,0.1044,0,2.9474,1,1.0000,0.0000,0.6971,36.3115,1.7320,0.0691,0.3571,0.1236
13807,C4,stressed,502,2.5100,-0.0023,0.1250,0,3.7692,1,1.0000,0.0000,0.6574,38.1303,1.6632,0.0188,0.3469,0.1201
13808,C4,adaptive,552,2.7600,-0.0079,0.1263,0,4.3571,1,1.0000,0.0000,0.7156,34.5316,2.4843,0.1087,0.3279,0.1377
13809,C4,stressed,536,2.6800,-0.0037,0.1203,0,4.1538,1,1.0000,0.0000,0.6698,35.0557,2.0381,0.1202,0.3889,0.1224
13810,C4,stressed,561,2.8050,-0.0051,0.1352,0,5.4545,1,1.0000,0.0000,0.7201,38.1782,1.7623,0.0720,0.4500,0.1319
13811,C4,adaptive,574,2.8700,-0.0082,0.1474,0,4.6923,1,1.0000,0.0000,0.7003,33.1144,2.0035,0.0011,0.3729,0.1245
13812,C4,broken_down,539,2.6950,-0.0033,0.1279,0,4.0769,1,1.0000,0.0000,0.6883,38.1617,1.9159,-0.0709,0.3962,0.1173
13813,C4,adaptive,537,2.6850,-0.0032,0.1378,0,3.8571,1,1.0000,0.0000,0.6946,37.1180,1.4746,0.1696,0.3519,0.1227
13814,C4,broken_down,532,2.6600,-0.0028,0.1379,0,4.0667,1,1.0000,0.0000,0.7030,40.5134,1.7641,0.0191,0.4918,0.1406
13815,C4,adaptive,513,2.5650,-0.0059,0.1371,0,5.6000,1,0.9872,0.0152,0.6998,40.8635,1.6049,-0.0202,0.4107,0.1315
13816,C4,adaptive,554,2.7700,-0.0046,0.0950,0,4.4167,1,1.0000,0.0000,0.6805,34.2493,1.9543,0.0623,0.3396,0.1165
13817,C4,stressed,537,2.6850,-0.0018,0.1166,0,7.4286,1,1.0000,0.0000,0.6834,35.9782,1.8180,-0.0496,0.3654,0.1126
13818,C4,broken_down,521,2.6050,-0.0051,0.1181,0,4.6364,1,1.0000,0.0000,0.7044,39.3324,1.8359,0.0306,0.4255,0.1076
13819,C4,broken_down,525,2.6250,-0.0046,0.1500,0,7.8750,1,1.0000,0.0000,0.6819,33.6955,1.8682,0.0427,0.3333,0.1537
13820,C4,stressed,549,2.7450,-0.0065,0.0956,0,2.2174,1,1.0000,0.0000,0.6995,37.5078,2.0106,0.1096,0.1800,0.1089
13821,C4,broken_down,552,2.7600,-0.0047,0.0964,0,4.1667,1,1.0000,0.0000,0.6902,35.3858,1.7069,0.0031,0.2045,0.0952
13822,C4,stressed,501,2.5050,-0.0036,0.1152,0,4.0000,1,1.0000,0.0000,0.6447,38.1610,2.2575,0.0293,0.3214,0.1404
13823,C4,stressed,497,2.4850,-0.0021,0.1251,0,4.8000,1,1.0000,0.0000,0.6620,39.2523,1.2423,-0.0375,0.2766,0.1138
13824,C4,broken_down,572,2.8600,-0.0076,0.0896,0,2.5714,1,1.0000,0.0000,0.6941,39.9421,2.0657,0.1218,0.4074,0.1111
13825,C4,stressed,560,2.8000,-0.0055,0.1250,0,3.2941,1,1.0000,0.0000,0.7304,35.4670,1.9584,0.0465,0.3750,0.1220
13826,C4,adaptive,524,2.6200,-0.0068,0.1289,0,4.0000,1,1.0000,0.0000,0.7099,33.7823,1.8396,0.0005,0.3617,0.1090
13827,C4,broken_down,554,2.7700,-0.0043,0.1136,0,3.5333,1,1.0000,0.0000,0.6913,36.7389,2.1281,0.0576,0.4200,0.1082
13828,C4,stressed,540,2.7000,-0.0025,0.1097,0,4.5833,1,0.9872,0.0152,0.7111,38.1146,1.7876,0.1633,0.2364,0.1250
13829,C4,adaptive,578,2.8900,-0.0080,0.0958,0,3.0000,1,1.0000,0.0000,0.7318,35.3759,2.0719,0.2253,0.4259,0.1134
13830,C4,broken_down,555,2.7750,-0.0032,0.1198,0,5.9000,1,1.0000,0.0000,0.7045,36.2558,2.0770,-0.1114,0.3729,0.1285
13831,C4,broken_down,558,2.7900,-0.0110,0.1252,0,4.0000,1,1.0000,0.0000,0.6792,39.0000,1.8045,0.1620,0.4500,0.1336
13832,C4,stable,577,2.8850,-0.0058,0.1016,0,3.8000,1,1.0000,0.0000,0.7002,33.8168,1.9662,0.0837,0.3158,0.1205
13833,C4,adaptive,545,2.7250,-0.0047,0.1152,0,2.8421,1,1.0000,0.0000,0.7119,35.7552,1.7185,0.0838,0.2963,0.1187
13834,C4,stressed,505,2.5250,-0.0036,0.1356,0,4.5000,1,1.0000,0.0000,0.6911,35.3926,2.1171,0.0154,0.1778,0.1064
13835,C4,broken_down,557,2.7850,-0.0061,0.1061,0,5.0000,1,1.0000,0.0000,0.6858,34.9843,1.9183,-0.0507,0.4545,0.1193
13836,C4,stressed,525,2.6250,-0.0021,0.1034,0,4.1667,1,0.9872,0.0152,0.6857,38.7111,2.1125,-0.0359,0.4000,0.0926
13837,C4,stressed,522,2.6100,-0.0054,0.1208,0,4.3333,1,1.0000,0.0000,0.6973,36.8846,1.8728,0.0650,0.4000,0.1163
13838,C4,stressed,546,2.7300,-0.0041,0.1085,0,3.1667,1,1.0000,0.0000,0.6941,36.9129,1.8590,0.0251,0.3860,0.1258
13839,C4,stressed,562,2.8100,0.0001,0.1246,0,5.7500,1,1.0000,0.0000,0.7171,38.8015,2.2060,0.0003,0.2319,0.1497
13840,C4,adaptive,535,2.6750,-0.0043,0.1280,0,3.5333,1,1.0000,0.0000,0.6673,38.7031,1.9537,0.0912,0.3208,0.1170
13841,C4,adaptive,549,2.7450,-0.0012,0.1073,0,5.1000,1,1.0000,0.0000,0.6721,37.3550,1.7831,-0.0230,0.3778,0.0970
13842,C4,broken_down,565,2.8250,-0.0022,0.1321,0,3.2222,1,1.0000,0.0000,0.7487,36.2955,1.8566,0.1305,0.3673,0.1036
13843,C4,adaptive,506,2.5300,-0.0051,0.1198,0,3.5000,1,1.0000,0.0000,0.6462,35.9969,1.8746,0.0145,0.2449,0.1178
13844,C4,adaptive,543,2.7150,-0.0051,0.1130,0,3.8000,1,1.0000,0.0000,0.7219,32.9362,1.7736,0.0523,0.2807,0.1239
13845,C4,stressed,545,2.7250,-0.0067,0.1078,0,2.7500,1,1.0000,0.0000,0.7028,37.2063,2.0515,0.0742,0.4200,0.1106
13846,C4,adaptive,533,2.6650,-0.0029,0.1590,0,5.0000,1,1.0000,0.0000,0.7092,39.5159,1.9931,-0.0418,0.3000,0.1382
13847,C4,broken_down,545,2.7250,-0.0033,0.1061,0,3.3125,1,1.0000,0.0000,0.6807,38.6496,1.9805,0.1474,0.3396,0.1178
13848,C4,stressed,563,2.8150,-0.0080,0.1375,0,5.8182,1,1.0000,0.0000,0.7140,36.4229,1.9546,0.0621,0.4219,0.1441
13849,C4,adaptive,544,2.7200,-0.0026,0.1309,0,6.0000,1,0.9872,0.0152,0.6967,36.0264,1.7174,0.0469,0.3167,0.1379
13850,C4,adaptive,516,2.5800,-0.0060,0.1073,0,3.6667,1,1.0000,0.0000,0.6628,37.5965,1.6524,0.0866,0.3455,0.1310
13851,C4,adaptive,547,2.7350,-0.0023,0.1370,0,4.5714,1,1.0000,0.0000,0.6581,33.5472,1.8150,-0.0095,0.3594,0.1407
13852,C4,stressed,535,2.6750,-0.0065,0.1314,0,3.3684,1,0.9744,0.0303,0.7140,35.4188,1.7239,0.2198,0.3269,0.1174
13853,C4,stressed,548,2.7400,-0.0082,0.1199,0,3.0588,1,1.0000,0.0000,0.6679,39.0355,1.6124,0.1297,0.4808,0.1116
13854,C4,adaptive,555,2.7750,-0.0063,0.1051,0,3.1053,1,1.0000,0.0000,0.7081,39.8041,1.9160,0.0891,0.2373,0.1280
13855,C4,stressed,535,2.6750,-0.0029,0.1297,0,3.9333,1,1.0000,0.0000,0.6766,37.5331,2.0864,0.0956,0.3051,0.1379
13856,C4,adaptive,538,2.6900,-0.0051,0.1112,0,4.2308,1,1.0000,0.0000,0.7138,39.7005,1.6328,0.0159,0.3818,0.1209
13857,C4,stressed,509,2.5450,-0.0052,0.1239,0,5.5556,1,1.0000,0.0000,0.6483,34.0697,1.6877,0.0811,0.3333,0.0833
13858,C4,stressed,556,2.7800,-0.0049,0.1348,0,6.8750,1,1.0000,0.0000,0.7194,35.2450,2.1884,0.1318,0.3333,0.1116
13859,C4,adaptive,547,2.7350,-0.0043,0.1032,0,2.7500,1,1.0000,0.0000,0.7020,38.0755,1.7112,0.1540,0.4545,0.1222
13860,C4,stressed,539,2.6950,-0.0039,0.1039,0,4.3333,1,1.0000,0.0000,0.7087,37.4058,1.8763,-0.0277,0.3333,0.0998
13861,C4,adaptive,543,2.7150,-0.0030,0.1272,0,4.9091,1,1.0000,0.0000,0.6980,37.0950,1.5742,0.1204,0.2745,0.1141
13862,C4,broken_down,541,2.7050,-0.0054,0.1285,0,3.2353,1,1.0000,0.0000,0.6858,37.7951,1.6450,0.0462,0.3636,0.1230
13863,C4,stressed,527,2.6350,-0.0026,0.1264,0,5.1000,1,1.0000,0.0000,0.7211,35.2447,1.9553,-0.0164,0.2449,0.1119
13864,C4,broken_down,537,2.6850,-0.0060,0.1114,0,3.3750,1,1.0000,0.0000,0.7114,37.0759,2.1586,0.0097,0.4000,0.1131
13865,C4,adaptive,568,2.8400,-0.0016,0.1400,0,7.6250,1,1.0000,0.0000,0.6708,37.1969,2.1272,0.0449,0.3934,0.1315
13866,C4,stressed,566,2.8300,-0.0060,0.1150,0,4.5000,1,1.0000,0.0000,0.7297,38.2276,2.3253,0.1242,0.2600,0.1053
13867,C4,adaptive,548,2.7400,-0.0030,0.1182,0,6.6250,1,1.0000,0.0000,0.6898,38.1481,2.4181,-0.0473,0.4528,0.1205
13868,C4,broken_down,560,2.8000,0.0010,0.1376,0,4.2143,1,1.0000,0.0000,0.7089,34.2091,1.7676,0.0025,0.4746,0.1311
13869,C4,stressed,530,2.6500,-0.0041,0.1434,0,5.9000,1,1.0000,0.0000,0.6528,40.2746,1.6029,-0.0726,0.3559,0.1359
13870,C4,stressed,562,2.8100,-0.0044,0.1278,0,4.3077,1,1.0000,0.0000,0.6922,36.5681,2.0320,0.0941,0.3878,0.1047
13871,C4,stressed,547,2.7350,-0.0037,0.1268,0,5.3636,1,0.9872,0.0152,0.6856,39.2667,1.9823,0.1239,0.2034,0.1311
13872,C4,adaptive,559,2.7950,-0.0064,0.1351,0,5.5455,1,1.0000,0.0000,0.6869,37.8203,1.5457,0.1254,0.2692,0.1145
13873,C4,stressed,552,2.7600,-0.0037,0.1143,0,5.0000,1,0.9872,0.0152,0.7047,35.0694,1.8877,0.0310,0.2545,0.1214
13874,C4,broken_down,527,2.6350,-0.0024,0.1229,0,7.5000,1,1.0000,0.0000,0.6774,39.3978,1.8512,-0.0931,0.2833,0.1389
13875,C4,stressed,519,2.5950,-0.0042,0.1103,0,4.0769,1,1.0000,0.0000,0.6936,37.9500,1.7346,-0.0004,0.3696,0.1067
13876,C4,broken_down,522,2.6100,-0.0027,0.1082,0,3.8462,1,1.0000,0.0000,0.6533,38.8416,1.7982,-0.0620,0.4474,0.0846
13877,C4,adaptive,548,2.7400,-0.0035,0.1221,0,4.5000,1,0.9744,0.0303,0.6861,36.9840,1.7258,0.0953,0.3962,0.1173
13878,C4,broken_down,527,2.6350,-0.0015,0.1127,0,5.0000,1,1.0000,0.0000,0.6831,39.1556,2.1057,0.0075,0.3478,0.1057
13879,C4,adaptive,575,2.8750,-0.0090,0.1209,0,5.7000,1,1.0000,0.0000,0.7200,35.1643,2.0242,0.1954,0.3158,0.1234
13880,C4,stressed,534,2.6700,-0.0064,0.1325,0,3.5000,1,1.0000,0.0000,0.6760,40.5900,1.9552,-0.0085,0.3036,0.1296
13881,C4,adaptive,556,2.7800,-0.0046,0.1265,0,5.1818,1,1.0000,0.0000,0.6924,34.5922,1.7393,0.0954,0.3617,0.1004
13882,C4,stressed,538,2.6900,-0.0019,0.1244,0,5.6000,1,1.0000,0.0000,0.6580,37.9746,2.0774,-0.0977,0.2745,0.1118
13883,C4,stressed,511,2.5550,-0.0032,0.1105,0,4.3636,1,1.0000,0.0000,0.6928,38.6695,1.8006,0.0505,0.3542,0.1116
13884,C4,broken_down,551,2.7550,-0.0089,0.1240,0,4.7500,1,1.0000,0.0000,0.6443,35.4000,1.9930,0.0829,0.3860,0.1256
13885,C4,adaptive,534,2.6700,-0.0039,0.1083,0,2.9444,1,0.9872,0.0152,0.6891,35.5734,1.7079,-0.0160,0.2979,0.1040
13886,C4,adaptive,536,2.6800,-0.0031,0.1183,0,3.7333,1,1.0000,0.0000,0.7052,36.6032,1.7835,0.0811,0.2449,0.1132
13887,C4,adaptive,495,2.4750,-0.0027,0.1433,0,5.4000,1,1.0000,0.0000,0.6222,39.1136,1.4418,0.0791,0.3889,0.1340
13888,C4,stressed,545,2.7250,-0.0058,0.1211,0,4.3846,1,1.0000,0.0000,0.7174,34.9744,1.7629,0.0096,0.3333,0.1267
13889,C4,adaptive,541,2.7050,-0.0039,0.1436,0,4.2857,1,1.0000,0.0000,0.7209,34.0923,2.1831,-0.0770,0.3333,0.1222
13890,C4,broken_down,545,2.7250,-0.0040,0.1287,0,4.8333,1,1.0000,0.0000,0.6697,36.2329,2.4925,0.0374,0.3103,0.1312
13891,C4,broken_down,529,2.6450,-0.0047,0.1280,0,4.7692,1,0.9872,0.0152,0.6711,34.3268,1.7859,0.0605,0.3710,0.1473
13892,C4,broken_down,545,2.7250,-0.0030,0.1524,0,5.0000,1,1.0000,0.0000,0.7193,37.6837,2.1815,0.0280,0.4154,0.1487
13893,C4,adaptive,541,2.7050,-0.0100,0.0981,0,4.0833,1,0.9872,0.0152,0.7079,35.7128,2.0204,0.0818,0.3333,0.0896
13894,C4,stressed,536,2.6800,-0.0045,0.1117,0,3.5333,1,1.0000,0.0000,0.6922,36.9838,1.8950,0.1337,0.3095,0.0913
13895,C4,broken_down,533,2.6650,-0.0062,0.1025,0,3.1765,1,1.0000,0.0000,0.6811,37.5758,1.9412,0.1603,0.2963,0.1205
13896,C4,adaptive,546,2.7300,-0.0029,0.1107,0,2.7619,1,1.0000,0.0000,0.7015,44.6214,2.1426,0.0475,0.3333,0.1203
13897,C4,stressed,547,2.7350,-0.0046,0.1409,0,4.0667,1,1.0000,0.0000,0.6984,34.2618,2.0230,0.0196,0.3607,0.1406
13898,C4,stressed,526,2.6300,-0.0018,0.1035,0,3.8571,1,1.0000,0.0000,0.7034,38.2541,2.2441,-0.0193,0.4074,0.1233
13899,C4,broken_down,540,2.7000,-0.0034,0.1134,0,4.1667,1,1.0000,0.0000,0.6944,34.4773,2.2152,0.0253,0.3673,0.1106
13900,C4,stressed,549,2.7450,-0.0051,0.1239,0,3.3158,1,0.9872,0.0152,0.6976,34.9295,1.7376,0.1122,0.3333,0.1409
13901,C4,broken_down,598,2.9900,-0.0015,0.1057,0,4.3077,1,1.0000,0.0000,0.7358,35.2409,2.0980,0.0087,0.5091,0.1111
13902,C4,stressed,528,2.6400,-0.0005,0.1101,0,3.3750,1,1.0000,0.0000,0.6932,39.9180,1.9279,0.0005,0.4510,0.1156
13903,C4,broken_down,537,2.6850,-0.0037,0.1132,0,3.2500,1,1.0000,0.0000,0.7151,38.4505,1.9534,0.0656,0.3462,0.1169
13904,C4,stressed,553,2.7650,-0.0040,0.1199,0,4.2308,1,1.0000,0.0000,0.7034,33.0746,1.6558,0.0875,0.3469,0.1047
13905,C4,stressed,527,2.6350,-0.0043,0.1340,0,4.3077,1,1.0000,0.0000,0.6812,34.1170,1.8035,0.1072,0.3191,0.1066
13906,C4,stressed,559,2.7950,-0.0047,0.1302,0,5.8182,1,1.0000,0.0000,0.6726,36.3723,2.0008,0.0309,0.3281,0.1432
13907,C4,stressed,484,2.4200,-0.0067,0.1163,0,2.9444,1,0.9744,0.0303,0.6674,33.9350,1.7643,-0.0025,0.3415,0.1005
13908,C4,stressed,544,2.7200,-0.0018,0.1191,0,3.1765,1,0.9872,0.0152,0.6801,41.3000,1.6375,-0.0939,0.3111,0.0996
13909,C4,stressed,545,2.7250,-0.0023,0.1245,0,2.9000,1,1.0000,0.0000,0.6862,38.6123,1.9908,0.0635,0.3448,0.1300
13910,C4,stressed,572,2.8600,-0.0055,0.1036,0,5.5455,1,1.0000,0.0000,0.6906,35.8810,1.7734,0.0659,0.3279,0.1298
13911,C4,adaptive,522,2.6100,-0.0061,0.1329,0,3.7857,1,1.0000,0.0000,0.6820,38.4831,1.5418,0.0096,0.3962,0.1259
13912,C4,stressed,545,2.7250,-0.0051,0.1104,0,3.5625,1,1.0000,0.0000,0.6771,38.2412,2.1797,0.0668,0.2807,0.1275
13913,C4,broken_down,511,2.5550,-0.0025,0.1030,0,4.0000,1,1.0000,0.0000,0.6634,38.1858,1.6105,-0.0635,0.3182,0.1065
13914,C4,broken_down,528,2.6400,-0.0042,0.1361,0,5.9000,1,1.0000,0.0000,0.6420,35.9587,1.7496,0.0634,0.4068,0.1372
13915,C4,broken_down,577,2.8850,-0.0031,0.1317,0,8.1429,1,1.0000,0.0000,0.6846,37.5266,1.9057,0.1275,0.3860,0.1203
13916,C4,adaptive,525,2.6250,-0.0083,0.1254,0,4.0000,1,1.0000,0.0000,0.6571,38.8261,1.9198,0.0978,0.3846,0.1215
13917,C4,stressed,547,2.7350,-0.0048,0.1052,0,4.4167,1,1.0000,0.0000,0.6947,39.2500,1.7872,0.0290,0.3019,0.1162
13918,C4,adaptive,546,2.7300,-0.0040,0.1271,0,3.8571,1,1.0000,0.0000,0.7051,37.5792,1.6204,0.0047,0.1852,0.1200
13919,C4,adaptive,544,2.7200,-0.0044,0.1063,0,3.7857,1,1.0000,0.0000,0.6801,35.8081,2.0367,0.0342,0.4151,0.1230
13920,C4,broken_down,535,2.6750,-0.0049,0.1165,0,4.0714,1,1.0000,0.0000,0.7159,37.8956,2.0346,0.1336,0.3333,0.1222
13921,C4,stressed,515,2.5750,-0.0060,0.1147,0,4.6154,1,1.0000,0.0000,0.6699,37.6551,1.6584,0.0838,0.3167,0.1395
13922,C4,stressed,533,2.6650,-0.0048,0.1198,0,3.2500,1,1.0000,0.0000,0.6717,34.6816,1.7181,-0.0496,0.2292,0.1084
13923,C4,broken_down,516,2.5800,-0.0004,0.1428,0,4.7500,1,1.0000,0.0000,0.6822,35.9915,1.7477,0.0439,0.3860,0.1335
13924,C4,stressed,548,2.7400,-0.0029,0.0974,0,4.5455,1,1.0000,0.0000,0.6934,35.9632,2.1098,-0.0446,0.3673,0.1082
13925,C4,stressed,531,2.6550,-0.0025,0.1046,0,3.0000,1,1.0000,0.0000,0.7420,37.3807,1.8218,0.1166,0.3800,0.1152
13926,C4,adaptive,531,2.6550,-0.0055,0.1052,0,3.3333,1,0.9872,0.0152,0.6968,34.5730,1.8055,-0.0070,0.2857,0.0961
13927,C4,stressed,551,2.7550,-0.0030,0.1477,0,7.5000,1,1.0000,0.0000,0.6860,35.7513,1.7831,-0.0220,0.2453,0.1167
13928,C4,stressed,535,2.6750,-0.0023,0.1406,0,5.3000,1,1.0000,0.0000,0.6523,34.8653,1.8290,-0.0422,0.3774,0.1218
13929,C4,adaptive,541,2.7050,-0.0048,0.1274,0,4.1333,1,1.0000,0.0000,0.6932,33.5413,1.8341,-0.0304,0.3710,0.1425
13930,C4,adaptive,512,2.5600,-0.0019,0.1376,0,5.1818,1,1.0000,0.0000,0.6621,40.5044,1.8140,-0.0501,0.3509,0.1407
13931,C4,adaptive,521,2.6050,-0.0072,0.1178,0,3.5333,1,1.0000,0.0000,0.7102,36.7838,1.7454,0.0941,0.2857,0.1140
13932,C4,adaptive,518,2.5900,-0.0044,0.1292,0,4.0769,1,1.0000,0.0000,0.6911,39.3520,2.2489,0.0089,0.3019,0.1241
13933,C4,stressed,518,2.5900,-0.0074,0.1366,0,5.0909,1,1.0000,0.0000,0.7046,36.8466,1.5664,0.1382,0.3393,0.1324
13934,C4,stressed,572,2.8600,-0.0044,0.1283,0,4.0714,1,1.0000,0.0000,0.6993,41.6825,1.5697,0.0211,0.4035,0.1175
13935,C4,adaptive,568,2.8400,0.0006,0.1433,0,5.2308,1,1.0000,0.0000,0.7236,34.7640,1.8383,0.0749,0.4118,0.1485
13936,C4,broken_down,513,2.5650,-0.0066,0.1071,0,3.6923,1,1.0000,0.0000,0.6764,39.5389,1.5224,0.0404,0.3488,0.0993
13937,C4,stressed,511,2.5550,-0.0044,0.1623,0,7.6250,1,0.9744,0.0303,0.6928,37.6554,1.8307,-0.0128,0.3770,0.1484
13938,C4,adaptive,512,2.5600,-0.0028,0.1280,0,4.0769,1,1.0000,0.0000,0.6445,38.5424,1.5851,0.0809,0.2885,0.1244
13939,C4,stressed,490,2.4500,-0.0060,0.1454,0,3.3750,1,0.9872,0.0152,0.6449,39.1772,2.0445,0.0558,0.4630,0.1317
13940,C4,adaptive,505,2.5250,-0.0038,0.1228,0,3.4667,1,0.9872,0.0152,0.6871,38.4611,1.3715,-0.0071,0.4038,0.1278
13941,C4,adaptive,565,2.8250,-0.0064,0.1204,0,3.6667,1,0.9872,0.0152,0.7504,37.4599,2.2229,0.0328,0.4074,0.1187
13942,C4,adaptive,565,2.8250,-0.0019,0.1236,0,4.0000,1,1.0000,0.0000,0.6867,37.3454,1.7998,-0.1154,0.3654,0.1113
13943,C4,stressed,542,2.7100,-0.0043,0.1323,0,5.5455,1,1.0000,0.0000,0.6956,38.1194,2.1043,0.0113,0.2553,0.1061
13944,C4,adaptive,525,2.6250,-0.0038,0.1075,0,3.5714,1,1.0000,0.0000,0.6876,34.9474,1.9470,-0.0148,0.4222,0.1027
13945,C4,broken_down,557,2.7850,-0.0041,0.1157,0,3.8571,1,0.9872,0.0152,0.7217,39.0572,2.1697,-0.0043,0.3333,0.1179
13946,C4,adaptive,528,2.6400,-0.0040,0.1180,0,5.4000,1,1.0000,0.0000,0.6913,37.9096,1.5990,0.0811,0.2500,0.1086
13947,C4,stressed,543,2.7150,-0.0038,0.1312,0,3.9333,1,1.0000,0.0000,0.7035,38.2958,2.1186,-0.0245,0.2373,0.1297
13948,C4,stressed,564,2.8200,-0.0052,0.1192,0,2.8500,1,1.0000,0.0000,0.7163,35.0718,2.1634,0.0456,0.4091,0.0924
13949,C4,stressed,526,2.6300,-0.0044,0.1310,0,4.6667,1,1.0000,0.0000,0.6920,33.4148,1.6420,-0.0158,0.3036,0.1337
13950,C4,broken_down,533,2.6650,-0.0028,0.0938,0,3.9231,1,1.0000,0.0000,0.6867,39.7131,1.8810,0.0749,0.2955,0.0973
13951,C4,stressed,552,2.7600,-0.0026,0.1410,0,7.8750,1,1.0000,0.0000,0.6775,33.6257,2.1785,0.0811,0.3333,0.1416
13952,C4,adaptive,523,2.6150,-0.0055,0.1277,0,3.2353,1,1.0000,0.0000,0.7151,37.6390,1.7169,0.1924,0.4000,0.1322
13953,C4,broken_down,515,2.5750,-0.0031,0.1060,0,4.8000,1,1.0000,0.0000,0.6835,35.8750,1.6440,0.0057,0.3333,0.1116
13954,C4,stressed,504,2.5200,-0.0036,0.1322,0,3.7857,1,0.9872,0.0152,0.6290,36.9054,1.8624,0.0339,0.3585,0.1296
13955,C4,stressed,564,2.8200,-0.0039,0.1157,0,3.6250,1,1.0000,0.0000,0.6667,34.2234,2.3210,-0.0996,0.3529,0.1083
13956,C4,adaptive,559,2.7950,-0.0010,0.1181,0,4.0714,1,1.0000,0.0000,0.7048,36.2284,1.8710,0.1370,0.4375,0.1023
13957,C4,broken_down,505,2.5250,-0.0047,0.1261,0,3.6429,1,1.0000,0.0000,0.6653,39.1756,1.6864,0.0774,0.2979,0.1122
13958,C4,stressed,537,2.6850,-0.0008,0.1292,0,8.4286,1,1.0000,0.0000,0.6462,36.8415,2.0633,0.0112,0.3559,0.1329
13959,C4,adaptive,508,2.5400,-0.0055,0.1224,0,4.5455,1,1.0000,0.0000,0.7441,37.5582,1.6984,-0.0563,0.2800,0.1179
13960,C4,stressed,539,2.6950,-0.0040,0.1142,0,5.4545,1,0.9872,0.0152,0.7069,45.8399,1.8479,0.0353,0.4000,0.1402
13961,C4,stressed,533,2.6650,-0.0045,0.1033,0,3.2667,1,1.0000,0.0000,0.6923,37.6965,2.0426,0.1058,0.2500,0.0877
13962,C4,adaptive,535,2.6750,-0.0049,0.1064,0,4.6667,1,1.0000,0.0000,0.6654,40.8202,1.3893,0.1943,0.3393,0.1290
13963,C4,adaptive,524,2.6200,-0.0032,0.1544,0,8.7143,1,0.9872,0.0152,0.6775,40.4676,1.8497,0.0017,0.3333,0.1101
13964,C4,adaptive,538,2.6900,-0.0031,0.1307,0,5.8000,1,1.0000,0.0000,0.6506,37.0657,1.8091,0.0105,0.3966,0.1330
13965,C4,stressed,557,2.7850,-0.0011,0.1130,0,3.9375,1,1.0000,0.0000,0.6804,35.7968,1.7669,-0.0806,0.3175,0.1400
13966,C4,stressed,535,2.6750,-0.0044,0.1262,0,5.3000,1,0.9872,0.0152,0.7215,37.1373,1.8509,-0.0444,0.2979,0.1096
13967,C4,stressed,536,2.6800,-0.0026,0.1220,0,4.8182,1,1.0000,0.0000,0.6716,37.8028,1.7321,0.0886,0.3095,0.0899
13968,C4,adaptive,515,2.5750,-0.0027,0.1126,0,4.7273,1,1.0000,0.0000,0.6777,37.0115,1.6212,0.0255,0.4038,0.1229
13969,C4,stressed,566,2.8300,-0.0063,0.1182,0,3.6875,1,1.0000,0.0000,0.7173,40.0591,2.1069,0.1558,0.2727,0.1170
13970,C4,stable,512,2.5600,-0.0028,0.0944,0,3.4286,1,0.9872,0.0152,0.6777,37.6225,1.9084,0.0956,0.3333,0.1064
13971,C4,stressed,528,2.6400,-0.0038,0.1075,0,3.3529,1,1.0000,0.0000,0.6932,36.9235,1.9549,0.0747,0.2632,0.1284
13972,C4,stressed,546,2.7300,-0.0051,0.1260,0,4.7692,1,1.0000,0.0000,0.6996,34.1126,2.0517,0.0615,0.3548,0.1403
13973,C4,stressed,515,2.5750,-0.0049,0.1440,0,5.1667,1,1.0000,0.0000,0.6990,41.0167,1.8427,-0.0141,0.3387,0.1505
13974,C4,adaptive,500,2.5000,-0.0054,0.1003,0,2.2273,1,0.9872,0.0152,0.7120,37.7247,1.7385,0.0467,0.3478,0.1141
13975,C4,adaptive,502,2.5100,-0.0036,0.1100,0,2.9412,1,1.0000,0.0000,0.6713,38.1751,1.8035,0.0095,0.3800,0.1217
13976,C4,adaptive,547,2.7350,0.0006,0.1266,0,4.1429,1,1.0000,0.0000,0.6874,34.3245,1.6459,-0.1055,0.3103,0.1275
13977,C4,stressed,530,2.6500,-0.0054,0.1118,0,3.6000,1,1.0000,0.0000,0.6698,34.5465,1.8703,0.1246,0.3585,0.1202
13978,C4,adaptive,563,2.8150,-0.0036,0.1339,0,7.0000,1,1.0000,0.0000,0.6785,37.8377,2.1394,0.0249,0.3175,0.1379
13979,C4,broken_down,524,2.6200,-0.0052,0.1518,0,4.9167,1,1.0000,0.0000,0.6603,35.3266,1.9577,-0.1004,0.3220,0.1411
13980,C4,adaptive,548,2.7400,-0.0034,0.1098,0,5.3000,1,1.0000,0.0000,0.7135,37.1893,1.7369,0.0055,0.3000,0.1104
13981,C4,adaptive,561,2.8050,-0.0049,0.1050,0,3.2941,1,1.0000,0.0000,0.6791,33.2467,1.7370,0.1226,0.2679,0.1231
13982,C4,adaptive,519,2.5950,0.0004,0.0999,0,4.2500,1,1.0000,0.0000,0.6667,36.8902,1.6136,0.1081,0.3913,0.1072
13983,C4,adaptive,520,2.6000,-0.0027,0.1278,0,6.7500,1,1.0000,0.0000,0.6808,36.7966,2.1725,0.0686,0.4259,0.1292
13984,C4,stressed,552,2.7600,-0.0087,0.1048,0,4.1538,1,1.0000,0.0000,0.6957,35.0677,1.9864,0.1457,0.3725,0.1099
13985,C4,adaptive,513,2.5650,-0.0031,0.1221,0,3.8667,1,1.0000,0.0000,0.6433,37.2576,1.9011,0.0937,0.3621,0.1391
13986,C4,adaptive,504,2.5200,-0.0071,0.1090,0,4.5455,1,1.0000,0.0000,0.6270,40.8829,1.9258,-0.0117,0.2400,0.1179
13987,C4,stressed,517,2.5850,-0.0007,0.0934,0,3.7857,1,1.0000,0.0000,0.7021,37.6006,1.6946,0.0146,0.2830,0.1221
13988,C4,adaptive,543,2.7150,-0.0029,0.1179,0,3.7333,1,1.0000,0.0000,0.7035,40.1047,1.7909,0.1235,0.3333,0.1004
13989,C4,adaptive,531,2.6550,-0.0018,0.1504,0,5.8000,1,1.0000,0.0000,0.6968,37.2351,1.7813,0.0279,0.3929,0.1293
13990,C4,stressed,511,2.5550,-0.0035,0.1526,0,5.4545,1,1.0000,0.0000,0.6908,41.0992,1.6604,-0.1008,0.3043,0.1093
13991,C4,adaptive,543,2.7150,-0.0072,0.1201,0,3.8750,1,1.0000,0.0000,0.6888,35.6952,1.9172,0.1080,0.3000,0.1116
13992,C4,stressed,522,2.6100,-0.0060,0.1421,0,5.0000,1,1.0000,0.0000,0.6379,43.1832,1.7954,0.0664,0.3667,0.1456
13993,C4,adaptive,545,2.7250,-0.0056,0.1200,0,3.4706,1,0.9872,0.0152,0.6972,37.4868,1.8391,0.1187,0.3051,0.1326
13994,C4,stressed,537,2.6850,-0.0029,0.1140,0,4.5000,1,1.0000,0.0000,0.7039,33.0317,2.1287,0.1151,0.3659,0.0897
13995,C4,broken_down,549,2.7450,-0.0043,0.1519,0,11.6000,1,1.0000,0.0000,0.6867,34.7772,1.7373,0.1258,0.4211,0.1264
13996,C4,broken_down,550,2.7500,-0.0062,0.1049,0,4.1538,1,1.0000,0.0000,0.6855,36.6446,2.1177,0.0283,0.3778,0.0972
13997,C4,broken_down,518,2.5900,-0.0048,0.1185,0,2.6364,1,1.0000,0.0000,0.6448,38.5030,1.8686,0.0997,0.3621,0.1384
13998,C4,adaptive,583,2.9150,-0.0019,0.1148,0,3.9333,1,1.0000,0.0000,0.7376,35.8953,1.9116,-0.0285,0.3898,0.1245
13999,C4,broken_down,533,2.6650,-0.0021,0.1446,0,3.9375,1,0.9872,0.0152,0.7092,37.1349,2.2043,0.0680,0.2698,0.1438
14000,C5,adaptive,504,2.5200,-0.0039,0.1020,0,3.3571,1,1.0000,0.0000,0.6190,34.9872,1.7811,0.0106,0.0000,0.0000
14001,C5,stressed,518,2.5900,-0.0054,0.1191,0,4.0769,1,1.0000,0.0000,0.6622,40.9300,1.8503,0.0656,0.0000,0.0000
14002,C5,broken_down,551,2.7550,-0.0059,0.0782,0,3.2667,1,1.0000,0.0000,0.7114,38.1607,1.9345,0.1527,0.0000,0.0000
14003,C5,broken_down,510,2.5500,-0.0025,0.0998,0,3.5000,1,1.0000,0.0000,0.6863,36.4286,1.9915,0.0561,0.0000,0.0000
14004,C5,adaptive,538,2.6900,-0.0038,0.1230,0,6.2222,1,1.0000,0.0000,0.6450,31.2651,1.8659,-0.0255,0.0000,0.0000
14005,C5,stressed,499,2.4950,-0.0041,0.1159,0,3.6923,1,1.0000,0.0000,0.6954,37.9452,1.8324,0.0771,0.0000,0.0000
14006,C5,stressed,523,2.6150,-0.0063,0.1135,0,3.8571,1,1.0000,0.0000,0.7017,37.4768,1.8316,0.0468,0.0000,0.0000
14007,C5,stressed,548,2.7400,-0.0058,0.1117,0,3.8571,1,0.9872,0.0152,0.7099,36.1594,1.7405,0.0168,0.0000,0.0000
14008,C5,adaptive,533,2.6650,-0.0025,0.1010,0,2.9412,1,1.0000,0.0000,0.6492,35.0665,1.7395,-0.0505,0.0000,0.0000
14009,C5,adaptive,509,2.5450,-0.0051,0.1136,0,4.3636,1,1.0000,0.0000,0.6876,37.5229,2.0794,-0.0102,0.0000,0.0000
14010,C5,adaptive,528,2.6400,-0.0062,0.1460,0,5.3636,1,1.0000,0.0000,0.6515,36.6831,1.8004,0.0792,0.0000,0.0000
14011,C5,broken_down,531,2.6550,-0.0029,0.1205,0,5.6000,1,1.0000,0.0000,0.6780,39.6667,2.0134,-0.0006,0.0000,0.0000
14012,C5,adaptive,531,2.6550,-0.0056,0.1243,0,3.5000,1,1.0000,0.0000,0.6648,40.5779,1.7779,0.0043,0.0000,0.0000
14013,C5,broken_down,541,2.7050,-0.0043,0.0978,0,3.1176,1,0.9872,0.0152,0.6784,41.2643,1.7795,0.0243,0.0000,0.0000
14014,C5,adaptive,543,2.7150,-0.0040,0.0960,0,4.4545,1,1.0000,0.0000,0.6869,37.8606,2.1284,-0.0600,0.0000,0.0000
14015,C5,stressed,515,2.5750,-0.0035,0.1046,0,4.7273,1,1.0000,0.0000,0.6718,37.1012,2.1840,-0.0292,0.0000,0.0000
14016,C5,broken_down,530,2.6500,-0.0027,0.0981,0,3.0588,1,1.0000,0.0000,0.7189,36.3438,1.9728,0.0068,0.0000,0.0000
14017,C5,broken_down,552,2.7600,-0.0041,0.1098,0,3.7143,1,0.9872,0.0152,0.7210,35.8090,1.9370,0.0463,0.0000,0.0000
14018,C5,stressed,527,2.6350,-0.0007,0.1279,0,7.1429,1,1.0000,0.0000,0.7135,35.2606,1.8590,-0.0102,0.0000,0.0000
14019,C5,broken_down,546,2.7300,-0.0033,0.0823,0,2.5000,1,1.0000,0.0000,0.6795,36.9245,1.6455,0.0152,0.0000,0.0000
14020,C5,stressed,507,2.5350,-0.0013,0.1168,0,3.7143,1,1.0000,0.0000,0.6963,36.4561,1.9573,0.0138,0.0000,0.0000
14021,C5,stressed,523,2.6150,-0.0043,0.1100,0,3.8000,1,1.0000,0.0000,0.6444,38.8457,1.9810,0.0976,0.0000,0.0000
14022,C5,stressed,549,2.7450,-0.0063,0.0880,0,2.8824,1,1.0000,0.0000,0.7268,37.2957,1.7403,0.0831,0.0000,0.0000
14023,C5,broken_down,520,2.6000,-0.0029,0.1059,0,4.1667,1,0.9872,0.0152,0.6423,36.1048,1.8791,-0.0817,0.0000,0.0000
14024,C5,broken_down,528,2.6400,-0.0073,0.1098,0,4.3636,1,1.0000,0.0000,0.7045,36.3118,1.9248,0.1663,0.0000,0.0000
14025,C5,broken_down,515,2.5750,-0.0052,0.0869,0,2.7368,1,1.0000,0.0000,0.6971,41.0306,2.0668,0.0695,0.0000,0.0000
14026,C5,stressed,537,2.6850,-0.0064,0.1387,0,5.0000,1,1.0000,0.0000,0.6667,37.8324,1.7298,0.1752,0.0000,0.0000
14027,C5,adaptive,489,2.4450,-0.0032,0.1258,0,4.0769,1,1.0000,0.0000,0.6319,39.7184,1.6616,0.0113,0.0000,0.0000
14028,C5,adaptive,526,2.6300,-0.0025,0.1217,0,4.4167,1,1.0000,0.0000,0.6236,37.4878,1.8383,-0.0503,0.0000,0.0000
14029,C5,adaptive,539,2.6950,-0.0057,0.1370,0,4.9091,1,1.0000,0.0000,0.6605,34.8371,2.0857,0.0508,0.0000,0.0000
14030,C5,adaptive,515,2.5750,-0.0062,0.1120,0,5.4444,1,1.0000,0.0000,0.7087,35.3342,1.6374,0.0269,0.0000,0.0000
14031,C5,adaptive,541,2.7050,-0.0038,0.0992,0,3.6429,1,1.0000,0.0000,0.6728,40.5934,1.2752,-0.0148,0.0000,0.0000
14032,C5,stressed,529,2.6450,-0.0052,0.1117,0,3.8462,1,1.0000,0.0000,0.6522,38.0435,1.8176,0.0366,0.0000,0.0000
14033,C5,broken_down,526,2.6300,-0.0043,0.1357,0,4.7500,1,1.0000,0.0000,0.7205,36.0000,2.0169,0.0582,0.0000,0.0000
14034,C5,adaptive,520,2.6000,-0.0035,0.1021,0,5.0000,1,1.0000,0.0000,0.6885,37.4162,1.8130,-0.0024,0.0000,0.0000
14035,C5,stressed,531,2.6550,-0.0055,0.0979,0,3.0000,1,1.0000,0.0000,0.7081,37.6277,1.6174,0.0233,0.0000,0.0000
14036,C5,stressed,504,2.5200,-0.0034,0.1453,0,4.6154,1,1.0000,0.0000,0.6845,40.5739,1.6882,0.0272,0.0000,0.0000
14037,C5,stressed,538,2.6900,-0.0039,0.1121,0,3.7143,1,0.9872,0.0152,0.6914,31.9597,1.9941,0.1120,0.0000,0.0000
14038,C5,stressed,535,2.6750,-0.0038,0.1185,0,5.0000,1,1.0000,0.0000,0.7009,34.3093,1.7374,0.1252,0.0000,0.0000
14039,C5,stressed,509,2.5450,-0.0030,0.1121,0,3.0000,1,1.0000,0.0000,0.6778,37.9797,1.7098,0.0024,0.0000,0.0000
14040,C5,broken_down,506,2.5300,-0.0023,0.1298,0,5.7778,1,1.0000,0.0000,0.6838,44.2370,1.6162,0.0503,0.0000,0.0000
14041,C5,adaptive,534,2.6700,-0.0043,0.1141,0,3.3125,1,1.0000,0.0000,0.7041,37.4654,1.8445,0.1100,0.0000,0.0000
14042,C5,stressed,519,2.5950,-0.0042,0.1020,0,3.2667,1,1.0000,0.0000,0.6763,38.8433,1.6246,-0.0327,0.0000,0.0000
14043,C5,adaptive,524,2.6200,-0.0052,0.1309,0,4.0714,1,1.0000,0.0000,0.6527,35.7807,1.5271,-0.0054,0.0000,0.0000
14044,C5,broken_down,526,2.6300,-0.0031,0.1202,0,4.9167,1,1.0000,0.0000,0.6939,41.3918,1.5257,0.0794,0.0000,0.0000
14045,C5,broken_down,531,2.6550,-0.0071,0.0837,0,3.5385,1,1.0000,0.0000,0.6761,37.6797,1.9299,0.0009,0.0000,0.0000
14046,C5,broken_down,529,2.6450,-0.0060,0.0893,0,2.4500,1,0.9872,0.0152,0.7183,35.8895,1.7436,-0.1025,0.0000,0.0000
14047,C5,adaptive,514,2.5700,-0.0043,0.1236,0,3.9231,1,1.0000,0.0000,0.6459,39.0000,1.9339,0.1135,0.0000,0.0000
14048,C5,adaptive,530,2.6500,-0.0031,0.1187,0,4.0000,1,0.9872,0.0152,0.7208,37.1126,2.0836,0.0884,0.0000,0.0000
14049,C5,stressed,553,2.7650,-0.0051,0.1177,0,3.4667,1,1.0000,0.0000,0.7071,33.8670,2.0057,0.0724,0.0000,0.0000
14050,C5,broken_down,498,2.4900,0.0005,0.0955,0,3.2857,1,1.0000,0.0000,0.7229,38.9389,1.9216,0.0260,0.0000,0.0000
14051,C5,adaptive,529,2.6450,-0.0054,0.1108,0,4.5000,1,1.0000,0.0000,0.7240,35.2272,1.9551,-0.0277,0.0000,0.0000
14052,C5,broken_down,510,2.5500,-0.0030,0.1376,0,5.4000,1,1.0000,0.0000,0.6745,39.5116,2.1997,0.0456,0.0000,0.0000
14053,C5,adaptive,557,2.7850,-0.0043,0.1077,0,5.4000,1,1.0000,0.0000,0.7145,34.4121,2.1105,0.0294,0.0000,0.0000
14054,C5,broken_down,537,2.6850,-0.0070,0.1146,0,4.7273,1,1.0000,0.0000,0.6760,33.9807,2.1685,-0.0314,0.0000,0.0000
14055,C5,stressed,544,2.7200,-0.0033,0.0823,0,3.5333,1,0.9872,0.0152,0.7022,33.4241,2.0116,-0.0473,0.0000,0.0000
14056,C5,adaptive,531,2.6550,-0.0049,0.0901,0,2.5789,1,1.0000,0.0000,0.6648,38.3229,1.5786,0.0926,0.0000,0.0000
14057,C5,adaptive,561,2.8050,-0.0023,0.1006,0,3.1176,1,1.0000,0.0000,0.6916,35.7526,2.1764,-0.0320,0.0000,0.0000
14058,C5,broken_down,528,2.6400,-0.0062,0.1029,0,4.4545,1,1.0000,0.0000,0.6951,37.6649,2.1261,-0.0770,0.0000,0.0000
14059,C5,broken_down,541,2.7050,-0.0065,0.1069,0,4.3846,1,1.0000,0.0000,0.6969,33.1406,1.7931,0.1445,0.0000,0.0000
14060,C5,stressed,550,2.7500,-0.0033,0.0917,0,3.7857,1,1.0000,0.0000,0.6782,33.1448,1.7128,0.0054,0.0000,0.0000
14061,C5,adaptive,559,2.7950,-0.0058,0.1076,0,5.3000,1,1.0000,0.0000,0.7084,37.5227,1.9390,-0.0156,0.0000,0.0000
14062,C5,stressed,549,2.7450,-0.0060,0.1155,0,5.1000,1,1.0000,0.0000,0.6903,35.2902,1.9234,0.1036,0.0000,0.0000
14063,C5,broken_down,525,2.6250,-0.0029,0.1146,0,3.8462,1,1.0000,0.0000,0.7333,36.8883,1.9241,0.0091,0.0000,0.0000
14064,C5,broken_down,536,2.6800,-0.0023,0.1168,0,2.6500,1,1.0000,0.0000,0.6828,38.8989,2.0847,-0.0454,0.0000,0.0000
14065,C5,adaptive,522,2.6100,-0.0076,0.1285,0,3.6667,1,0.9872,0.0152,0.6935,40.9503,1.7474,0.0619,0.0000,0.0000
14066,C5,adaptive,532,2.6600,-0.0021,0.0977,0,2.8889,1,1.0000,0.0000,0.6711,35.4510,1.9816,0.0926,0.0000,0.0000
14067,C5,broken_down,546,2.7300,-0.0057,0.1271,0,6.7500,1,1.0000,0.0000,0.6886,36.8059,1.7610,0.1163,0.0000,0.0000
14068,C5,adaptive,545,2.7250,-0.0057,0.1104,0,5.2000,1,0.9872,0.0152,0.7101,36.4238,1.7720,-0.0419,0.0000,0.0000
14069,C5,adaptive,540,2.7000,-0.0027,0.1222,0,3.7333,1,1.0000,0.0000,0.7389,41.1704,1.9715,0.0829,0.0000,0.0000
14070,C5,adaptive,549,2.7450,-0.0073,0.1211,0,5.4000,1,1.0000,0.0000,0.7086,35.5553,1.8747,0.0679,0.0000,0.0000
14071,C5,broken_down,528,2.6400,-0.0034,0.1113,0,5.8889,1,1.0000,0.0000,0.6856,33.8066,2.1731,-0.0110,0.0000,0.0000
14072,C5,broken_down,530,2.6500,-0.0067,0.1350,0,3.8667,1,1.0000,0.0000,0.6717,38.1433,2.0317,-0.0187,0.0000,0.0000
14073,C5,adaptive,498,2.4900,-0.0020,0.1205,0,5.6667,1,1.0000,0.0000,0.6325,35.0794,1.7360,-0.1046,0.0000,0.0000
14074,C5,stressed,530,2.6500,-0.0038,0.1135,0,6.7500,1,1.0000,0.0000,0.6547,36.2248,1.7439,0.1330,0.0000,0.0000
14075,C5,stressed,532,2.6600,-0.0073,0.1157,0,3.7692,1,0.9872,0.0152,0.7162,40.5302,1.8015,0.1258,0.0000,0.0000
14076,C5,broken_down,541,2.7050,-0.0040,0.1155,0,4.2500,1,1.0000,0.0000,0.7061,37.7618,2.0300,0.0703,0.0000,0.0000
14077,C5,adaptive,531,2.6550,-0.0051,0.1159,0,3.4667,1,0.9744,0.0303,0.6516,34.3382,1.6297,0.0847,0.0000,0.0000
14078,C5,broken_down,518,2.5900,-0.0058,0.1221,0,4.0000,1,1.0000,0.0000,0.6757,40.7457,1.5671,0.2325,0.0000,0.0000
14079,C5,adaptive,503,2.5150,-0.0077,0.1098,0,5.2000,1,1.0000,0.0000,0.6660,43.2388,2.1414,-0.0316,0.0000,0.0000
14080,C5,broken_down,557,2.7850,-0.0063,0.0934,0,3.1176,1,1.0000,0.0000,0.6984,36.0463,1.8249,0.0815,0.0000,0.0000
14081,C5,adaptive,562,2.8100,-0.0039,0.1259,0,4.1429,1,1.0000,0.0000,0.7011,37.5051,1.6801,0.1120,0.0000,0.0000
14082,C5,broken_down,489,2.4450,-0.0048,0.1155,0,5.2222,1,1.0000,0.0000,0.7014,45.7755,1.7359,0.0383,0.0000,0.0000
14083,C5,broken_down,531,2.6550,-0.0059,0.1115,0,3.5333,1,1.0000,0.0000,0.7269,34.5311,1.9040,0.0293,0.0000,0.0000
14084,C5,broken_down,490,2.4500,-0.0016,0.1143,0,4.5000,1,0.9872,0.0152,0.6612,37.2963,1.9608,0.0227,0.0000,0.0000
14085,C5,broken_down,504,2.5200,-0.0069,0.0946,0,2.4737,1,1.0000,0.0000,0.7044,39.6310,1.6979,0.1037,0.0000,0.0000
14086,C5,stressed,529,2.6450,-0.0058,0.1125,0,3.1176,1,1.0000,0.0000,0.7202,35.0394,2.0207,-0.0021,0.0000,0.0000
14087,C5,stressed,531,2.6550,-0.0055,0.1014,0,3.7692,1,1.0000,0.0000,0.6930,35.0326,1.5665,0.1402,0.0000,0.0000
14088,C5,adaptive,528,2.6400,-0.0061,0.1209,0,4.4167,1,1.0000,0.0000,0.6932,37.1995,2.1122,0.0614,0.0000,0.0000
14089,C5,stressed,499,2.4950,-0.0060,0.1205,0,6.7143,1,1.0000,0.0000,0.6633,34.2991,1.8415,0.0353,0.0000,0.0000
14090,C5,adaptive,548,2.7400,-0.0047,0.1056,0,3.7333,1,1.0000,0.0000,0.7099,35.7224,2.1920,0.0028,0.0000,0.0000
14091,C5,stressed,553,2.7650,-0.0043,0.0993,0,3.6000,1,1.0000,0.0000,0.6745,32.6193,1.8195,-0.0463,0.0000,0.0000
14092,C5,stressed,503,2.5150,-0.0063,0.1184,0,4.2500,1,1.0000,0.0000,0.6879,36.5983,1.7096,0.0431,0.0000,0.0000
14093,C5,stressed,582,2.9100,-0.0060,0.0888,0,3.2353,1,1.0000,0.0000,0.7251,38.9455,1.9662,0.0784,0.0000,0.0000
14094,C5,broken_down,540,2.7000,-0.0045,0.1191,0,4.7500,1,1.0000,0.0000,0.7278,35.3384,1.9845,-0.0333,0.0000,0.0000
14095,C5,stressed,514,2.5700,-0.0052,0.1197,0,5.5000,1,1.0000,0.0000,0.6673,39.8455,1.9249,-0.0127,0.0000,0.0000
14096,C5,stable,564,2.8200,-0.0039,0.0919,0,5.6667,1,1.0000,0.0000,0.6844,36.9741,1.8467,-0.0219,0.0000,0.0000
14097,C5,adaptive,568,2.8400,-0.0001,0.0986,0,5.3000,1,1.0000,0.0000,0.6778,37.0545,1.8531,0.0050,0.0000,0.0000
14098,C5,adaptive,504,2.5200,-0.0008,0.1371,0,4.2308,1,1.0000,0.0000,0.6409,41.4551,1.7888,-0.0112,0.0000,0.0000
14099,C5,stressed,518,2.5900,-0.0065,0.1449,0,5.6000,1,1.0000,0.0000,0.6950,39.3361,1.5081,0.1268,0.0000,0.0000
14100,C5,stressed,527,2.6350,-0.0078,0.1430,0,3.8667,1,1.0000,0.0000,0.6376,39.2708,2.1661,-0.0026,0.0000,0.0000
14101,C5,adaptive,522,2.6100,-0.0035,0.1152,0,3.7333,1,1.0000,0.0000,0.6820,36.6461,1.6996,0.0648,0.0000,0.0000
14102,C5,stressed,501,2.5050,-0.0059,0.0967,0,2.9375,1,1.0000,0.0000,0.6866,37.8779,1.5660,0.0673,0.0000,0.0000
14103,C5,stressed,531,2.6550,-0.0031,0.1199,0,2.8333,1,0.9872,0.0152,0.7024,40.2011,1.6617,-0.0322,0.0000,0.0000
14104,C5,adaptive,532,2.6600,-0.0056,0.0963,0,2.5500,1,1.0000,0.0000,0.7030,34.8182,1.8640,0.0144,0.0000,0.0000
14105,C5,adaptive,530,2.6500,-0.0039,0.0880,0,2.7222,1,1.0000,0.0000,0.7113,33.7188,1.9598,0.0152,0.0000,0.0000
14106,C5,stressed,526,2.6300,-0.0071,0.1243,0,3.4667,1,0.9744,0.0303,0.6578,33.2110,2.0455,0.0119,0.0000,0.0000
14107,C5,broken_down,512,2.5600,-0.0040,0.1379,0,6.1111,1,1.0000,0.0000,0.6680,41.5936,1.7955,0.0058,0.0000,0.0000
14108,C5,stressed,517,2.5850,-0.0026,0.1533,0,3.2778,1,1.0000,0.0000,0.6712,34.7406,1.6160,0.0213,0.0000,0.0000
14109,C5,adaptive,526,2.6300,-0.0045,0.1214,0,2.8947,1,1.0000,0.0000,0.6616,42.0776,2.0349,0.0168,0.0000,0.0000
14110,C5,stressed,531,2.6550,-0.0068,0.1327,0,4.3077,1,1.0000,0.0000,0.6987,36.8491,1.6291,0.1205,0.0000,0.0000
14111,C5,adaptive,502,2.5100,-0.0048,0.1293,0,4.5455,1,1.0000,0.0000,0.6574,41.9091,1.5972,0.2038,0.0000,0.0000
14112,C5,broken_down,508,2.5400,-0.0070,0.1124,0,5.6667,1,1.0000,0.0000,0.6909,39.1880,2.1601,0.0564,0.0000,0.0000
14113,C5,broken_down,508,2.5400,-0.0013,0.1190,0,4.2308,1,1.0000,0.0000,0.7106,40.2798,1.7213,-0.0827,0.0000,0.0000
14114,C5,adaptive,544,2.7200,-0.0068,0.0953,0,3.5714,1,1.0000,0.0000,0.6526,39.5972,1.6655,0.2079,0.0000,0.0000
14115,C5,broken_down,511,2.5550,-0.0052,0.1304,0,4.0000,1,1.0000,0.0000,0.6732,42.5116,1.6290,-0.1087,0.0000,0.0000
14116,C5,broken_down,517,2.5850,-0.0040,0.0925,0,2.8889,1,1.0000,0.0000,0.6847,37.7203,2.0772,0.0051,0.0000,0.0000
14117,C5,stressed,561,2.8050,-0.0051,0.1215,0,3.6667,1,1.0000,0.0000,0.6916,39.6314,1.9502,0.0431,0.0000,0.0000
14118,C5,broken_down,514,2.5700,-0.0049,0.1087,0,4.0000,1,1.0000,0.0000,0.6693,37.1599,1.8400,0.0509,0.0000,0.0000
14119,C5,adaptive,517,2.5850,-0.0034,0.1559,0,7.3750,1,0.9872,0.0152,0.6983,39.0388,1.7923,0.0408,0.0000,0.0000
14120,C5,broken_down,544,2.7200,-0.0065,0.1162,0,3.0000,1,1.0000,0.0000,0.7132,35.6572,1.7648,0.0102,0.0000,0.0000
14121,C5,stressed,512,2.5600,-0.0034,0.1106,0,4.2500,1,1.0000,0.0000,0.6230,36.8903,2.1933,0.0386,0.0000,0.0000
14122,C5,stressed,521,2.6050,-0.0041,0.0989,0,4.2500,1,1.0000,0.0000,0.6411,37.0898,1.9023,0.1878,0.0000,0.0000
14123,C5,stressed,544,2.7200,-0.0060,0.0970,0,2.7222,1,1.0000,0.0000,0.6710,36.2000,1.7950,0.0922,0.0000,0.0000
14124,C5,broken_down,482,2.4100,-0.0055,0.1309,0,4.9000,1,1.0000,0.0000,0.6701,39.4985,1.8000,0.0970,0.0000,0.0000
14125,C5,stressed,540,2.7000,-0.0063,0.1157,0,3.6000,1,1.0000,0.0000,0.7093,41.7493,2.0521,0.0301,0.0000,0.0000
14126,C5,stressed,516,2.5800,-0.0005,0.0877,0,4.0000,1,1.0000,0.0000,0.6802,39.8860,1.9025,0.1229,0.0000,0.0000
14127,C5,adaptive,502,2.5100,-0.0060,0.1201,0,4.9091,1,1.0000,0.0000,0.6873,43.2841,1.9128,0.1145,0.0000,0.0000
14128,C5,stressed,564,2.8200,-0.0035,0.1097,0,4.3077,1,1.0000,0.0000,0.6879,37.8351,2.1327,0.0926,0.0000,0.0000
14129,C5,broken_down,538,2.6900,-0.0069,0.1101,0,5.3000,1,1.0000,0.0000,0.6840,41.2582,1.8228,0.0357,0.0000,0.0000
14130,C5,adaptive,551,2.7550,-0.0049,0.1340,0,3.5882,1,1.0000,0.0000,0.6897,38.1711,1.7145,0.0084,0.0000,0.0000
14131,C5,adaptive,519,2.5950,-0.0046,0.1118,0,4.9091,1,1.0000,0.0000,0.6609,41.2770,1.5875,0.0859,0.0000,0.0000
14132,C5,stressed,551,2.7550,-0.0056,0.1148,0,5.8000,1,1.0000,0.0000,0.7278,34.2294,1.5945,0.1401,0.0000,0.0000
14133,C5,adaptive,522,2.6100,-0.0014,0.1205,0,5.0000,1,1.0000,0.0000,0.6897,34.5583,2.1714,-0.0849,0.0000,0.0000
14134,C5,adaptive,504,2.5200,-0.0045,0.1404,0,3.9286,1,1.0000,0.0000,0.6627,40.3653,1.8067,0.0383,0.0000,0.0000
14135,C5,adaptive,532,2.6600,-0.0042,0.1284,0,3.6667,1,1.0000,0.0000,0.6898,38.7411,1.8896,0.0709,0.0000,0.0000
14136,C5,broken_down,530,2.6500,-0.0053,0.1324,0,6.1000,1,1.0000,0.0000,0.6679,42.2232,1.7685,0.0384,0.0000,0.0000
14137,C5,adaptive,522,2.6100,-0.0032,0.1152,0,2.5500,1,1.0000,0.0000,0.6782,38.3164,2.0729,0.0064,0.0000,0.0000
14138,C5,stressed,579,2.8950,-0.0054,0.1071,0,3.0556,1,0.9872,0.0152,0.6943,33.8881,2.1148,0.0749,0.0000,0.0000
14139,C5,adaptive,536,2.6800,-0.0032,0.1068,0,3.1875,1,1.0000,0.0000,0.7257,40.7635,1.7180,0.1274,0.0000,0.0000
14140,C5,adaptive,525,2.6250,-0.0063,0.1175,0,3.0556,1,1.0000,0.0000,0.7124,38.9706,2.0840,0.1310,0.0000,0.0000
14141,C5,stressed,513,2.5650,-0.0059,0.1116,0,2.8333,1,0.9872,0.0152,0.6979,36.0279,1.6113,0.0654,0.0000,0.0000
14142,C5,stressed,517,2.5850,-0.0058,0.0911,0,2.8235,1,1.0000,0.0000,0.6654,34.4186,1.7812,0.1449,0.0000,0.0000
14143,C5,stressed,537,2.6850,-0.0084,0.1212,0,4.5000,1,1.0000,0.0000,0.6760,35.9642,1.8971,0.1596,0.0000,0.0000
14144,C5,adaptive,518,2.5900,-0.0041,0.1268,0,3.0588,1,1.0000,0.0000,0.6892,36.9664,1.9757,-0.0164,0.0000,0.0000
14145,C5,adaptive,529,2.6450,-0.0050,0.0692,0,2.8235,1,1.0000,0.0000,0.6597,36.6963,1.8296,-0.1065,0.0000,0.0000
14146,C5,stressed,515,2.5750,-0.0046,0.1216,0,8.3333,1,0.9744,0.0303,0.6777,35.3868,1.8726,0.0492,0.0000,0.0000
14147,C5,adaptive,518,2.5900,-0.0039,0.1025,0,3.4000,1,1.0000,0.0000,0.6255,37.0432,1.7321,0.0589,0.0000,0.0000
14148,C5,stressed,517,2.5850,-0.0072,0.1149,0,3.6429,1,0.9872,0.0152,0.6634,37.4461,1.8488,0.0215,0.0000,0.0000
14149,C5,stressed,518,2.5900,-0.0041,0.1173,0,4.6364,1,0.9872,0.0152,0.6815,36.2380,2.1505,0.0656,0.0000,0.0000
14150,C5,adaptive,547,2.7350,-0.0048,0.0976,0,3.7143,1,1.0000,0.0000,0.6874,37.2633,2.0705,-0.0245,0.0000,0.0000
14151,C5,broken_down,552,2.7600,-0.0056,0.1321,0,3.2941,1,1.0000,0.0000,0.6957,36.5964,1.6643,0.2197,0.0000,0.0000
14152,C5,adaptive,543,2.7150,-0.0038,0.1247,0,4.3077,1,1.0000,0.0000,0.6998,37.1316,1.8029,-0.0389,0.0000,0.0000
14153,C5,stressed,527,2.6350,-0.0037,0.0905,0,5.3333,1,1.0000,0.0000,0.6850,37.3795,1.7201,0.0046,0.0000,0.0000
14154,C5,adaptive,551,2.7550,-0.0047,0.1131,0,2.7500,1,0.9872,0.0152,0.7151,38.6980,1.8262,0.1695,0.0000,0.0000
14155,C5,stressed,515,2.5750,-0.0055,0.1186,0,3.4667,1,1.0000,0.0000,0.7456,38.5234,1.9735,-0.0147,0.0000,0.0000
14156,C5,broken_down,536,2.6800,-0.0044,0.0990,0,3.0000,1,1.0000,0.0000,0.7146,40.4125,1.8902,0.0492,0.0000,0.0000
14157,C5,adaptive,504,2.5200,-0.0057,0.1047,0,5.2222,1,1.0000,0.0000,0.6706,40.1391,1.7918,0.0997,0.0000,0.0000
14158,C5,adaptive,511,2.5550,-0.0057,0.0924,0,2.8889,1,1.0000,0.0000,0.6928,38.8927,1.7201,0.0317,0.0000,0.0000
14159,C5,broken_down,505,2.5250,-0.0035,0.1200,0,6.5000,1,1.0000,0.0000,0.6614,43.8413,1.5545,0.0466,0.0000,0.0000
14160,C5,adaptive,547,2.7350,-0.0035,0.1201,0,2.9444,1,1.0000,0.0000,0.6746,40.2710,1.5409,-0.0058,0.0000,0.0000
14161,C5,adaptive,534,2.6700,-0.0033,0.1101,0,3.2941,1,1.0000,0.0000,0.7004,31.8583,1.9731,0.0733,0.0000,0.0000
14162,C5,adaptive,493,2.4650,-0.0066,0.1211,0,4.4545,1,1.0000,0.0000,0.6592,38.0800,1.7040,0.1647,0.0000,0.0000
14163,C5,adaptive,538,2.6900,-0.0043,0.1287,0,3.5333,1,1.0000,0.0000,0.6840,36.3859,1.8516,0.0896,0.0000,0.0000
14164,C5,stressed,539,2.6950,-0.0044,0.1116,0,3.7143,1,0.9872,0.0152,0.6846,35.3306,1.7434,0.1099,0.0000,0.0000
14165,C5,broken_down,558,2.7900,-0.0054,0.1095,0,4.0769,1,1.0000,0.0000,0.6953,35.0747,2.0660,0.1349,0.0000,0.0000
14166,C5,adaptive,533,2.6650,-0.0042,0.1258,0,3.9286,1,1.0000,0.0000,0.7186,33.9896,1.8793,0.0144,0.0000,0.0000
14167,C5,broken_down,536,2.6800,-0.0025,0.1381,0,6.0000,1,1.0000,0.0000,0.6903,38.9703,2.2613,0.2172,0.0000,0.0000
14168,C5,stressed,506,2.5300,-0.0047,0.1092,0,3.1250,1,1.0000,0.0000,0.6976,38.2380,2.1767,0.0242,0.0000,0.0000
14169,C5,stressed,515,2.5750,-0.0046,0.1105,0,2.5000,1,1.0000,0.0000,0.6621,38.0938,1.9457,-0.0616,0.0000,0.0000
14170,C5,adaptive,558,2.7900,-0.0072,0.1039,0,3.5000,1,1.0000,0.0000,0.7312,30.8039,1.8891,0.0335,0.0000,0.0000
14171,C5,adaptive,493,2.4650,-0.0039,0.1045,0,5.0000,1,1.0000,0.0000,0.6694,41.1394,1.8616,-0.0266,0.0000,0.0000
14172,C5,adaptive,528,2.6400,-0.0038,0.1133,0,3.8462,1,1.0000,0.0000,0.6515,40.3779,1.7822,0.2088,0.0000,0.0000
14173,C5,broken_down,503,2.5150,-0.0032,0.1159,0,5.4444,1,1.0000,0.0000,0.6581,34.9728,1.5456,0.0790,0.0000,0.0000
14174,C5,adaptive,520,2.6000,-0.0046,0.1077,0,4.3636,1,1.0000,0.0000,0.6365,36.4894,1.9673,-0.0230,0.0000,0.0000
14175,C5,broken_down,501,2.5050,-0.0053,0.1044,0,4.5455,1,1.0000,0.0000,0.6647,38.4985,1.8416,0.0178,0.0000,0.0000
14176,C5,adaptive,556,2.7800,-0.0061,0.1251,0,4.0000,1,1.0000,0.0000,0.6763,38.9521,1.6952,0.1044,0.0000,0.0000
14177,C5,stressed,570,2.8500,-0.0089,0.1109,0,4.5385,1,1.0000,0.0000,0.6930,38.9519,1.9079,0.1652,0.0000,0.0000
14178,C5,stressed,533,2.6650,-0.0014,0.1218,0,6.1111,1,1.0000,0.0000,0.7054,41.6489,2.0252,0.0222,0.0000,0.0000
14179,C5,adaptive,522,2.6100,-0.0024,0.1076,0,3.2667,1,1.0000,0.0000,0.6782,36.1638,2.0046,-0.0295,0.0000,0.0000
14180,C5,broken_down,513,2.5650,-0.0051,0.1305,0,3.6923,1,0.9872,0.0152,0.6940,38.3680,1.6326,0.1528,0.0000,0.0000
14181,C5,stressed,534,2.6700,-0.0036,0.1386,0,6.2222,1,1.0000,0.0000,0.6891,38.2663,2.0445,0.0569,0.0000,0.0000
14182,C5,stressed,516,2.5800,-0.0073,0.1163,0,3.5333,1,1.0000,0.0000,0.7306,43.3873,1.8209,0.2283,0.0000,0.0000
14183,C5,stressed,517,2.5850,-0.0038,0.1354,0,5.2000,1,1.0000,0.0000,0.6634,37.9067,2.1039,0.1076,0.0000,0.0000
14184,C5,adaptive,512,2.5600,-0.0027,0.1103,0,3.6429,1,1.0000,0.0000,0.6328,42.1759,1.6801,0.0214,0.0000,0.0000
14185,C5,stressed,553,2.7650,-0.0022,0.1155,0,4.4615,1,1.0000,0.0000,0.7071,38.1841,1.7924,0.0071,0.0000,0.0000
14186,C5,adaptive,496,2.4800,-0.0042,0.1222,0,4.6364,1,1.0000,0.0000,0.6593,37.4067,2.0713,-0.0029,0.0000,0.0000
14187,C5,stressed,567,2.8350,-0.0082,0.1099,0,3.3333,1,1.0000,0.0000,0.7090,37.4403,1.7854,0.0892,0.0000,0.0000
14188,C5,adaptive,503,2.5150,-0.0032,0.1174,0,4.1667,1,1.0000,0.0000,0.6938,40.4097,1.7659,0.0742,0.0000,0.0000
14189,C5,adaptive,543,2.7150,-0.0029,0.1303,0,4.0714,1,1.0000,0.0000,0.7127,40.8088,1.6910,-0.0335,0.0000,0.0000
14190,C5,stressed,517,2.5850,-0.0034,0.1268,0,5.7000,1,0.9872,0.0152,0.6867,41.2113,1.8382,0.0480,0.0000,0.0000
14191,C5,adaptive,534,2.6700,-0.0075,0.1400,0,5.7000,1,1.0000,0.0000,0.7041,36.7420,1.8976,0.1559,0.0000,0.0000
14192,C5,adaptive,526,2.6300,-0.0056,0.1024,0,3.1250,1,0.9872,0.0152,0.6806,40.0782,1.7960,-0.0630,0.0000,0.0000
14193,C5,stressed,546,2.7300,-0.0060,0.1243,0,3.6250,1,1.0000,0.0000,0.7088,36.1499,1.8893,0.0074,0.0000,0.0000
14194,C5,stressed,522,2.6100,-0.0023,0.1258,0,5.6667,1,0.9872,0.0152,0.6341,39.8701,1.6917,0.0236,0.0000,0.0000
14195,C5,adaptive,529,2.6450,-0.0053,0.1096,0,4.2500,1,1.0000,0.0000,0.6881,35.6181,1.7482,0.1578,0.0000,0.0000
14196,C5,adaptive,542,2.7100,0.0002,0.1064,0,7.0000,1,1.0000,0.0000,0.7048,37.3979,2.0506,-0.0682,0.0000,0.0000
14197,C5,broken_down,520,2.6000,-0.0020,0.1488,0,4.3846,1,1.0000,0.0000,0.6885,35.1788,1.4508,0.0435,0.0000,0.0000
14198,C5,stressed,534,2.6700,-0.0057,0.0951,0,3.0588,1,0.9872,0.0152,0.7210,37.6234,1.8434,0.0219,0.0000,0.0000
14199,C5,stressed,535,2.6750,-0.0039,0.1268,0,4.6364,1,1.0000,0.0000,0.6897,33.4336,2.0199,-0.0082,0.0000,0.0000
14200,C5,stressed,528,2.6400,-0.0039,0.1069,0,4.4167,1,0.9872,0.0152,0.6723,38.1831,1.6135,0.0377,0.0000,0.0000
14201,C5,stressed,523,2.6150,-0.0024,0.1080,0,4.7273,1,1.0000,0.0000,0.6405,40.7493,1.9849,-0.0053,0.0000,0.0000
14202,C5,stressed,528,2.6400,-0.0055,0.1238,0,4.0769,1,1.0000,0.0000,0.6837,42.4127,2.0897,0.0119,0.0000,0.0000
14203,C5,stressed,549,2.7450,-0.0057,0.1216,0,5.3636,1,0.9872,0.0152,0.6812,33.8957,2.1987,-0.0092,0.0000,0.0000
14204,C5,adaptive,542,2.7100,-0.0020,0.0888,0,5.4444,1,0.9744,0.0303,0.7085,34.0104,1.5493,0.0880,0.0000,0.0000
14205,C5,stressed,517,2.5850,-0.0048,0.1476,0,4.5385,1,1.0000,0.0000,0.6963,40.2500,1.9651,0.0497,0.0000,0.0000
14206,C5,stressed,546,2.7300,-0.0062,0.0910,0,3.7857,1,0.9872,0.0152,0.7198,38.8041,1.7603,0.1687,0.0000,0.0000
14207,C5,stressed,535,2.6750,-0.0055,0.1081,0,3.4000,1,1.0000,0.0000,0.6785,37.3388,1.8096,-0.0661,0.0000,0.0000
14208,C5,broken_down,532,2.6600,-0.0012,0.1452,0,7.4286,1,0.9872,0.0152,0.6259,39.7477,2.0051,-0.1257,0.0000,0.0000
14209,C5,adaptive,583,2.9150,-0.0021,0.1143,0,3.4706,1,1.0000,0.0000,0.7015,33.8778,2.1399,0.0090,0.0000,0.0000
14210,C5,adaptive,527,2.6350,-0.0050,0.1042,0,3.1875,1,1.0000,0.0000,0.7078,39.3029,1.6024,0.0287,0.0000,0.0000
14211,C5,stable,530,2.6500,-0.0068,0.1025,0,2.4762,1,1.0000,0.0000,0.7075,35.7787,1.8944,0.2067,0.0000,0.0000
14212,C5,stressed,519,2.5950,-0.0056,0.1103,0,3.9231,1,1.0000,0.0000,0.6763,37.1425,1.6002,0.1074,0.0000,0.0000
14213,C5,adaptive,525,2.6250,-0.0054,0.1149,0,7.1429,1,1.0000,0.0000,0.6686,41.9402,2.0749,0.0445,0.0000,0.0000
14214,C5,stressed,537,2.6850,-0.0057,0.1049,0,3.5000,1,1.0000,0.0000,0.6890,34.1108,1.8691,0.0154,0.0000,0.0000
14215,C5,adaptive,498,2.4900,-0.0056,0.1158,0,3.4667,1,0.9872,0.0152,0.7028,37.7429,1.6295,0.1046,0.0000,0.0000
14216,C5,broken_down,540,2.7000,-0.0031,0.1376,0,6.1111,1,1.0000,0.0000,0.6741,34.1621,1.6534,0.0641,0.0000,0.0000
14217,C5,adaptive,556,2.7800,-0.0049,0.1179,0,6.0000,1,1.0000,0.0000,0.6924,33.7662,1.7863,-0.0061,0.0000,0.0000
14218,C5,adaptive,518,2.5900,-0.0049,0.1176,0,3.8000,1,1.0000,0.0000,0.6583,35.8387,1.6449,0.1620,0.0000,0.0000
14219,C5,adaptive,524,2.6200,-0.0028,0.1248,0,2.6842,1,1.0000,0.0000,0.6527,38.8216,2.0680,-0.0077,0.0000,0.0000
14220,C5,broken_down,522,2.6100,-0.0026,0.1049,0,2.9412,1,1.0000,0.0000,0.6973,41.4176,1.4579,0.1074,0.0000,0.0000
14221,C5,broken_down,531,2.6550,-0.0049,0.0843,0,2.6000,1,0.9744,0.0303,0.7100,39.5172,1.6939,0.0332,0.0000,0.0000
14222,C5,adaptive,552,2.7600,0.0003,0.1201,0,5.8889,1,1.0000,0.0000,0.6920,37.5209,2.1355,-0.0331,0.0000,0.0000
14223,C5,stressed,551,2.7550,-0.0048,0.1156,0,4.1538,1,1.0000,0.0000,0.7005,39.1114,1.7092,0.1210,0.0000,0.0000
14224,C5,broken_down,534,2.6700,-0.0051,0.0847,0,3.1875,1,1.0000,0.0000,0.6798,38.1350,1.4346,0.1585,0.0000,0.0000
14225,C5,stressed,557,2.7850,-0.0068,0.0917,0,2.7368,1,1.0000,0.0000,0.7181,36.9550,2.0678,-0.0457,0.0000,0.0000
14226,C5,stressed,526,2.6300,-0.0071,0.1328,0,5.0909,1,1.0000,0.0000,0.6179,37.9969,1.6239,0.1611,0.0000,0.0000
14227,C5,stressed,518,2.5900,-0.0037,0.1111,0,4.6364,1,1.0000,0.0000,0.7066,36.1257,2.0221,-0.0057,0.0000,0.0000
14228,C5,adaptive,548,2.7400,-0.0074,0.1148,0,5.6667,1,1.0000,0.0000,0.6953,34.1680,2.3356,0.1696,0.0000,0.0000
14229,C5,adaptive,542,2.7100,-0.0031,0.1212,0,3.7857,1,1.0000,0.0000,0.6587,40.1317,1.9531,-0.0041,0.0000,0.0000
14230,C5,adaptive,553,2.7650,-0.0065,0.0938,0,2.9412,1,1.0000,0.0000,0.6817,40.9576,1.6743,0.1794,0.0000,0.0000
14231,C5,broken_down,518,2.5900,-0.0086,0.1218,0,3.4667,1,1.0000,0.0000,0.6429,39.7027,1.7113,0.1501,0.0000,0.0000
14232,C5,adaptive,489,2.4450,-0.0067,0.1419,0,6.2500,1,1.0000,0.0000,0.6401,35.6390,1.8125,0.0859,0.0000,0.0000
14233,C5,adaptive,540,2.7000,-0.0027,0.1419,0,4.0714,1,1.0000,0.0000,0.6796,34.6104,1.6535,0.0763,0.0000,0.0000
14234,C5,adaptive,545,2.7250,-0.0056,0.0963,0,3.9231,1,1.0000,0.0000,0.6569,37.6453,1.8400,0.0135,0.0000,0.0000
14235,C5,adaptive,513,2.5650,-0.0056,0.1008,0,3.5000,1,1.0000,0.0000,0.6569,38.4006,1.6323,0.0299,0.0000,0.0000
14236,C5,adaptive,571,2.8550,-0.0058,0.1183,0,3.5625,1,1.0000,0.0000,0.7356,38.0714,1.8668,0.1523,0.0000,0.0000
14237,C5,adaptive,508,2.5400,-0.0053,0.1308,0,3.5000,1,0.9872,0.0152,0.7067,37.8050,1.9492,-0.0022,0.0000,0.0000
14238,C5,stressed,517,2.5850,-0.0060,0.0997,0,3.3571,1,0.9872,0.0152,0.6538,34.0296,1.5183,-0.0037,0.0000,0.0000
14239,C5,broken_down,524,2.6200,-0.0029,0.0881,0,2.8235,1,1.0000,0.0000,0.6947,38.8434,1.7359,0.1032,0.0000,0.0000
14240,C5,adaptive,515,2.5750,-0.0038,0.1111,0,4.4545,1,1.0000,0.0000,0.6913,41.3230,2.1470,-0.0018,0.0000,0.0000
14241,C5,broken_down,502,2.5100,-0.0050,0.1327,0,6.2500,1,1.0000,0.0000,0.6733,37.2130,1.8059,0.0443,0.0000,0.0000
14242,C5,adaptive,571,2.8550,-0.0062,0.0973,0,3.3529,1,1.0000,0.0000,0.7180,33.5610,2.1523,0.1223,0.0000,0.0000
14243,C5,stressed,543,2.7150,-0.0025,0.0898,0,3.3333,1,0.9872,0.0152,0.7127,36.8630,2.3445,0.1346,0.0000,0.0000
14244,C5,adaptive,508,2.5400,-0.0043,0.1375,0,4.5833,1,1.0000,0.0000,0.7028,35.3978,1.9988,0.0065,0.0000,0.0000
14245,C5,broken_down,531,2.6550,-0.0010,0.1156,0,3.5714,1,1.0000,0.0000,0.6742,39.7151,1.9704,-0.0517,0.0000,0.0000
14246,C5,broken_down,520,2.6000,-0.0042,0.0896,0,3.0625,1,1.0000,0.0000,0.7365,34.8721,1.6788,0.1185,0.0000,0.0000
14247,C5,broken_down,505,2.5250,-0.0035,0.1191,0,4.4545,1,1.0000,0.0000,0.6911,39.2779,1.7849,-0.0112,0.0000,0.0000
14248,C5,adaptive,501,2.5050,-0.0021,0.1413,0,8.5000,1,1.0000,0.0000,0.6008,41.8704,1.7596,-0.0745,0.0000,0.0000
14249,C5,broken_down,522,2.6100,-0.0054,0.1046,0,3.0625,1,0.9872,0.0152,0.6762,38.3003,1.8519,0.0356,0.0000,0.0000
14250,C5,broken_down,533,2.6650,-0.0015,0.1178,0,4.2308,1,1.0000,0.0000,0.6792,43.2293,1.4816,0.2335,0.0000,0.0000
14251,C5,stressed,495,2.4750,-0.0016,0.1470,0,5.0000,1,1.0000,0.0000,0.6465,38.2281,1.8323,-0.1331,0.0000,0.0000
14252,C5,adaptive,547,2.7350,-0.0022,0.1263,0,5.2000,1,1.0000,0.0000,0.6947,38.7421,2.0377,-0.0205,0.0000,0.0000
14253,C5,adaptive,529,2.6450,-0.0061,0.1137,0,2.8333,1,1.0000,0.0000,0.7146,34.8360,1.8991,0.1166,0.0000,0.0000
14254,C5,adaptive,541,2.7050,-0.0053,0.1095,0,4.3846,1,1.0000,0.0000,0.7024,39.4974,2.2293,0.0128,0.0000,0.0000
14255,C5,broken_down,551,2.7550,-0.0034,0.1111,0,3.5556,1,1.0000,0.0000,0.7005,35.0829,1.9442,-0.0081,0.0000,0.0000
14256,C5,stressed,523,2.6150,-0.0055,0.1244,0,3.8462,1,0.9872,0.0152,0.7094,36.9892,2.1942,-0.0008,0.0000,0.0000
14257,C5,adaptive,528,2.6400,-0.0067,0.1416,0,5.9000,1,1.0000,0.0000,0.7027,37.5364,1.3796,0.0496,0.0000,0.0000
14258,C5,stressed,550,2.7500,-0.0049,0.1262,0,6.3333,1,1.0000,0.0000,0.7055,38.5670,1.8464,0.0918,0.0000,0.0000
14259,C5,stressed,530,2.6500,-0.0012,0.1164,0,3.6429,1,0.9872,0.0152,0.6943,38.3804,1.9320,-0.0666,0.0000,0.0000
14260,C5,adaptive,518,2.5900,-0.0040,0.1031,0,3.1875,1,1.0000,0.0000,0.6737,38.5415,1.8745,-0.0673,0.0000,0.0000
14261,C5,stressed,534,2.6700,-0.0010,0.1129,0,3.5333,1,1.0000,0.0000,0.6948,37.0593,2.1024,0.0190,0.0000,0.0000
14262,C5,stressed,501,2.5050,-0.0038,0.1075,0,3.4000,1,0.9872,0.0152,0.7325,36.8311,1.9404,0.0583,0.0000,0.0000
14263,C5,stressed,553,2.7650,-0.0052,0.1639,0,8.8571,1,1.0000,0.0000,0.6637,42.8338,2.1053,0.0602,0.0000,0.0000
14264,C5,broken_down,494,2.4700,-0.0057,0.1115,0,3.3125,1,1.0000,0.0000,0.6781,40.8716,1.8562,0.0706,0.0000,0.0000
14265,C5,adaptive,559,2.7950,-0.0028,0.1321,0,3.6875,1,1.0000,0.0000,0.6708,39.2213,1.5638,0.0546,0.0000,0.0000
14266,C5,adaptive,482,2.4100,-0.0037,0.1098,0,5.2222,1,1.0000,0.0000,0.6992,36.9436,1.5141,0.0598,0.0000,0.0000
14267,C5,broken_down,505,2.5250,-0.0044,0.1091,0,3.1250,1,1.0000,0.0000,0.7129,40.1806,1.8018,0.1118,0.0000,0.0000
14268,C5,adaptive,515,2.5750,-0.0046,0.1153,0,5.6667,1,1.0000,0.0000,0.6854,42.0425,2.1937,0.0275,0.0000,0.0000
14269,C5,broken_down,510,2.5500,-0.0019,0.1192,0,7.8571,1,0.9872,0.0152,0.6725,36.3353,1.9441,0.0761,0.0000,0.0000
14270,C5,stressed,468,2.3400,-0.0059,0.1016,0,4.0000,1,1.0000,0.0000,0.6432,37.0133,1.6832,-0.0646,0.0000,0.0000
14271,C5,broken_down,548,2.7400,-0.0034,0.1165,0,5.4000,1,1.0000,0.0000,0.6880,35.6737,1.8196,-0.0553,0.0000,0.0000
14272,C5,stressed,519,2.5950,-0.0051,0.1103,0,3.9286,1,1.0000,0.0000,0.7071,37.3079,1.7903,0.0359,0.0000,0.0000
14273,C5,broken_down,526,2.6300,-0.0024,0.1357,0,4.2308,1,0.9872,0.0152,0.6806,44.6536,1.7658,0.0722,0.0000,0.0000
14274,C5,broken_down,555,2.7750,-0.0033,0.1295,0,6.4444,1,1.0000,0.0000,0.6721,33.5308,1.5446,0.0058,0.0000,0.0000
14275,C5,adaptive,483,2.4150,-0.0053,0.1099,0,3.6154,1,1.0000,0.0000,0.6957,41.8125,1.9334,0.0336,0.0000,0.0000
14276,C5,adaptive,574,2.8700,-0.0047,0.0903,0,4.9091,1,1.0000,0.0000,0.6934,36.2412,1.8652,0.0601,0.0000,0.0000
14277,C5,broken_down,520,2.6000,-0.0044,0.1092,0,3.7692,1,1.0000,0.0000,0.6558,39.7038,1.7454,0.1321,0.0000,0.0000
14278,C5,stressed,545,2.7250,-0.0050,0.1287,0,4.4167,1,1.0000,0.0000,0.6862,40.8743,1.6990,0.2166,0.0000,0.0000
14279,C5,adaptive,538,2.6900,-0.0050,0.1069,0,5.1000,1,1.0000,0.0000,0.6766,40.0687,1.7354,0.1152,0.0000,0.0000
14280,C5,stressed,514,2.5700,-0.0048,0.1221,0,4.3333,1,1.0000,0.0000,0.6907,40.5549,1.8282,0.1683,0.0000,0.0000
14281,C5,stressed,519,2.5950,-0.0051,0.0786,0,2.7059,1,1.0000,0.0000,0.6628,34.3198,1.7590,0.0135,0.0000,0.0000
14282,C5,broken_down,516,2.5800,-0.0056,0.1011,0,3.9167,1,0.9744,0.0303,0.6395,35.0727,1.9176,0.0365,0.0000,0.0000
14283,C5,adaptive,533,2.6650,-0.0029,0.1218,0,3.8462,1,0.9872,0.0152,0.7205,35.9688,1.8778,-0.0528,0.0000,0.0000
14284,C5,stressed,529,2.6450,-0.0075,0.0904,0,2.8333,1,1.0000,0.0000,0.6767,39.1564,1.8959,0.1318,0.0000,0.0000
14285,C5,adaptive,537,2.6850,-0.0068,0.0822,0,2.2273,1,1.0000,0.0000,0.6611,37.3887,1.6801,0.0500,0.0000,0.0000
14286,C5,adaptive,528,2.6400,-0.0038,0.1317,0,4.2308,1,1.0000,0.0000,0.6970,37.0353,1.6583,0.1074,0.0000,0.0000
14287,C5,adaptive,530,2.6500,-0.0045,0.1164,0,6.1111,1,0.9872,0.0152,0.6925,38.5995,1.9275,-0.0739,0.0000,0.0000
14288,C5,stressed,565,2.8250,-0.0084,0.1086,0,4.2308,1,1.0000,0.0000,0.7186,37.5246,2.0544,0.0803,0.0000,0.0000
14289,C5,stressed,530,2.6500,-0.0040,0.1222,0,4.3333,1,0.9872,0.0152,0.7132,38.3571,2.1533,-0.0102,0.0000,0.0000
14290,C5,adaptive,505,2.5250,-0.0039,0.0984,0,3.3333,1,1.0000,0.0000,0.6475,38.4495,1.5069,0.0572,0.0000,0.0000
14291,C5,adaptive,513,2.5650,-0.0040,0.1176,0,3.6000,1,1.0000,0.0000,0.7037,42.6787,1.6201,0.0511,0.0000,0.0000
14292,C5,adaptive,535,2.6750,-0.0071,0.1239,0,4.0769,1,0.9872,0.0152,0.7215,37.4404,1.8605,0.1162,0.0000,0.0000
14293,C5,broken_down,535,2.6750,-0.0053,0.1119,0,4.5455,1,1.0000,0.0000,0.7121,33.5879,2.0188,-0.0280,0.0000,0.0000
14294,C5,stressed,515,2.5750,-0.0080,0.1108,0,3.4667,1,1.0000,0.0000,0.6388,41.1550,1.6696,0.2140,0.0000,0.0000
14295,C5,adaptive,518,2.5900,-0.0020,0.1179,0,3.5000,1,1.0000,0.0000,0.6660,40.1275,1.8953,-0.0990,0.0000,0.0000
14296,C5,adaptive,529,2.6450,-0.0065,0.1015,0,3.8462,1,1.0000,0.0000,0.6957,41.1087,1.7451,0.2317,0.0000,0.0000
14297,C5,stable,542,2.7100,-0.0040,0.1073,0,4.2500,1,1.0000,0.0000,0.6697,40.6198,2.1742,0.0630,0.0000,0.0000
14298,C5,broken_down,533,2.6650,-0.0008,0.1258,0,4.8182,1,1.0000,0.0000,0.6923,35.0217,1.8805,0.0701,0.0000,0.0000
14299,C5,adaptive,533,2.6650,-0.0052,0.1042,0,3.7857,1,0.9872,0.0152,0.6642,38.7345,1.8255,0.0762,0.0000,0.0000
14300,C5,adaptive,551,2.7550,-0.0056,0.1318,0,5.0909,1,1.0000,0.0000,0.6987,38.7506,1.9205,0.0087,0.0000,0.0000
14301,C5,broken_down,520,2.6000,-0.0029,0.1240,0,4.4167,1,1.0000,0.0000,0.6865,37.5938,1.7144,-0.0396,0.0000,0.0000
14302,C5,broken_down,539,2.6950,-0.0035,0.0962,0,4.2500,1,0.9872,0.0152,0.6902,37.9005,1.7618,0.0318,0.0000,0.0000
14303,C5,broken_down,536,2.6800,-0.0054,0.1214,0,3.6000,1,0.9872,0.0152,0.7108,36.6588,1.9728,0.0413,0.0000,0.0000
14304,C5,adaptive,505,2.5250,-0.0003,0.1075,0,5.2222,1,1.0000,0.0000,0.6554,39.5317,1.6109,0.0848,0.0000,0.0000
14305,C5,adaptive,529,2.6450,-0.0031,0.1000,0,3.8462,1,1.0000,0.0000,0.6843,41.1878,1.7901,-0.0531,0.0000,0.0000
14306,C5,adaptive,510,2.5500,-0.0062,0.1002,0,2.9412,1,0.9872,0.0152,0.7176,42.1612,1.7864,-0.0607,0.0000,0.0000
14307,C5,stressed,567,2.8350,-0.0044,0.1004,0,3.2222,1,1.0000,0.0000,0.7302,34.9517,1.7728,0.0730,0.0000,0.0000
14308,C5,adaptive,560,2.8000,-0.0084,0.1121,0,2.9000,1,1.0000,0.0000,0.6768,36.4011,1.6879,0.1262,0.0000,0.0000
14309,C5,adaptive,535,2.6750,-0.0023,0.0937,0,2.9412,1,1.0000,0.0000,0.6636,39.3521,1.7204,0.0732,0.0000,0.0000
14310,C5,stressed,500,2.5000,-0.0071,0.1009,0,2.6667,1,1.0000,0.0000,0.7100,37.0451,1.6985,0.0952,0.0000,0.0000
14311,C5,adaptive,532,2.6600,-0.0088,0.0966,0,3.6923,1,1.0000,0.0000,0.7199,36.1828,1.8361,0.1917,0.0000,0.0000
14312,C5,broken_down,495,2.4750,-0.0068,0.1280,0,6.5000,1,0.9872,0.0152,0.7071,43.0743,1.7540,0.1219,0.0000,0.0000
14313,C5,adaptive,535,2.6750,-0.0049,0.1268,0,4.0769,1,0.9872,0.0152,0.6673,38.1261,1.7968,0.0416,0.0000,0.0000
14314,C5,adaptive,509,2.5450,-0.0011,0.1448,0,7.5714,1,1.0000,0.0000,0.6758,39.8692,1.5125,0.2249,0.0000,0.0000
14315,C5,broken_down,476,2.3800,-0.0049,0.1303,0,3.8462,1,0.9872,0.0152,0.6618,37.3746,1.6960,0.0104,0.0000,0.0000
14316,C5,broken_down,520,2.6000,-0.0048,0.1133,0,3.3125,1,1.0000,0.0000,0.6635,36.4116,2.2528,-0.0202,0.0000,0.0000
14317,C5,stressed,573,2.8650,-0.0059,0.1138,0,3.1765,1,1.0000,0.0000,0.6963,37.8221,1.7631,0.0991,0.0000,0.0000
14318,C5,adaptive,543,2.7150,-0.0026,0.1241,0,4.7500,1,1.0000,0.0000,0.6814,35.1973,1.9002,0.0361,0.0000,0.0000
14319,C5,stressed,589,2.9450,-0.0020,0.1311,0,6.1000,1,1.0000,0.0000,0.7080,33.7578,2.0914,0.0026,0.0000,0.0000
14320,C5,broken_down,484,2.4200,-0.0074,0.1065,0,3.2143,1,1.0000,0.0000,0.6488,39.0414,1.6399,0.2056,0.0000,0.0000
14321,C5,broken_down,529,2.6450,-0.0025,0.1309,0,2.8889,1,1.0000,0.0000,0.6767,39.6788,1.4302,0.1181,0.0000,0.0000
14322,C5,adaptive,520,2.6000,-0.0053,0.1021,0,4.2308,1,1.0000,0.0000,0.6481,37.4332,1.7701,0.1018,0.0000,0.0000
14323,C5,stressed,487,2.4350,-0.0036,0.1260,0,3.7143,1,0.9872,0.0152,0.6817,44.6024,1.7421,0.0757,0.0000,0.0000
14324,C5,adaptive,549,2.7450,-0.0024,0.1185,0,3.9286,1,1.0000,0.0000,0.6922,36.7632,1.9610,0.0678,0.0000,0.0000
14325,C5,adaptive,535,2.6750,-0.0033,0.0983,0,3.9231,1,1.0000,0.0000,0.7009,37.5467,1.8608,-0.0956,0.0000,0.0000
14326,C5,adaptive,542,2.7100,-0.0060,0.1079,0,4.9091,1,1.0000,0.0000,0.7306,37.6944,2.0249,-0.0484,0.0000,0.0000
14327,C5,stressed,538,2.6900,-0.0036,0.1110,0,3.2500,1,1.0000,0.0000,0.6877,40.7676,1.9632,0.0600,0.0000,0.0000
14328,C5,broken_down,510,2.5500,-0.0035,0.1210,0,7.4286,1,1.0000,0.0000,0.7137,40.6648,1.7853,-0.0332,0.0000,0.0000
14329,C5,stressed,519,2.5950,-0.0017,0.1011,0,3.8571,1,1.0000,0.0000,0.7091,38.0353,1.7154,0.0196,0.0000,0.0000
14330,C5,stable,548,2.7400,-0.0031,0.1081,0,3.2353,1,1.0000,0.0000,0.7099,39.3548,1.9651,0.0157,0.0000,0.0000
14331,C5,adaptive,527,2.6350,-0.0051,0.1223,0,3.2500,1,1.0000,0.0000,0.6926,39.6329,2.0999,0.1392,0.0000,0.0000
14332,C5,stressed,542,2.7100,-0.0063,0.0999,0,3.8462,1,1.0000,0.0000,0.6993,37.5541,2.0052,0.1437,0.0000,0.0000
14333,C5,adaptive,526,2.6300,-0.0012,0.1372,0,7.3750,1,1.0000,0.0000,0.6825,38.2563,1.6414,-0.0027,0.0000,0.0000
14334,C5,adaptive,535,2.6750,-0.0025,0.1142,0,4.3333,1,1.0000,0.0000,0.6972,36.8820,1.5454,0.0725,0.0000,0.0000
14335,C5,broken_down,541,2.7050,-0.0053,0.1132,0,2.7619,1,1.0000,0.0000,0.6839,39.9946,1.9805,0.0047,0.0000,0.0000
14336,C5,adaptive,528,2.6400,-0.0041,0.1340,0,6.6667,1,0.9744,0.0303,0.6856,38.9807,1.4714,0.0827,0.0000,0.0000
14337,C5,broken_down,517,2.5850,-0.0049,0.1330,0,4.1429,1,1.0000,0.0000,0.6557,39.0088,1.6747,0.1328,0.0000,0.0000
14338,C5,broken_down,534,2.6700,-0.0057,0.1233,0,3.5333,1,1.0000,0.0000,0.6610,41.3201,1.9682,-0.0199,0.0000,0.0000
14339,C5,stressed,531,2.6550,-0.0032,0.1127,0,3.7333,1,1.0000,0.0000,0.6968,38.7514,1.8454,0.0394,0.0000,0.0000
14340,C5,adaptive,540,2.7000,-0.0067,0.0983,0,3.6429,1,1.0000,0.0000,0.6833,39.3089,1.9616,-0.0049,0.0000,0.0000
14341,C5,stressed,545,2.7250,-0.0067,0.1022,0,3.3750,1,1.0000,0.0000,0.7046,37.7578,1.8904,0.0374,0.0000,0.0000
14342,C5,adaptive,499,2.4950,-0.0036,0.1205,0,4.2500,1,1.0000,0.0000,0.6713,38.5552,1.6000,-0.0596,0.0000,0.0000
14343,C5,stressed,503,2.5150,-0.0065,0.1171,0,3.9231,1,1.0000,0.0000,0.6720,38.6686,1.8783,0.1408,0.0000,0.0000
14344,C5,adaptive,500,2.5000,-0.0048,0.1197,0,3.4000,1,1.0000,0.0000,0.6360,38.7421,2.0441,0.1840,0.0000,0.0000
14345,C5,adaptive,509,2.5450,-0.0044,0.1118,0,5.4444,1,1.0000,0.0000,0.6778,39.1275,1.8442,0.0244,0.0000,0.0000
14346,C5,adaptive,500,2.5000,-0.0050,0.0948,0,2.9375,1,1.0000,0.0000,0.6580,43.0456,1.6421,0.1316,0.0000,0.0000
14347,C5,broken_down,557,2.7850,-0.0059,0.1213,0,3.6875,1,1.0000,0.0000,0.7056,33.1145,1.7678,0.1842,0.0000,0.0000
14348,C5,broken_down,528,2.6400,-0.0035,0.1160,0,4.5455,1,1.0000,0.0000,0.7102,38.9013,2.1940,0.0546,0.0000,0.0000
14349,C5,adaptive,518,2.5900,-0.0029,0.1304,0,4.5000,1,1.0000,0.0000,0.7143,36.6811,1.9528,0.0238,0.0000,0.0000
14350,C5,stressed,514,2.5700,-0.0050,0.1057,0,4.1538,1,1.0000,0.0000,0.6576,37.1006,1.9991,-0.0879,0.0000,0.0000
14351,C5,broken_down,551,2.7550,-0.0026,0.1139,0,6.6250,1,1.0000,0.0000,0.6933,40.2068,1.8912,0.0624,0.0000,0.0000
14352,C5,stressed,518,2.5900,-0.0022,0.1143,0,3.6429,1,1.0000,0.0000,0.7085,40.6294,1.9039,-0.0095,0.0000,0.0000
14353,C5,stable,538,2.6900,-0.0079,0.1032,0,2.2917,1,1.0000,0.0000,0.7138,36.4115,1.8745,0.1658,0.0000,0.0000
14354,C5,stressed,545,2.7250,-0.0027,0.1084,0,4.1538,1,1.0000,0.0000,0.7064,37.5481,2.0775,0.0492,0.0000,0.0000
14355,C5,broken_down,553,2.7650,-0.0067,0.1280,0,5.7000,1,1.0000,0.0000,0.6582,35.6786,1.6220,0.0363,0.0000,0.0000
14356,C5,stressed,539,2.6950,-0.0037,0.1133,0,4.2500,1,1.0000,0.0000,0.6698,39.8726,1.7009,0.0605,0.0000,0.0000
14357,C5,stressed,544,2.7200,-0.0070,0.0933,0,3.7857,1,1.0000,0.0000,0.6746,36.5177,2.1515,-0.1033,0.0000,0.0000
14358,C5,adaptive,516,2.5800,-0.0051,0.1073,0,3.8571,1,1.0000,0.0000,0.6550,36.2604,1.7587,0.0462,0.0000,0.0000
14359,C5,adaptive,512,2.5600,-0.0035,0.1121,0,3.5714,1,0.9872,0.0152,0.6895,35.1700,1.7737,0.1608,0.0000,0.0000
14360,C5,stressed,530,2.6500,-0.0048,0.0897,0,4.9000,1,1.0000,0.0000,0.7094,37.4734,1.6273,0.0078,0.0000,0.0000
14361,C5,stressed,524,2.6200,-0.0045,0.1045,0,4.0833,1,0.9872,0.0152,0.7080,41.8625,1.8648,0.0417,0.0000,0.0000
14362,C5,stressed,512,2.5600,-0.0067,0.1046,0,4.5455,1,1.0000,0.0000,0.6836,31.5600,1.7343,0.1229,0.0000,0.0000
14363,C5,adaptive,514,2.5700,-0.0041,0.1015,0,3.0000,1,1.0000,0.0000,0.6615,41.5147,1.7517,0.0306,0.0000,0.0000
14364,C5,stressed,536,2.6800,-0.0015,0.1142,0,3.7143,1,0.9744,0.0303,0.7108,34.8635,1.8382,0.0611,0.0000,0.0000
14365,C5,stressed,501,2.5050,-0.0024,0.0946,0,4.0909,1,0.9872,0.0152,0.6427,34.2391,1.6752,0.0588,0.0000,0.0000
14366,C5,broken_down,522,2.6100,-0.0037,0.1353,0,5.1818,1,1.0000,0.0000,0.6858,38.0642,1.7615,0.0107,0.0000,0.0000
14367,C5,adaptive,524,2.6200,-0.0050,0.1318,0,4.0769,1,1.0000,0.0000,0.7061,35.6703,1.7737,0.1169,0.0000,0.0000
14368,C5,adaptive,538,2.6900,-0.0025,0.1310,0,4.1538,1,1.0000,0.0000,0.7175,37.2461,1.4535,0.0703,0.0000,0.0000
14369,C5,broken_down,496,2.4800,-0.0020,0.1104,0,3.4000,1,1.0000,0.0000,0.7137,41.6017,1.7214,0.0212,0.0000,0.0000
14370,C5,stressed,551,2.7550,-0.0048,0.1136,0,4.5000,1,1.0000,0.0000,0.7205,39.0806,1.9133,0.0554,0.0000,0.0000
14371,C5,stable,502,2.5100,-0.0033,0.1180,0,3.0625,1,1.0000,0.0000,0.6713,33.0356,1.7813,-0.0006,0.0000,0.0000
14372,C5,stressed,512,2.5600,-0.0085,0.0995,0,3.9231,1,1.0000,0.0000,0.6914,40.4266,2.1649,0.1487,0.0000,0.0000
14373,C5,broken_down,513,2.5650,-0.0031,0.1095,0,3.7857,1,1.0000,0.0000,0.6803,39.4642,1.7488,-0.0581,0.0000,0.0000
14374,C5,adaptive,558,2.7900,-0.0019,0.1246,0,3.1765,1,1.0000,0.0000,0.7043,35.7277,1.9699,0.0222,0.0000,0.0000
14375,C5,broken_down,518,2.5900,-0.0059,0.0888,0,2.7647,1,1.0000,0.0000,0.6931,35.5265,1.9670,0.1369,0.0000,0.0000
14376,C5,broken_down,534,2.6700,-0.0027,0.1034,0,2.7000,1,1.0000,0.0000,0.7416,35.7020,1.8457,0.0410,0.0000,0.0000
14377,C5,stressed,519,2.5950,-0.0025,0.0993,0,3.9231,1,1.0000,0.0000,0.6782,39.0682,2.2156,0.0254,0.0000,0.0000
14378,C5,stressed,517,2.5850,-0.0043,0.1012,0,3.8462,1,1.0000,0.0000,0.6905,35.5126,2.2158,0.0188,0.0000,0.0000
14379,C5,stressed,542,2.7100,-0.0041,0.1127,0,4.0769,1,1.0000,0.0000,0.7159,35.9046,2.2111,0.1172,0.0000,0.0000
14380,C5,adaptive,521,2.6050,-0.0064,0.0927,0,2.4348,1,1.0000,0.0000,0.6699,39.1948,1.8031,0.0792,0.0000,0.0000
14381,C5,adaptive,532,2.6600,-0.0048,0.1053,0,3.9286,1,0.9872,0.0152,0.7086,34.9788,2.0200,0.1433,0.0000,0.0000
14382,C5,broken_down,521,2.6050,-0.0034,0.1181,0,3.1765,1,1.0000,0.0000,0.6929,36.9391,1.9801,0.0832,0.0000,0.0000
14383,C5,adaptive,544,2.7200,-0.0037,0.0964,0,3.1250,1,1.0000,0.0000,0.7040,39.0992,1.9306,0.1430,0.0000,0.0000
14384,C5,stressed,523,2.6150,-0.0070,0.0977,0,2.3182,1,1.0000,0.0000,0.7075,36.7865,1.9494,0.0590,0.0000,0.0000
14385,C5,stressed,541,2.7050,-0.0042,0.1297,0,4.2143,1,1.0000,0.0000,0.6599,38.0084,1.9349,0.0398,0.0000,0.0000
14386,C5,adaptive,523,2.6150,-0.0043,0.1194,0,5.8889,1,1.0000,0.0000,0.6673,39.4957,1.8734,0.0232,0.0000,0.0000
14387,C5,broken_down,524,2.6200,-0.0050,0.0937,0,3.6923,1,1.0000,0.0000,0.6641,39.5460,1.9006,0.0524,0.0000,0.0000
14388,C5,stressed,545,2.7250,-0.0065,0.1282,0,4.3077,1,1.0000,0.0000,0.7009,38.3770,1.7277,0.1600,0.0000,0.0000
14389,C5,broken_down,557,2.7850,-0.0061,0.1213,0,4.6667,1,1.0000,0.0000,0.7092,36.1570,1.7306,0.1336,0.0000,0.0000
14390,C5,stressed,526,2.6300,-0.0047,0.0942,0,3.5000,1,1.0000,0.0000,0.6768,35.8848,1.7729,0.0394,0.0000,0.0000
14391,C5,stressed,529,2.6450,-0.0023,0.1114,0,3.1875,1,1.0000,0.0000,0.7127,33.7692,1.7947,0.1053,0.0000,0.0000
14392,C5,adaptive,509,2.5450,-0.0074,0.1127,0,3.3333,1,1.0000,0.0000,0.6523,37.0512,1.6118,0.0591,0.0000,0.0000
14393,C5,stressed,528,2.6400,-0.0065,0.1122,0,3.5714,1,1.0000,0.0000,0.6610,37.3123,1.8718,0.1011,0.0000,0.0000
14394,C5,stressed,535,2.6750,-0.0023,0.1009,0,3.7143,1,1.0000,0.0000,0.6748,37.7285,2.0212,0.0083,0.0000,0.0000
14395,C5,broken_down,525,2.6250,-0.0040,0.1116,0,4.7273,1,1.0000,0.0000,0.6952,37.0849,2.0726,-0.0065,0.0000,0.0000
14396,C5,broken_down,540,2.7000,-0.0043,0.1083,0,5.8889,1,1.0000,0.0000,0.6704,36.9945,1.6274,-0.0160,0.0000,0.0000
14397,C5,adaptive,519,2.5950,-0.0081,0.0960,0,4.7000,1,1.0000,0.0000,0.6917,37.7326,1.8463,0.0793,0.0000,0.0000
14398,C5,broken_down,558,2.7900,-0.0015,0.1097,0,3.5625,1,1.0000,0.0000,0.6703,36.6337,1.7918,0.0892,0.0000,0.0000
14399,C5,stressed,507,2.5350,-0.0049,0.1132,0,4.9000,1,0.9872,0.0152,0.6785,36.7267,1.7733,0.1160,0.0000,0.0000
14400,C5,stressed,551,2.7550,-0.0057,0.0952,0,3.0000,1,1.0000,0.0000,0.6479,36.9188,1.6876,0.0423,0.0000,0.0000
14401,C5,adaptive,521,2.6050,-0.0034,0.1296,0,7.4286,1,1.0000,0.0000,0.6526,35.8647,1.7734,-0.0400,0.0000,0.0000
14402,C5,broken_down,554,2.7700,-0.0022,0.1025,0,3.7857,1,1.0000,0.0000,0.6949,37.9584,1.8842,-0.0148,0.0000,0.0000
14403,C5,broken_down,553,2.7650,-0.0028,0.1010,0,3.6429,1,1.0000,0.0000,0.6781,37.6053,1.9063,-0.0485,0.0000,0.0000
14404,C5,adaptive,502,2.5100,-0.0037,0.1376,0,6.7500,1,1.0000,0.0000,0.6912,36.7176,1.9006,-0.0900,0.0000,0.0000
14405,C5,stressed,508,2.5400,-0.0042,0.1429,0,6.0000,1,0.9872,0.0152,0.6516,34.4018,1.9162,0.1180,0.0000,0.0000
14406,C5,adaptive,524,2.6200,-0.0023,0.1353,0,5.5000,1,1.0000,0.0000,0.6832,34.4441,1.9672,-0.1840,0.0000,0.0000
14407,C5,stressed,516,2.5800,-0.0021,0.1339,0,12.2500,1,0.9872,0.0152,0.6764,34.0888,1.9218,-0.0263,0.0000,0.0000
14408,C5,stressed,506,2.5300,-0.0029,0.0943,0,3.8333,1,1.0000,0.0000,0.7016,43.1746,1.5521,-0.0131,0.0000,0.0000
14409,C5,stressed,517,2.5850,-0.0041,0.1333,0,6.2222,1,1.0000,0.0000,0.7273,38.4335,1.6992,0.0021,0.0000,0.0000
14410,C5,adaptive,513,2.5650,-0.0025,0.1134,0,5.3000,1,1.0000,0.0000,0.6940,35.5000,1.7998,-0.0838,0.0000,0.0000
14411,C5,stressed,545,2.7250,-0.0064,0.1203,0,3.2941,1,1.0000,0.0000,0.7101,38.0956,1.7660,0.0937,0.0000,0.0000
14412,C5,adaptive,522,2.6100,-0.0078,0.1005,0,2.5789,1,1.0000,0.0000,0.6686,37.2235,1.6221,0.1271,0.0000,0.0000
14413,C5,stressed,527,2.6350,-0.0070,0.1422,0,5.7000,1,1.0000,0.0000,0.6546,37.0667,1.7477,0.0864,0.0000,0.0000
14414,C5,adaptive,553,2.7650,-0.0072,0.1141,0,4.0714,1,1.0000,0.0000,0.7089,38.3036,1.8516,-0.0043,0.0000,0.0000
14415,C5,adaptive,528,2.6400,-0.0063,0.1011,0,2.7778,1,1.0000,0.0000,0.6856,33.1519,1.7247,0.0186,0.0000,0.0000
14416,C5,adaptive,535,2.6750,-0.0076,0.1311,0,4.2308,1,1.0000,0.0000,0.7215,39.2720,1.9490,0.0731,0.0000,0.0000
14417,C5,stressed,527,2.6350,-0.0049,0.1308,0,4.7273,1,1.0000,0.0000,0.6490,37.7251,2.1724,0.0255,0.0000,0.0000
14418,C5,broken_down,511,2.5550,-0.0045,0.1132,0,4.1667,1,1.0000,0.0000,0.6106,35.4872,1.7494,0.0629,0.0000,0.0000
14419,C5,adaptive,526,2.6300,-0.0071,0.1220,0,3.1765,1,0.9872,0.0152,0.6825,37.8524,1.7685,0.1249,0.0000,0.0000
14420,C5,adaptive,468,2.3400,-0.0057,0.1453,0,5.4444,1,1.0000,0.0000,0.6880,40.5248,1.8585,0.0426,0.0000,0.0000
14421,C5,stressed,544,2.7200,-0.0078,0.1346,0,4.1429,1,1.0000,0.0000,0.6691,33.8242,2.1298,0.1276,0.0000,0.0000
14422,C5,adaptive,484,2.4200,-0.0075,0.0947,0,4.4000,1,1.0000,0.0000,0.6653,38.6770,1.5240,0.1654,0.0000,0.0000
14423,C5,stressed,517,2.5850,-0.0031,0.1062,0,3.6429,1,1.0000,0.0000,0.6654,39.9855,1.5460,0.0286,0.0000,0.0000
14424,C5,adaptive,551,2.7550,-0.0044,0.1150,0,4.9091,1,1.0000,0.0000,0.7114,38.8138,2.0056,0.0154,0.0000,0.0000
14425,C5,stressed,544,2.7200,-0.0058,0.1225,0,3.6000,1,1.0000,0.0000,0.7206,36.5459,2.0913,-0.0432,0.0000,0.0000
14426,C5,broken_down,528,2.6400,-0.0033,0.1358,0,7.7143,1,0.9872,0.0152,0.7178,37.1055,1.9096,0.0201,0.0000,0.0000
14427,C5,broken_down,535,2.6750,-0.0024,0.1029,0,3.4667,1,1.0000,0.0000,0.6785,40.2369,1.5248,0.0395,0.0000,0.0000
14428,C5,stressed,536,2.6800,-0.0056,0.1427,0,4.4286,1,1.0000,0.0000,0.6754,37.1050,1.6335,0.1554,0.0000,0.0000
14429,C5,adaptive,553,2.7650,-0.0069,0.1074,0,3.8000,1,1.0000,0.0000,0.6817,36.2175,1.7940,0.0319,0.0000,0.0000
14430,C5,adaptive,540,2.7000,-0.0051,0.1194,0,4.0769,1,1.0000,0.0000,0.7093,33.8355,1.6272,-0.0377,0.0000,0.0000
14431,C5,stressed,512,2.5600,-0.0077,0.1067,0,3.9231,1,1.0000,0.0000,0.6367,40.3712,1.7206,0.1595,0.0000,0.0000
14432,C5,broken_down,519,2.5950,-0.0090,0.1106,0,2.7222,1,1.0000,0.0000,0.6994,35.8044,2.1695,0.0975,0.0000,0.0000
14433,C5,broken_down,499,2.4950,-0.0054,0.1082,0,3.6154,1,1.0000,0.0000,0.6573,40.0762,1.9188,-0.0115,0.0000,0.0000
14434,C5,adaptive,514,2.5700,-0.0037,0.0928,0,2.8235,1,1.0000,0.0000,0.6732,38.1098,1.8351,-0.0060,0.0000,0.0000
14435,C5,broken_down,476,2.3800,-0.0054,0.1390,0,4.5455,1,0.9872,0.0152,0.6660,38.5931,1.7436,-0.0305,0.0000,0.0000
14436,C5,stressed,555,2.7750,-0.0055,0.1120,0,3.9286,1,0.9872,0.0152,0.7297,33.6272,1.6984,0.0587,0.0000,0.0000
14437,C5,stressed,548,2.7400,-0.0054,0.1154,0,5.1818,1,1.0000,0.0000,0.6697,35.2316,2.0530,0.0267,0.0000,0.0000
14438,C5,adaptive,519,2.5950,-0.0034,0.1183,0,4.5455,1,0.9872,0.0152,0.6879,35.0532,1.9109,0.0764,0.0000,0.0000
14439,C5,adaptive,489,2.4450,-0.0049,0.0966,0,3.0000,1,0.9872,0.0152,0.6728,38.7629,1.8615,-0.0602,0.0000,0.0000
14440,C5,broken_down,532,2.6600,-0.0053,0.1203,0,4.3077,1,1.0000,0.0000,0.6805,37.6906,1.6432,0.1226,0.0000,0.0000
14441,C5,broken_down,557,2.7850,-0.0041,0.1240,0,3.7333,1,1.0000,0.0000,0.7181,32.8500,1.8117,0.1189,0.0000,0.0000
14442,C5,adaptive,520,2.6000,-0.0053,0.1021,0,3.4286,1,1.0000,0.0000,0.7192,34.4599,1.6860,0.1830,0.0000,0.0000
14443,C5,broken_down,547,2.7350,-0.0047,0.1156,0,3.4667,1,1.0000,0.0000,0.6837,37.3182,1.9662,0.0670,0.0000,0.0000
14444,C5,stressed,518,2.5900,-0.0057,0.1114,0,5.8889,1,1.0000,0.0000,0.6988,41.4116,1.9527,0.1925,0.0000,0.0000
14445,C5,broken_down,563,2.8150,-0.0022,0.1429,0,7.3750,1,0.9872,0.0152,0.7016,37.5494,2.2195,0.0091,0.0000,0.0000
14446,C5,adaptive,502,2.5100,-0.0007,0.0919,0,5.2222,1,1.0000,0.0000,0.6494,41.6043,1.8668,-0.0089,0.0000,0.0000
14447,C5,stressed,481,2.4050,-0.0051,0.1215,0,4.8000,1,1.0000,0.0000,0.6840,37.6109,2.1008,-0.1514,0.0000,0.0000
14448,C5,stressed,541,2.7050,-0.0038,0.1027,0,4.0000,1,1.0000,0.0000,0.6691,37.7017,2.0131,0.0217,0.0000,0.0000
14449,C5,broken_down,534,2.6700,-0.0009,0.1392,0,5.8889,1,0.9872,0.0152,0.6854,37.1749,1.8859,-0.0213,0.0000,0.0000
14450,C5,adaptive,525,2.6250,-0.0023,0.1061,0,4.3636,1,1.0000,0.0000,0.7238,37.3684,2.3080,0.0423,0.0000,0.0000
14451,C5,broken_down,491,2.4550,-0.0038,0.1137,0,3.5385,1,1.0000,0.0000,0.6945,42.7097,1.8832,0.0750,0.0000,0.0000
14452,C5,broken_down,555,2.7750,-0.0038,0.1062,0,2.6667,1,1.0000,0.0000,0.7315,40.5985,1.9098,0.1433,0.0000,0.0000
14453,C5,stressed,518,2.5900,-0.0028,0.1179,0,3.5000,1,1.0000,0.0000,0.7124,38.8916,1.9764,0.1199,0.0000,0.0000
14454,C5,adaptive,543,2.7150,-0.0074,0.1425,0,5.0000,1,1.0000,0.0000,0.6814,38.3378,1.7675,0.1823,0.0000,0.0000
14455,C5,stressed,516,2.5800,-0.0032,0.1133,0,4.1667,1,1.0000,0.0000,0.6609,38.9003,1.8848,0.0998,0.0000,0.0000
14456,C5,stressed,519,2.5950,-0.0042,0.1263,0,5.7778,1,0.9872,0.0152,0.6301,35.1009,1.6241,0.0524,0.0000,0.0000
14457,C5,stressed,535,2.6750,-0.0047,0.1081,0,3.8462,1,1.0000,0.0000,0.6972,37.0295,1.8493,0.0334,0.0000,0.0000
14458,C5,adaptive,516,2.5800,-0.0043,0.1181,0,4.2500,1,1.0000,0.0000,0.6899,36.6770,1.8504,-0.0206,0.0000,0.0000
14459,C5,stressed,521,2.6050,-0.0089,0.1208,0,4.1667,1,1.0000,0.0000,0.7063,41.9891,1.7932,0.1204,0.0000,0.0000
14460,C5,stressed,501,2.5050,-0.0033,0.0934,0,3.6154,1,1.0000,0.0000,0.6667,36.3713,1.7201,0.0489,0.0000,0.0000
14461,C5,adaptive,533,2.6650,-0.0052,0.1287,0,3.7857,1,1.0000,0.0000,0.6867,38.7842,2.2306,-0.0229,0.0000,0.0000
14462,C5,adaptive,538,2.6900,-0.0036,0.0915,0,3.5000,1,1.0000,0.0000,0.6636,39.8095,1.9197,0.0187,0.0000,0.0000
14463,C5,broken_down,509,2.5450,-0.0003,0.1082,0,5.5556,1,1.0000,0.0000,0.6837,39.5632,1.7865,-0.0821,0.0000,0.0000
14464,C5,adaptive,518,2.5900,-0.0058,0.1164,0,4.8000,1,1.0000,0.0000,0.6757,39.6143,1.8517,0.0885,0.0000,0.0000
14465,C5,adaptive,548,2.7400,-0.0033,0.1213,0,4.2143,1,1.0000,0.0000,0.6916,36.6306,2.1354,0.0057,0.0000,0.0000
14466,C5,stressed,502,2.5100,-0.0045,0.1364,0,4.5000,1,1.0000,0.0000,0.6653,39.7395,1.8804,0.1479,0.0000,0.0000
14467,C5,adaptive,547,2.7350,-0.0043,0.0925,0,3.1250,1,1.0000,0.0000,0.6837,36.4572,1.9560,0.0893,0.0000,0.0000
14468,C5,broken_down,507,2.5350,-0.0027,0.1484,0,5.4000,1,1.0000,0.0000,0.6647,37.2404,2.1463,-0.0114,0.0000,0.0000
14469,C5,adaptive,520,2.6000,-0.0049,0.1083,0,3.6000,1,1.0000,0.0000,0.6596,34.6822,2.1200,-0.0623,0.0000,0.0000
14470,C5,stressed,523,2.6150,-0.0036,0.1159,0,4.3333,1,1.0000,0.0000,0.6730,38.8807,2.0378,0.0616,0.0000,0.0000
14471,C5,broken_down,502,2.5100,-0.0042,0.1039,0,3.9167,1,1.0000,0.0000,0.6514,41.6850,1.9333,-0.0330,0.0000,0.0000
14472,C5,adaptive,498,2.4900,-0.0037,0.1019,0,3.0667,1,1.0000,0.0000,0.6767,39.6231,2.0829,0.0388,0.0000,0.0000
14473,C5,adaptive,522,2.6100,-0.0034,0.1335,0,4.0000,1,1.0000,0.0000,0.6897,36.5611,1.8805,0.0705,0.0000,0.0000
14474,C5,stressed,535,2.6750,-0.0053,0.1216,0,4.0000,1,1.0000,0.0000,0.6654,37.6067,1.9185,0.0936,0.0000,0.0000
14475,C5,adaptive,530,2.6500,-0.0055,0.1411,0,4.4167,1,1.0000,0.0000,0.6906,38.4372,1.6620,0.1373,0.0000,0.0000
14476,C5,adaptive,530,2.6500,0.0000,0.1062,0,4.0000,1,1.0000,0.0000,0.6925,36.4033,1.8819,0.0001,0.0000,0.0000
14477,C5,broken_down,536,2.6800,-0.0060,0.1249,0,3.8667,1,1.0000,0.0000,0.6567,35.9091,1.8202,0.0169,0.0000,0.0000
14478,C5,stressed,547,2.7350,-0.0039,0.1162,0,3.1111,1,1.0000,0.0000,0.7166,35.9133,1.9898,-0.0809,0.0000,0.0000
14479,C5,adaptive,536,2.6800,-0.0046,0.1401,0,3.1667,1,1.0000,0.0000,0.6679,38.3156,1.8726,0.0538,0.0000,0.0000
14480,C5,broken_down,553,2.7650,-0.0028,0.1096,0,4.9091,1,1.0000,0.0000,0.7125,36.1396,1.8557,-0.0487,0.0000,0.0000
14481,C5,stressed,519,2.5950,-0.0052,0.1227,0,4.9000,1,1.0000,0.0000,0.6763,34.5043,2.1072,0.0611,0.0000,0.0000
14482,C5,broken_down,530,2.6500,-0.0055,0.1181,0,3.6000,1,1.0000,0.0000,0.6887,37.5342,1.5235,-0.0554,0.0000,0.0000
14483,C5,broken_down,485,2.4250,-0.0054,0.1167,0,4.4545,1,1.0000,0.0000,0.6763,40.2774,1.8611,0.0503,0.0000,0.0000
14484,C5,adaptive,509,2.5450,-0.0040,0.1016,0,5.6667,1,1.0000,0.0000,0.7014,36.7003,1.6997,0.0973,0.0000,0.0000
14485,C5,broken_down,533,2.6650,-0.0071,0.0984,0,2.7368,1,1.0000,0.0000,0.6717,33.6089,1.8447,0.1233,0.0000,0.0000
14486,C5,broken_down,519,2.5950,-0.0043,0.1372,0,5.0909,1,1.0000,0.0000,0.6821,39.2825,1.4125,0.1319,0.0000,0.0000
14487,C5,adaptive,538,2.6900,-0.0071,0.1307,0,3.5000,1,1.0000,0.0000,0.7454,39.3491,1.6066,0.1648,0.0000,0.0000
14488,C5,stressed,505,2.5250,-0.0054,0.1188,0,4.4167,1,1.0000,0.0000,0.6554,36.8912,1.9355,-0.0496,0.0000,0.0000
14489,C5,broken_down,566,2.8300,-0.0051,0.1261,0,4.6667,1,1.0000,0.0000,0.6731,34.9790,1.9817,0.1050,0.0000,0.0000
14490,C5,stressed,564,2.8200,-0.0042,0.1323,0,4.7692,1,0.9872,0.0152,0.7074,36.3734,1.6182,0.1815,0.0000,0.0000
14491,C5,adaptive,495,2.4750,-0.0065,0.1228,0,4.6364,1,1.0000,0.0000,0.6707,38.3494,1.6906,0.0894,0.0000,0.0000
14492,C5,broken_down,546,2.7300,-0.0065,0.1102,0,3.6429,1,1.0000,0.0000,0.7161,40.5448,1.9087,0.0381,0.0000,0.0000
14493,C5,adaptive,520,2.6000,-0.0019,0.1254,0,4.7273,1,1.0000,0.0000,0.6500,39.0592,1.6374,0.1443,0.0000,0.0000
14494,C5,adaptive,524,2.6200,-0.0027,0.0995,0,3.5000,1,1.0000,0.0000,0.7004,39.2207,1.7564,0.0059,0.0000,0.0000
14495,C5,broken_down,521,2.6050,-0.0068,0.1016,0,3.1875,1,1.0000,0.0000,0.6737,39.5043,1.9016,0.1534,0.0000,0.0000
14496,C5,adaptive,490,2.4500,-0.0059,0.1080,0,3.4000,1,0.9872,0.0152,0.6694,36.9299,1.7625,0.1497,0.0000,0.0000
14497,C5,adaptive,561,2.8050,-0.0072,0.1157,0,4.0000,1,1.0000,0.0000,0.6934,35.5064,1.7369,0.1408,0.0000,0.0000
14498,C5,adaptive,506,2.5300,-0.0041,0.1511,0,4.7273,1,0.9872,0.0152,0.6858,38.8127,2.0044,-0.0317,0.0000,0.0000
14499,C5,stressed,516,2.5800,-0.0053,0.1163,0,3.1765,1,1.0000,0.0000,0.6919,38.8683,1.9466,-0.0566,0.0000,0.0000
14500,C5,stressed,524,2.6200,-0.0036,0.1374,0,5.4000,1,1.0000,0.0000,0.6622,37.6888,1.9675,0.0217,0.0000,0.0000
14501,C5,adaptive,507,2.5350,-0.0029,0.1117,0,3.3333,1,1.0000,0.0000,0.6923,38.4843,1.3961,0.0399,0.0000,0.0000
14502,C5,broken_down,530,2.6500,-0.0069,0.1329,0,5.6000,1,1.0000,0.0000,0.6830,37.6630,1.5327,0.1195,0.0000,0.0000
14503,C5,adaptive,541,2.7050,-0.0045,0.1234,0,4.2308,1,1.0000,0.0000,0.7135,37.3109,1.8409,0.0483,0.0000,0.0000
14504,C5,adaptive,505,2.5250,-0.0047,0.1103,0,5.4444,1,1.0000,0.0000,0.6693,40.2604,1.7470,-0.0467,0.0000,0.0000
14505,C5,broken_down,539,2.6950,-0.0032,0.1256,0,4.4615,1,1.0000,0.0000,0.6865,38.4865,1.9005,0.0154,0.0000,0.0000
14506,C5,broken_down,540,2.7000,-0.0051,0.1046,0,3.7857,1,0.9872,0.0152,0.6833,35.0759,1.4849,-0.0241,0.0000,0.0000
14507,C5,adaptive,551,2.7550,-0.0061,0.1332,0,4.6667,1,1.0000,0.0000,0.6770,34.6408,2.0131,0.0217,0.0000,0.0000
14508,C5,stressed,574,2.8700,-0.0067,0.1035,0,4.3846,1,1.0000,0.0000,0.7265,34.6499,1.6439,0.0657,0.0000,0.0000
14509,C5,adaptive,504,2.5200,-0.0018,0.0827,0,2.8125,1,1.0000,0.0000,0.6885,38.1153,1.8224,-0.0118,0.0000,0.0000
14510,C5,broken_down,572,2.8600,-0.0026,0.1140,0,5.4000,1,1.0000,0.0000,0.6941,33.9975,1.9105,-0.1205,0.0000,0.0000
14511,C5,broken_down,545,2.7250,-0.0061,0.1126,0,5.7778,1,1.0000,0.0000,0.7028,35.3081,2.0072,0.0717,0.0000,0.0000
14512,C5,broken_down,543,2.7150,-0.0048,0.1159,0,4.6364,1,1.0000,0.0000,0.7090,37.3740,2.0976,-0.0544,0.0000,0.0000
14513,C5,broken_down,515,2.5750,-0.0055,0.1147,0,3.6429,1,1.0000,0.0000,0.6990,39.6194,1.9135,-0.0439,0.0000,0.0000
14514,C5,adaptive,517,2.5850,-0.0044,0.1137,0,4.3636,1,1.0000,0.0000,0.6770,32.8800,1.8083,0.0751,0.0000,0.0000
14515,C5,stressed,524,2.6200,-0.0070,0.1309,0,4.1429,1,1.0000,0.0000,0.6927,35.1405,2.1116,-0.0561,0.0000,0.0000
14516,C5,broken_down,530,2.6500,-0.0031,0.0964,0,4.3636,1,1.0000,0.0000,0.6943,37.8614,1.9448,0.0225,0.0000,0.0000
14517,C5,stressed,550,2.7500,-0.0076,0.1432,0,4.9091,1,1.0000,0.0000,0.6909,34.1158,2.1782,0.0053,0.0000,0.0000
14518,C5,broken_down,540,2.7000,-0.0025,0.1048,0,2.8889,1,0.9872,0.0152,0.7241,41.1407,2.0107,-0.0028,0.0000,0.0000
14519,C5,broken_down,519,2.5950,-0.0070,0.0975,0,3.0000,1,0.9872,0.0152,0.6956,41.3573,1.4724,0.1910,0.0000,0.0000
14520,C5,stressed,545,2.7250,-0.0061,0.1437,0,5.0909,1,1.0000,0.0000,0.6587,33.2897,1.9281,0.0195,0.0000,0.0000
14521,C5,broken_down,527,2.6350,-0.0056,0.1460,0,5.7000,1,1.0000,0.0000,0.6641,36.9257,1.7636,0.1246,0.0000,0.0000
14522,C5,adaptive,523,2.6150,-0.0019,0.1359,0,4.8182,1,0.9872,0.0152,0.6788,38.2113,1.7073,0.0835,0.0000,0.0000
14523,C5,adaptive,512,2.5600,-0.0037,0.1277,0,4.4167,1,1.0000,0.0000,0.6836,39.6543,2.0638,0.0734,0.0000,0.0000
14524,C5,stressed,516,2.5800,-0.0073,0.1026,0,2.6842,1,1.0000,0.0000,0.6919,37.5406,1.8896,-0.0329,0.0000,0.0000
14525,C5,stressed,505,2.5250,-0.0019,0.1188,0,6.2500,1,1.0000,0.0000,0.6871,43.2334,1.3958,0.0068,0.0000,0.0000
14526,C5,broken_down,551,2.7550,-0.0014,0.1075,0,3.8571,1,1.0000,0.0000,0.6715,38.1919,1.8908,0.1661,0.0000,0.0000
14527,C5,broken_down,495,2.4750,-0.0021,0.1392,0,4.3846,1,1.0000,0.0000,0.6929,41.7959,1.5679,-0.0066,0.0000,0.0000
14528,C5,broken_down,538,2.6900,-0.0063,0.1238,0,5.0909,1,1.0000,0.0000,0.6580,39.1864,1.7439,0.1153,0.0000,0.0000
14529,C5,broken_down,536,2.6800,-0.0065,0.1286,0,5.2500,1,1.0000,0.0000,0.6754,34.9696,1.8085,0.1704,0.0000,0.0000
14530,C5,stressed,524,2.6200,-0.0005,0.1192,0,3.9231,1,0.9872,0.0152,0.6966,37.5096,1.7164,-0.0835,0.0000,0.0000
14531,C5,adaptive,491,2.4550,-0.0019,0.1087,0,3.8462,1,0.9872,0.0152,0.6477,37.8270,2.0023,0.0411,0.0000,0.0000
14532,C5,stressed,557,2.7850,-0.0026,0.1221,0,4.3846,1,1.0000,0.0000,0.6607,36.6685,1.9669,-0.0414,0.0000,0.0000
14533,C5,broken_down,493,2.4650,-0.0023,0.1136,0,4.8000,1,1.0000,0.0000,0.7018,40.5867,1.8841,-0.0129,0.0000,0.0000
14534,C5,adaptive,559,2.7950,-0.0026,0.1208,0,4.0714,1,1.0000,0.0000,0.7138,35.5088,1.6059,0.0565,0.0000,0.0000
14535,C5,adaptive,543,2.7150,-0.0035,0.1006,0,2.8889,1,1.0000,0.0000,0.7017,36.0341,1.7227,0.0270,0.0000,0.0000
14536,C5,broken_down,547,2.7350,-0.0047,0.1128,0,5.5556,1,1.0000,0.0000,0.6618,38.3729,2.0039,0.0321,0.0000,0.0000
14537,C5,broken_down,518,2.5900,-0.0070,0.1203,0,4.6364,1,0.9872,0.0152,0.7317,38.5145,1.7189,0.2545,0.0000,0.0000
14538,C5,stressed,501,2.5050,-0.0054,0.1222,0,5.1000,1,1.0000,0.0000,0.6727,35.5193,1.8919,0.0829,0.0000,0.0000
14539,C5,stressed,523,2.6150,-0.0041,0.1385,0,6.8750,1,0.9872,0.0152,0.6979,39.0685,1.6540,0.0068,0.0000,0.0000
14540,C5,broken_down,532,2.6600,-0.0050,0.1290,0,2.8947,1,1.0000,0.0000,0.6654,40.1836,2.0482,0.0335,0.0000,0.0000
14541,C5,adaptive,525,2.6250,-0.0049,0.1131,0,4.5455,1,0.9872,0.0152,0.6495,39.9795,1.8100,0.0955,0.0000,0.0000
14542,C5,stressed,535,2.6750,-0.0037,0.1050,0,3.8462,1,1.0000,0.0000,0.6486,37.6801,1.9908,0.0461,0.0000,0.0000
14543,C5,broken_down,486,2.4300,-0.0052,0.1314,0,4.0000,1,1.0000,0.0000,0.6687,37.8585,1.9907,0.1370,0.0000,0.0000
14544,C5,stressed,541,2.7050,-0.0044,0.1049,0,3.7692,1,1.0000,0.0000,0.6636,34.6518,1.8947,-0.0715,0.0000,0.0000
14545,C5,stressed,524,2.6200,-0.0032,0.1260,0,6.6250,1,0.9744,0.0303,0.6927,37.5152,2.0016,0.0595,0.0000,0.0000
14546,C5,stressed,525,2.6250,-0.0033,0.1070,0,4.0833,1,1.0000,0.0000,0.6876,35.8421,1.7516,0.1186,0.0000,0.0000
14547,C5,adaptive,535,2.6750,-0.0043,0.1271,0,7.0000,1,1.0000,0.0000,0.6579,36.1875,1.9059,0.0397,0.0000,0.0000
14548,C5,adaptive,506,2.5300,-0.0056,0.1025,0,2.7778,1,1.0000,0.0000,0.6996,40.6384,1.7413,0.0478,0.0000,0.0000
14549,C5,adaptive,536,2.6800,-0.0059,0.1386,0,4.8333,1,0.9872,0.0152,0.6642,39.0983,2.0739,-0.1018,0.0000,0.0000
14550,C5,stressed,495,2.4750,-0.0077,0.1085,0,3.6429,1,1.0000,0.0000,0.6667,43.7091,1.6772,0.1368,0.0000,0.0000
14551,C5,stressed,537,2.6850,-0.0020,0.1203,0,4.5000,1,1.0000,0.0000,0.6723,37.6704,1.8394,-0.0093,0.0000,0.0000
14552,C5,broken_down,557,2.7850,-0.0065,0.1345,0,4.9167,1,1.0000,0.0000,0.7163,38.1930,1.8826,0.1759,0.0000,0.0000
14553,C5,adaptive,575,2.8750,-0.0055,0.1153,0,5.0000,1,1.0000,0.0000,0.6939,37.6241,2.0119,0.0399,0.0000,0.0000
14554,C5,adaptive,563,2.8150,-0.0058,0.1038,0,4.3846,1,1.0000,0.0000,0.6856,37.9741,1.7745,0.1007,0.0000,0.0000
14555,C5,adaptive,529,2.6450,-0.0050,0.1268,0,3.4000,1,1.0000,0.0000,0.6938,35.8556,1.9514,-0.0702,0.0000,0.0000
14556,C5,broken_down,542,2.7100,-0.0082,0.1104,0,4.2500,1,1.0000,0.0000,0.7103,38.4390,1.7963,0.0223,0.0000,0.0000
14557,C5,adaptive,539,2.6950,-0.0068,0.1193,0,6.3750,1,1.0000,0.0000,0.6994,34.1353,1.9212,0.1331,0.0000,0.0000
14558,C5,broken_down,539,2.6950,-0.0074,0.1016,0,4.4545,1,1.0000,0.0000,0.6865,33.0081,1.7672,0.0421,0.0000,0.0000
14559,C5,adaptive,496,2.4800,-0.0051,0.1393,0,4.6364,1,1.0000,0.0000,0.6956,39.1507,1.8041,-0.0033,0.0000,0.0000
14560,C5,broken_down,515,2.5750,-0.0028,0.1144,0,4.7273,1,1.0000,0.0000,0.6350,37.8318,1.9795,0.0167,0.0000,0.0000
14561,C5,adaptive,515,2.5750,-0.0024,0.1207,0,6.5000,1,0.9872,0.0152,0.7068,40.9368,1.6425,-0.0116,0.0000,0.0000
14562,C5,adaptive,503,2.5150,-0.0013,0.1119,0,3.7143,1,1.0000,0.0000,0.6839,38.5581,1.8421,-0.0575,0.0000,0.0000
14563,C5,adaptive,530,2.6500,-0.0051,0.1132,0,4.0769,1,1.0000,0.0000,0.6792,36.0722,1.6554,0.0376,0.0000,0.0000
14564,C5,stressed,528,2.6400,-0.0064,0.1247,0,3.5333,1,1.0000,0.0000,0.6837,37.7562,1.9571,0.0516,0.0000,0.0000
14565,C5,adaptive,522,2.6100,-0.0023,0.0993,0,3.5714,1,1.0000,0.0000,0.6897,38.3417,2.1465,-0.0592,0.0000,0.0000
14566,C5,adaptive,503,2.5150,-0.0058,0.0945,0,2.8824,1,1.0000,0.0000,0.6282,38.4589,1.6821,0.0234,0.0000,0.0000
14567,C5,broken_down,573,2.8650,-0.0072,0.1144,0,4.3571,1,0.9872,0.0152,0.7051,35.7277,2.0481,0.1698,0.0000,0.0000
14568,C5,stressed,501,2.5050,-0.0059,0.1078,0,4.1818,1,1.0000,0.0000,0.6487,39.9477,1.8805,0.1022,0.0000,0.0000
14569,C5,adaptive,515,2.5750,-0.0044,0.1213,0,3.6429,1,0.9872,0.0152,0.6718,37.9942,2.1829,-0.1149,0.0000,0.0000
14570,C5,stressed,548,2.7400,-0.0030,0.1067,0,5.6667,1,1.0000,0.0000,0.7062,36.9587,1.7308,0.0682,0.0000,0.0000
14571,C5,stressed,515,2.5750,-0.0037,0.1237,0,3.5000,1,1.0000,0.0000,0.6854,37.2181,1.7801,-0.0058,0.0000,0.0000
14572,C5,adaptive,492,2.4600,-0.0041,0.1169,0,3.6154,1,1.0000,0.0000,0.6402,39.5651,1.6061,0.0941,0.0000,0.0000
14573,C5,adaptive,542,2.7100,-0.0019,0.1184,0,4.9091,1,1.0000,0.0000,0.7343,36.6432,1.6691,0.1316,0.0000,0.0000
14574,C5,adaptive,543,2.7150,-0.0060,0.1060,0,2.9444,1,1.0000,0.0000,0.6667,41.7680,1.9121,0.0666,0.0000,0.0000
14575,C5,stressed,513,2.5650,-0.0039,0.1149,0,3.2667,1,1.0000,0.0000,0.6628,37.6941,1.9065,0.1136,0.0000,0.0000
14576,C5,adaptive,492,2.4600,-0.0048,0.1473,0,6.3333,1,1.0000,0.0000,0.6585,39.4722,1.7157,0.0577,0.0000,0.0000
14577,C5,broken_down,479,2.3950,-0.0030,0.1294,0,3.7143,1,1.0000,0.0000,0.6409,39.0098,1.6183,0.0420,0.0000,0.0000
14578,C5,broken_down,539,2.6950,-0.0085,0.1401,0,2.5217,1,1.0000,0.0000,0.6994,38.1698,1.9503,0.1376,0.0000,0.0000
14579,C5,adaptive,527,2.6350,-0.0032,0.1103,0,4.1538,1,1.0000,0.0000,0.7287,35.7552,2.0043,-0.0368,0.0000,0.0000
14580,C5,broken_down,508,2.5400,-0.0055,0.1172,0,4.0769,1,1.0000,0.0000,0.6811,36.9277,1.9915,0.0082,0.0000,0.0000
14581,C5,broken_down,558,2.7900,-0.0045,0.0899,0,3.1875,1,1.0000,0.0000,0.6882,40.4870,2.2569,0.1030,0.0000,0.0000
14582,C5,broken_down,511,2.5550,-0.0042,0.1093,0,3.4000,1,1.0000,0.0000,0.6614,35.5917,1.7637,-0.0302,0.0000,0.0000
14583,C5,broken_down,531,2.6550,-0.0023,0.0985,0,3.4286,1,1.0000,0.0000,0.7269,35.6269,1.9644,0.0091,0.0000,0.0000
14584,C5,adaptive,506,2.5300,-0.0053,0.1420,0,3.7333,1,1.0000,0.0000,0.6719,37.5324,1.8784,-0.0079,0.0000,0.0000
14585,C5,stressed,487,2.4350,-0.0044,0.1137,0,3.0667,1,1.0000,0.0000,0.6940,38.9763,1.8702,0.0624,0.0000,0.0000
14586,C5,stressed,481,2.4050,-0.0057,0.1135,0,3.0588,1,1.0000,0.0000,0.7235,38.4052,1.4054,0.0834,0.0000,0.0000
14587,C5,adaptive,550,2.7500,-0.0037,0.1410,0,5.8000,1,1.0000,0.0000,0.6655,34.1967,1.7228,0.0341,0.0000,0.0000
14588,C5,stressed,527,2.6350,-0.0021,0.1133,0,3.3750,1,1.0000,0.0000,0.6964,39.8229,1.8513,0.0580,0.0000,0.0000
14589,C5,adaptive,523,2.6150,-0.0035,0.1133,0,3.5000,1,1.0000,0.0000,0.7055,38.4472,1.6813,-0.0035,0.0000,0.0000
14590,C5,adaptive,528,2.6400,-0.0030,0.1206,0,5.1000,1,1.0000,0.0000,0.7027,38.7358,1.7232,0.0527,0.0000,0.0000
14591,C5,stressed,508,2.5400,-0.0064,0.1251,0,3.5714,1,1.0000,0.0000,0.6594,41.2567,1.7557,0.0990,0.0000,0.0000
14592,C5,broken_down,514,2.5700,-0.0032,0.1101,0,3.4667,1,0.9872,0.0152,0.6946,38.0112,1.9756,-0.0530,0.0000,0.0000
14593,C5,adaptive,531,2.6550,-0.0075,0.1370,0,4.6667,1,0.9872,0.0152,0.6817,34.8923,1.8396,0.0636,0.0000,0.0000
14594,C5,adaptive,509,2.5450,-0.0041,0.1106,0,3.6875,1,1.0000,0.0000,0.6699,38.3284,1.7938,-0.0136,0.0000,0.0000
14595,C5,broken_down,500,2.5000,-0.0066,0.1342,0,3.9231,1,1.0000,0.0000,0.6880,37.1541,1.8511,-0.0580,0.0000,0.0000
14596,C5,adaptive,550,2.7500,-0.0072,0.1083,0,3.3750,1,1.0000,0.0000,0.7055,34.0799,2.1191,0.0566,0.0000,0.0000
14597,C5,broken_down,556,2.7800,-0.0053,0.1193,0,6.7500,1,1.0000,0.0000,0.6529,36.1570,2.0723,0.0488,0.0000,0.0000
14598,C5,broken_down,509,2.5450,-0.0070,0.1037,0,4.4545,1,1.0000,0.0000,0.6739,39.2595,1.5582,0.0121,0.0000,0.0000
14599,C5,stressed,539,2.6950,-0.0047,0.1016,0,4.4545,1,1.0000,0.0000,0.6809,36.0708,1.9990,0.1151,0.0000,0.0000
14600,C5,stressed,486,2.4300,-0.0063,0.1178,0,3.6923,1,1.0000,0.0000,0.6276,41.5410,1.5372,0.1578,0.0000,0.0000
14601,C5,adaptive,497,2.4850,-0.0033,0.1244,0,6.0000,1,1.0000,0.0000,0.6237,36.4903,1.7171,0.0056,0.0000,0.0000
14602,C5,adaptive,558,2.7900,-0.0072,0.1031,0,2.8947,1,1.0000,0.0000,0.6953,38.7371,1.7385,0.0761,0.0000,0.0000
14603,C5,adaptive,535,2.6750,-0.0052,0.1311,0,6.1111,1,1.0000,0.0000,0.6748,36.8227,1.9091,0.1930,0.0000,0.0000
14604,C5,adaptive,546,2.7300,-0.0014,0.1327,0,3.5000,1,0.9872,0.0152,0.6941,35.3034,2.0174,-0.0752,0.0000,0.0000
14605,C5,adaptive,526,2.6300,-0.0012,0.1106,0,4.3333,1,1.0000,0.0000,0.6673,40.3248,1.9535,0.0089,0.0000,0.0000
14606,C5,broken_down,523,2.6150,-0.0026,0.1147,0,4.0000,1,1.0000,0.0000,0.6769,36.1893,1.9690,0.0691,0.0000,0.0000
14607,C5,stressed,531,2.6550,-0.0053,0.1173,0,4.1429,1,1.0000,0.0000,0.7156,37.5526,2.0254,-0.0111,0.0000,0.0000
14608,C5,adaptive,534,2.6700,-0.0036,0.1187,0,6.5000,1,1.0000,0.0000,0.7060,36.2573,1.8688,0.0239,0.0000,0.0000
14609,C5,stressed,517,2.5850,-0.0047,0.1339,0,5.0000,1,1.0000,0.0000,0.6963,39.4472,1.7575,0.0701,0.0000,0.0000
14610,C5,adaptive,501,2.5050,-0.0030,0.1210,0,6.2500,1,1.0000,0.0000,0.6806,42.1554,1.7757,0.1649,0.0000,0.0000
14611,C5,broken_down,535,2.6750,-0.0018,0.1182,0,5.8889,1,1.0000,0.0000,0.6411,35.6122,1.7998,0.0232,0.0000,0.0000
14612,C5,broken_down,553,2.7650,-0.0046,0.0976,0,8.3333,1,1.0000,0.0000,0.6872,38.0342,1.7714,0.0595,0.0000,0.0000
14613,C5,adaptive,502,2.5100,-0.0046,0.0919,0,3.2857,1,1.0000,0.0000,0.6952,40.3095,1.9228,-0.0666,0.0000,0.0000
14614,C5,stressed,518,2.5900,-0.0048,0.1322,0,4.3077,1,0.9872,0.0152,0.7008,42.9862,1.7082,0.1344,0.0000,0.0000
14615,C5,adaptive,510,2.5500,-0.0039,0.1062,0,3.7692,1,1.0000,0.0000,0.6980,41.9438,1.8648,0.0030,0.0000,0.0000
14616,C5,broken_down,523,2.6150,-0.0034,0.0874,0,2.6500,1,1.0000,0.0000,0.7380,41.0699,2.0125,-0.0776,0.0000,0.0000
14617,C5,adaptive,531,2.6550,-0.0049,0.1089,0,3.4667,1,1.0000,0.0000,0.7232,40.2812,2.1825,0.1337,0.0000,0.0000
14618,C5,broken_down,557,2.7850,-0.0047,0.1088,0,3.5333,1,1.0000,0.0000,0.6876,36.1175,1.9015,0.0702,0.0000,0.0000
14619,C5,adaptive,545,2.7250,-0.0028,0.1146,0,3.2941,1,1.0000,0.0000,0.7009,34.6073,2.1567,-0.0390,0.0000,0.0000
14620,C5,adaptive,540,2.7000,-0.0034,0.1185,0,3.3125,1,1.0000,0.0000,0.6852,36.0919,1.8996,-0.0217,0.0000,0.0000
14621,C5,adaptive,489,2.4450,-0.0018,0.1151,0,5.8750,1,1.0000,0.0000,0.6217,40.2993,1.8208,0.0207,0.0000,0.0000
14622,C5,adaptive,552,2.7600,-0.0036,0.1140,0,3.1765,1,1.0000,0.0000,0.7029,41.8376,1.6472,-0.0799,0.0000,0.0000
14623,C5,adaptive,531,2.6550,-0.0069,0.1115,0,5.2000,1,1.0000,0.0000,0.7175,38.1286,2.0868,0.0445,0.0000,0.0000
14624,C5,adaptive,504,2.5200,-0.0064,0.1282,0,6.1111,1,1.0000,0.0000,0.6369,36.9003,1.8846,0.1340,0.0000,0.0000
14625,C5,stressed,529,2.6450,-0.0058,0.1070,0,3.1176,1,0.9872,0.0152,0.6919,38.4153,1.9171,-0.0240,0.0000,0.0000
14626,C5,broken_down,516,2.5800,-0.0056,0.1258,0,4.3333,1,1.0000,0.0000,0.6841,38.3059,1.9577,0.0820,0.0000,0.0000
14627,C5,stressed,569,2.8450,-0.0040,0.1276,0,4.1429,1,1.0000,0.0000,0.6854,35.1923,2.1119,0.0423,0.0000,0.0000
14628,C5,adaptive,523,2.6150,-0.0025,0.0862,0,3.6154,1,1.0000,0.0000,0.6482,36.3392,1.9955,-0.0424,0.0000,0.0000
14629,C5,stressed,539,2.6950,-0.0060,0.0999,0,3.8571,1,1.0000,0.0000,0.6957,40.4213,1.7880,0.1825,0.0000,0.0000
14630,C5,adaptive,485,2.4250,-0.0035,0.0869,0,3.1429,1,1.0000,0.0000,0.6763,41.5457,1.8129,-0.1523,0.0000,0.0000
14631,C5,stressed,525,2.6250,-0.0054,0.1122,0,3.5000,1,1.0000,0.0000,0.6743,41.4266,1.9302,0.0684,0.0000,0.0000
14632,C5,broken_down,532,2.6600,-0.0056,0.1110,0,4.3333,1,0.9872,0.0152,0.7086,38.1989,1.8760,0.0133,0.0000,0.0000
14633,C5,broken_down,515,2.5750,-0.0026,0.1201,0,5.2000,1,1.0000,0.0000,0.6641,40.9181,1.7464,0.0702,0.0000,0.0000
14634,C5,stressed,551,2.7550,-0.0001,0.1256,0,5.8889,1,1.0000,0.0000,0.7114,35.9184,1.9113,0.0189,0.0000,0.0000
14635,C5,adaptive,509,2.5450,-0.0054,0.1143,0,4.4545,1,1.0000,0.0000,0.6346,41.2322,1.4076,0.0324,0.0000,0.0000
14636,C5,adaptive,524,2.6200,-0.0048,0.1236,0,3.6429,1,1.0000,0.0000,0.6947,40.7363,2.0049,-0.0447,0.0000,0.0000
14637,C5,stressed,526,2.6300,-0.0065,0.1114,0,3.3125,1,1.0000,0.0000,0.6540,40.9390,1.8878,0.1150,0.0000,0.0000
14638,C5,broken_down,516,2.5800,-0.0047,0.1228,0,6.5000,1,1.0000,0.0000,0.6744,42.8678,1.8028,0.0284,0.0000,0.0000
14639,C5,adaptive,491,2.4550,-0.0036,0.1100,0,5.2222,1,1.0000,0.0000,0.6802,35.9731,1.6817,-0.0651,0.0000,0.0000
14640,C5,broken_down,496,2.4800,-0.0036,0.1414,0,3.3333,1,1.0000,0.0000,0.6653,33.3879,1.5757,-0.0481,0.0000,0.0000
14641,C5,broken_down,572,2.8600,-0.0054,0.1122,0,4.0000,1,1.0000,0.0000,0.7325,34.5585,2.0093,0.0560,0.0000,0.0000
14642,C5,stressed,531,2.6550,-0.0038,0.1020,0,3.6667,1,0.9744,0.0303,0.6441,33.2749,2.3128,-0.0351,0.0000,0.0000
14643,C5,broken_down,519,2.5950,-0.0048,0.1292,0,5.1667,1,1.0000,0.0000,0.6802,34.6601,1.8238,0.0767,0.0000,0.0000
14644,C5,adaptive,522,2.6100,-0.0048,0.1032,0,4.2500,1,1.0000,0.0000,0.6992,38.9726,2.2624,-0.1393,0.0000,0.0000
14645,C5,broken_down,539,2.6950,-0.0053,0.1190,0,5.0909,1,0.9872,0.0152,0.6586,36.1859,2.0641,-0.0649,0.0000,0.0000
14646,C5,adaptive,554,2.7700,-0.0053,0.1444,0,5.0000,1,0.9872,0.0152,0.6913,35.4621,2.0970,0.2104,0.0000,0.0000
14647,C5,adaptive,538,2.6900,-0.0035,0.0755,0,2.5263,1,1.0000,0.0000,0.7138,38.9688,1.9125,-0.0323,0.0000,0.0000
14648,C5,stressed,511,2.5550,-0.0051,0.1015,0,3.1333,1,1.0000,0.0000,0.7123,38.9533,1.6889,-0.0833,0.0000,0.0000
14649,C5,stressed,542,2.7100,-0.0036,0.1320,0,4.7500,1,1.0000,0.0000,0.7011,36.4368,1.8748,0.1044,0.0000,0.0000
14650,C5,stressed,545,2.7250,-0.0056,0.1030,0,3.0000,1,1.0000,0.0000,0.6661,33.6006,2.1450,-0.0319,0.0000,0.0000
14651,C5,adaptive,528,2.6400,-0.0023,0.1294,0,5.3636,1,1.0000,0.0000,0.6742,41.6348,1.8870,-0.0533,0.0000,0.0000
14652,C5,adaptive,552,2.7600,-0.0058,0.0978,0,3.2500,1,1.0000,0.0000,0.6612,34.0575,1.9864,0.1057,0.0000,0.0000
14653,C5,stressed,550,2.7500,-0.0070,0.0738,0,2.4286,1,1.0000,0.0000,0.7036,35.1318,1.7655,0.1500,0.0000,0.0000
14654,C5,adaptive,540,2.7000,-0.0046,0.1231,0,4.0714,1,1.0000,0.0000,0.7111,36.5104,1.9202,0.0948,0.0000,0.0000
14655,C5,adaptive,512,2.5600,-0.0068,0.1307,0,9.1667,1,1.0000,0.0000,0.6484,40.4578,1.7958,0.0963,0.0000,0.0000
14656,C5,adaptive,557,2.7850,-0.0047,0.1030,0,3.0588,1,1.0000,0.0000,0.6786,34.6534,2.1664,0.1989,0.0000,0.0000
14657,C5,stressed,574,2.8700,-0.0045,0.1024,0,3.6000,1,1.0000,0.0000,0.6707,37.5766,1.7664,0.1887,0.0000,0.0000
14658,C5,stressed,521,2.6050,-0.0035,0.1308,0,4.5385,1,0.9872,0.0152,0.7083,37.3631,1.5858,0.0491,0.0000,0.0000
14659,C5,stressed,499,2.4950,-0.0076,0.1276,0,4.7273,1,0.9744,0.0303,0.6774,40.9290,1.6690,0.1045,0.0000,0.0000
14660,C5,broken_down,540,2.7000,-0.0068,0.1131,0,3.0000,1,1.0000,0.0000,0.6926,38.1283,2.3691,-0.0332,0.0000,0.0000
14661,C5,adaptive,525,2.6250,-0.0058,0.1213,0,3.8571,1,1.0000,0.0000,0.7295,41.3864,2.0763,-0.1466,0.0000,0.0000
14662,C5,adaptive,495,2.4750,-0.0043,0.1166,0,3.9167,1,1.0000,0.0000,0.7071,42.3886,2.0213,0.0409,0.0000,0.0000
14663,C5,adaptive,541,2.7050,-0.0038,0.1396,0,4.3077,1,1.0000,0.0000,0.6654,36.2528,1.9178,0.0285,0.0000,0.0000
14664,C5,broken_down,542,2.7100,-0.0077,0.1476,0,7.0000,1,0.9872,0.0152,0.6771,36.9809,1.6924,0.0762,0.0000,0.0000
14665,C5,broken_down,554,2.7700,-0.0050,0.1280,0,4.6667,1,0.9872,0.0152,0.7491,40.6241,1.9443,-0.0446,0.0000,0.0000
14666,C5,stressed,543,2.7150,-0.0055,0.1096,0,3.7857,1,0.9872,0.0152,0.6998,40.4789,1.9923,0.1140,0.0000,0.0000
14667,C5,adaptive,510,2.5500,-0.0050,0.1481,0,10.8000,1,1.0000,0.0000,0.6667,38.5471,1.7694,0.0576,0.0000,0.0000
14668,C5,adaptive,543,2.7150,-0.0049,0.1235,0,3.1111,1,1.0000,0.0000,0.7090,34.3844,1.8175,0.1420,0.0000,0.0000
14669,C5,adaptive,531,2.6550,-0.0034,0.1255,0,4.4167,1,1.0000,0.0000,0.6968,36.3486,1.9958,0.1224,0.0000,0.0000
14670,C5,adaptive,544,2.7200,-0.0054,0.1174,0,3.5333,1,1.0000,0.0000,0.7004,40.3465,1.9971,0.0752,0.0000,0.0000
14671,C5,adaptive,514,2.5700,-0.0030,0.1188,0,3.8462,1,1.0000,0.0000,0.6654,38.3304,1.7029,0.0914,0.0000,0.0000
14672,C5,adaptive,517,2.5850,-0.0055,0.1437,0,4.1538,1,1.0000,0.0000,0.6712,38.2046,2.0187,0.1290,0.0000,0.0000
14673,C5,stressed,521,2.6050,-0.0030,0.1338,0,7.2857,1,1.0000,0.0000,0.6660,37.8991,1.8032,0.0503,0.0000,0.0000
14674,C5,broken_down,468,2.3400,-0.0064,0.1019,0,4.1818,1,1.0000,0.0000,0.6752,39.2405,1.5649,0.0611,0.0000,0.0000
14675,C5,stressed,554,2.7700,-0.0057,0.1075,0,3.8571,1,1.0000,0.0000,0.6931,32.1693,1.8608,0.1028,0.0000,0.0000
14676,C5,broken_down,504,2.5200,-0.0050,0.1105,0,3.8333,1,0.9872,0.0152,0.6528,44.3009,1.6088,0.1073,0.0000,0.0000
14677,C5,broken_down,530,2.6500,-0.0047,0.1353,0,4.1538,1,1.0000,0.0000,0.6585,41.2092,1.9547,0.0015,0.0000,0.0000
14678,C5,stressed,518,2.5900,0.0001,0.1244,0,3.7143,1,0.9872,0.0152,0.6506,35.3620,1.6060,-0.0181,0.0000,0.0000
14679,C5,adaptive,521,2.6050,-0.0039,0.1302,0,4.3333,1,1.0000,0.0000,0.6967,39.3526,1.4851,0.0227,0.0000,0.0000
14680,C5,broken_down,511,2.5550,-0.0047,0.1084,0,3.4286,1,1.0000,0.0000,0.6536,40.5509,1.8098,0.0386,0.0000,0.0000
14681,C5,broken_down,525,2.6250,-0.0052,0.0999,0,3.1176,1,1.0000,0.0000,0.7410,35.5167,1.8083,0.2156,0.0000,0.0000
14682,C5,adaptive,509,2.5450,-0.0077,0.1357,0,3.8000,1,1.0000,0.0000,0.6994,37.0843,1.9000,0.1574,0.0000,0.0000
14683,C5,adaptive,545,2.7250,-0.0041,0.1101,0,2.9444,1,1.0000,0.0000,0.6972,39.4368,1.9496,0.0526,0.0000,0.0000
14684,C5,stressed,546,2.7300,-0.0017,0.0955,0,4.3333,1,1.0000,0.0000,0.6703,36.9235,1.8617,0.0197,0.0000,0.0000
14685,C5,adaptive,534,2.6700,-0.0046,0.0879,0,2.5500,1,1.0000,0.0000,0.6910,36.4715,1.4538,0.0794,0.0000,0.0000
14686,C5,broken_down,527,2.6350,-0.0040,0.1136,0,4.5833,1,1.0000,0.0000,0.6850,38.4820,1.8889,0.0671,0.0000,0.0000
14687,C5,adaptive,525,2.6250,-0.0032,0.1111,0,3.7692,1,0.9872,0.0152,0.6838,42.3705,2.0284,0.0917,0.0000,0.0000
14688,C5,adaptive,509,2.5450,-0.0039,0.1245,0,5.1000,1,1.0000,0.0000,0.6876,37.3143,1.7519,0.0530,0.0000,0.0000
14689,C5,adaptive,502,2.5100,-0.0039,0.1198,0,3.4667,1,1.0000,0.0000,0.6554,35.3891,1.5036,0.0421,0.0000,0.0000
14690,C5,adaptive,531,2.6550,-0.0043,0.1133,0,3.5714,1,1.0000,0.0000,0.6911,36.7956,2.0548,0.0124,0.0000,0.0000
14691,C5,stressed,516,2.5800,-0.0053,0.1047,0,3.8462,1,1.0000,0.0000,0.6725,38.4035,1.7449,0.1073,0.0000,0.0000
14692,C5,broken_down,545,2.7250,-0.0049,0.1553,0,3.9375,1,1.0000,0.0000,0.6789,40.7865,2.3609,-0.0076,0.0000,0.0000
14693,C5,adaptive,513,2.5650,-0.0060,0.1191,0,4.2308,1,1.0000,0.0000,0.6745,37.3699,1.6668,0.0644,0.0000,0.0000
14694,C5,adaptive,531,2.6550,-0.0062,0.1101,0,3.3333,1,0.9872,0.0152,0.6874,35.1890,1.8413,0.0404,0.0000,0.0000
14695,C5,broken_down,518,2.5900,-0.0037,0.1143,0,4.6364,1,0.9872,0.0152,0.6564,41.2088,1.6030,0.0132,0.0000,0.0000
14696,C5,stressed,507,2.5350,-0.0056,0.1147,0,4.5455,1,1.0000,0.0000,0.6706,39.6382,1.7909,0.0953,0.0000,0.0000
14697,C5,broken_down,525,2.6250,-0.0032,0.1111,0,4.8000,1,1.0000,0.0000,0.6971,37.9126,1.7047,-0.0089,0.0000,0.0000
14698,C5,adaptive,508,2.5400,-0.0051,0.1248,0,4.7273,1,1.0000,0.0000,0.6713,39.8035,1.7461,0.0900,0.0000,0.0000
14699,C5,stressed,500,2.5000,-0.0067,0.1126,0,3.2500,1,1.0000,0.0000,0.7100,41.1746,1.4066,0.1595,0.0000,0.0000
14700,C5,stressed,511,2.5550,-0.0043,0.1045,0,4.0833,1,1.0000,0.0000,0.6712,39.8834,1.7732,0.0903,0.0000,0.0000
14701,C5,adaptive,566,2.8300,-0.0051,0.1231,0,5.0000,1,1.0000,0.0000,0.6696,32.4776,2.0349,-0.0475,0.0000,0.0000
14702,C5,broken_down,562,2.8100,-0.0047,0.1095,0,4.0000,1,0.9872,0.0152,0.6975,39.0510,2.0574,0.0562,0.0000,0.0000
14703,C5,stressed,515,2.5750,-0.0060,0.1159,0,3.8462,1,1.0000,0.0000,0.6757,42.4052,2.1929,0.1220,0.0000,0.0000
14704,C5,adaptive,534,2.6700,-0.0053,0.1158,0,3.7857,1,1.0000,0.0000,0.6854,33.8716,2.1707,0.0932,0.0000,0.0000
14705,C5,adaptive,523,2.6150,-0.0064,0.1383,0,5.3000,1,1.0000,0.0000,0.6424,36.0565,1.6483,0.1357,0.0000,0.0000
14706,C5,broken_down,562,2.8100,-0.0055,0.1152,0,3.3750,1,1.0000,0.0000,0.7011,39.7030,1.9753,0.0975,0.0000,0.0000
14707,C5,adaptive,527,2.6350,-0.0039,0.1025,0,4.1667,1,1.0000,0.0000,0.6755,36.2500,1.8585,-0.0015,0.0000,0.0000
14708,C5,broken_down,522,2.6100,-0.0024,0.1503,0,4.9231,1,1.0000,0.0000,0.6513,41.6294,1.7374,-0.0152,0.0000,0.0000
14709,C5,stressed,519,2.5950,-0.0066,0.0987,0,3.6154,1,1.0000,0.0000,0.6686,41.8876,1.6709,0.0323,0.0000,0.0000
14710,C5,stable,521,2.6050,-0.0031,0.0830,0,2.8824,1,1.0000,0.0000,0.6967,39.6501,2.2513,0.0199,0.0000,0.0000
14711,C5,broken_down,508,2.5400,-0.0041,0.0845,0,3.0000,1,1.0000,0.0000,0.6693,38.9118,1.7986,0.0397,0.0000,0.0000
14712,C5,stressed,526,2.6300,-0.0033,0.1208,0,4.6667,1,1.0000,0.0000,0.7053,36.2992,1.7509,0.0031,0.0000,0.0000
14713,C5,broken_down,534,2.6700,-0.0060,0.1222,0,4.9091,1,0.9872,0.0152,0.7285,39.0874,1.9183,0.0672,0.0000,0.0000
14714,C5,stressed,526,2.6300,-0.0043,0.1506,0,10.0000,1,1.0000,0.0000,0.6882,35.6077,1.9582,0.1211,0.0000,0.0000
14715,C5,adaptive,521,2.6050,-0.0027,0.0969,0,3.0625,1,1.0000,0.0000,0.6699,38.8424,1.9858,0.0282,0.0000,0.0000
14716,C5,stressed,516,2.5800,-0.0070,0.1118,0,3.5000,1,1.0000,0.0000,0.6453,37.1171,1.9879,0.0129,0.0000,0.0000
14717,C5,broken_down,480,2.4000,-0.0050,0.0990,0,3.9167,1,1.0000,0.0000,0.6542,40.8408,1.8948,-0.0522,0.0000,0.0000
14718,C5,adaptive,510,2.5500,-0.0063,0.1062,0,2.5500,1,1.0000,0.0000,0.6765,38.6261,1.7609,0.1675,0.0000,0.0000
14719,C5,broken_down,553,2.7650,-0.0066,0.1188,0,4.6667,1,1.0000,0.0000,0.7288,39.2556,1.6866,0.2033,0.0000,0.0000
14720,C5,stressed,550,2.7500,-0.0045,0.1071,0,4.5833,1,1.0000,0.0000,0.6600,36.0882,2.1148,0.1453,0.0000,0.0000
14721,C5,adaptive,530,2.6500,-0.0016,0.0909,0,2.6000,1,1.0000,0.0000,0.7000,40.1078,1.8382,-0.0405,0.0000,0.0000
14722,C5,broken_down,511,2.5550,-0.0053,0.1105,0,2.6316,1,1.0000,0.0000,0.6986,42.7339,1.8131,0.1746,0.0000,0.0000
14723,C5,stressed,554,2.7700,-0.0006,0.1030,0,3.3125,1,1.0000,0.0000,0.6498,38.4056,2.0616,0.0047,0.0000,0.0000
14724,C5,adaptive,538,2.6900,-0.0038,0.1110,0,2.7000,1,1.0000,0.0000,0.7230,36.9846,1.8196,-0.0024,0.0000,0.0000
14725,C5,stressed,517,2.5850,-0.0051,0.1190,0,4.9000,1,1.0000,0.0000,0.7002,39.4006,1.8776,-0.0063,0.0000,0.0000
14726,C5,broken_down,529,2.6450,-0.0060,0.0890,0,4.9000,1,1.0000,0.0000,0.7335,40.3093,1.6597,0.1039,0.0000,0.0000
14727,C5,adaptive,542,2.7100,-0.0061,0.1036,0,4.1667,1,1.0000,0.0000,0.6900,40.0829,2.2861,-0.1161,0.0000,0.0000
14728,C5,adaptive,508,2.5400,-0.0031,0.1108,0,3.8000,1,1.0000,0.0000,0.6988,36.7549,1.6603,0.0638,0.0000,0.0000
14729,C5,stressed,537,2.6850,-0.0047,0.1215,0,4.6667,1,1.0000,0.0000,0.6909,35.2615,2.1329,-0.0169,0.0000,0.0000
14730,C5,broken_down,525,2.6250,-0.0061,0.0882,0,4.7000,1,1.0000,0.0000,0.6629,38.8851,2.1695,0.0520,0.0000,0.0000
14731,C5,stressed,524,2.6200,-0.0051,0.0849,0,3.2667,1,1.0000,0.0000,0.6737,36.8499,1.7308,0.1766,0.0000,0.0000
14732,C5,stressed,515,2.5750,-0.0058,0.0974,0,3.2667,1,1.0000,0.0000,0.6466,36.7808,2.3115,-0.0702,0.0000,0.0000
14733,C5,broken_down,511,2.5550,-0.0039,0.1298,0,5.5000,1,1.0000,0.0000,0.7143,42.1534,1.6335,0.2180,0.0000,0.0000
14734,C5,adaptive,524,2.6200,-0.0045,0.1083,0,4.2500,1,1.0000,0.0000,0.6985,37.8798,1.6607,0.1385,0.0000,0.0000
14735,C5,stressed,504,2.5200,-0.0014,0.0925,0,3.0000,1,1.0000,0.0000,0.6647,38.2657,1.9593,0.0521,0.0000,0.0000
14736,C5,stressed,527,2.6350,-0.0032,0.1045,0,6.2500,1,1.0000,0.0000,0.6926,39.2986,1.9219,-0.0085,0.0000,0.0000
14737,C5,broken_down,516,2.5800,-0.0040,0.0900,0,2.5556,1,0.9872,0.0152,0.7035,38.5399,1.7712,0.1918,0.0000,0.0000
14738,C5,adaptive,513,2.5650,-0.0044,0.1056,0,4.9000,1,1.0000,0.0000,0.7154,38.7738,1.7616,0.0534,0.0000,0.0000
14739,C5,broken_down,540,2.7000,-0.0064,0.1194,0,4.0000,1,1.0000,0.0000,0.7000,38.4815,1.8168,0.1112,0.0000,0.0000
14740,C5,broken_down,498,2.4900,-0.0021,0.0973,0,4.6000,1,1.0000,0.0000,0.6687,40.5255,1.6145,0.1584,0.0000,0.0000
14741,C5,stressed,520,2.6000,-0.0060,0.1243,0,3.7333,1,1.0000,0.0000,0.7019,36.7671,1.8847,0.0896,0.0000,0.0000
14742,C5,stressed,531,2.6550,-0.0033,0.1165,0,3.6667,1,1.0000,0.0000,0.6930,37.3560,1.5576,0.0942,0.0000,0.0000
14743,C5,adaptive,530,2.6500,-0.0022,0.1161,0,6.1111,1,1.0000,0.0000,0.6585,37.5186,1.7884,0.0128,0.0000,0.0000
14744,C5,stressed,529,2.6450,-0.0053,0.1253,0,4.7273,1,1.0000,0.0000,0.6957,34.9429,1.6951,0.1835,0.0000,0.0000
14745,C5,adaptive,536,2.6800,-0.0061,0.1524,0,4.1333,1,1.0000,0.0000,0.6884,38.3984,1.7536,0.0959,0.0000,0.0000
14746,C5,broken_down,532,2.6600,-0.0070,0.1298,0,3.9286,1,1.0000,0.0000,0.6936,38.0515,1.7470,0.0684,0.0000,0.0000
14747,C5,broken_down,533,2.6650,-0.0040,0.1175,0,4.9167,1,1.0000,0.0000,0.6942,39.2730,2.0190,0.0789,0.0000,0.0000
14748,C5,stressed,535,2.6750,-0.0048,0.1211,0,3.4118,1,1.0000,0.0000,0.6841,37.0601,1.8654,0.0216,0.0000,0.0000
14749,C5,broken_down,539,2.6950,-0.0039,0.1210,0,4.3077,1,1.0000,0.0000,0.7106,33.8877,1.8763,0.0540,0.0000,0.0000
14750,C5,stressed,503,2.5150,-0.0034,0.1187,0,3.0000,1,1.0000,0.0000,0.6859,38.0870,1.9027,0.0149,0.0000,0.0000
14751,C5,broken_down,529,2.6450,-0.0041,0.1332,0,4.9091,1,1.0000,0.0000,0.6957,37.7092,2.0616,-0.0704,0.0000,0.0000
14752,C5,broken_down,523,2.6150,-0.0019,0.1135,0,4.5833,1,1.0000,0.0000,0.7036,42.1304,1.9249,0.0791,0.0000,0.0000
14753,C5,stressed,545,2.7250,-0.0034,0.1149,0,6.5000,1,1.0000,0.0000,0.7284,38.5013,1.9242,0.0063,0.0000,0.0000
14754,C5,adaptive,519,2.5950,-0.0037,0.1141,0,3.6429,1,1.0000,0.0000,0.7225,41.8587,1.8054,0.0834,0.0000,0.0000
14755,C5,stressed,542,2.7100,-0.0077,0.1147,0,4.9091,1,1.0000,0.0000,0.6974,34.6640,2.0774,0.1103,0.0000,0.0000
14756,C5,stressed,532,2.6600,-0.0037,0.1437,0,3.8571,1,1.0000,0.0000,0.6617,39.0028,1.7437,0.0890,0.0000,0.0000
14757,C5,broken_down,526,2.6300,-0.0038,0.1217,0,5.4000,1,1.0000,0.0000,0.6806,36.4385,1.6408,-0.1092,0.0000,0.0000
14758,C5,broken_down,532,2.6600,-0.0051,0.1079,0,3.2941,1,1.0000,0.0000,0.6711,36.8908,1.8827,-0.0443,0.0000,0.0000
14759,C5,adaptive,521,2.6050,-0.0049,0.1208,0,4.3333,1,1.0000,0.0000,0.7332,38.6806,1.9615,0.0135,0.0000,0.0000
14760,C5,stressed,482,2.4100,-0.0047,0.1053,0,3.3333,1,1.0000,0.0000,0.6535,40.3968,2.1424,0.1129,0.0000,0.0000
14761,C5,broken_down,504,2.5200,-0.0018,0.0788,0,3.2857,1,1.0000,0.0000,0.6667,39.0565,1.9515,0.0274,0.0000,0.0000
14762,C5,broken_down,517,2.5850,-0.0016,0.1312,0,5.3000,1,0.9872,0.0152,0.6944,39.6462,1.9019,-0.0456,0.0000,0.0000
14763,C5,stressed,535,2.6750,-0.0035,0.1121,0,4.3333,1,1.0000,0.0000,0.6841,37.4262,1.7106,0.0028,0.0000,0.0000
14764,C5,adaptive,530,2.6500,-0.0064,0.1080,0,4.7500,1,0.9872,0.0152,0.7245,37.9557,1.8359,0.1574,0.0000,0.0000
14765,C5,stressed,518,2.5900,-0.0055,0.1215,0,4.2857,1,1.0000,0.0000,0.6892,37.9636,1.6510,0.0408,0.0000,0.0000
14766,C5,adaptive,523,2.6150,-0.0051,0.1059,0,3.1250,1,1.0000,0.0000,0.6845,35.2737,1.8127,0.0645,0.0000,0.0000
14767,C5,stressed,499,2.4950,-0.0075,0.1014,0,5.3333,1,1.0000,0.0000,0.6453,39.9969,1.7392,0.0462,0.0000,0.0000
14768,C5,broken_down,558,2.7900,-0.0050,0.1194,0,3.4375,1,1.0000,0.0000,0.7258,36.2469,1.7746,0.1436,0.0000,0.0000
14769,C5,adaptive,511,2.5550,-0.0041,0.1141,0,3.7692,1,1.0000,0.0000,0.6810,43.1408,1.8687,0.1332,0.0000,0.0000
14770,C5,adaptive,510,2.5500,-0.0041,0.1119,0,3.4000,1,1.0000,0.0000,0.7176,34.7213,1.6457,0.1006,0.0000,0.0000
14771,C5,adaptive,537,2.6850,-0.0020,0.0877,0,3.2000,1,1.0000,0.0000,0.6872,35.5393,1.6539,0.0688,0.0000,0.0000
14772,C5,adaptive,481,2.4050,-0.0040,0.1119,0,2.3810,1,1.0000,0.0000,0.6694,34.8758,1.4365,0.0360,0.0000,0.0000
14773,C5,adaptive,516,2.5800,-0.0032,0.1041,0,3.7692,1,1.0000,0.0000,0.7074,39.1260,1.6552,0.1037,0.0000,0.0000
14774,C5,stressed,485,2.4250,-0.0068,0.1247,0,4.0000,1,1.0000,0.0000,0.6660,40.6316,1.7601,0.0811,0.0000,0.0000
14775,C5,stressed,509,2.5450,-0.0074,0.1179,0,3.0000,1,1.0000,0.0000,0.6542,39.6456,1.8665,0.0351,0.0000,0.0000
14776,C5,stressed,517,2.5850,-0.0051,0.1381,0,5.3636,1,1.0000,0.0000,0.7118,41.1658,1.6461,0.0922,0.0000,0.0000
14777,C5,stressed,552,2.7600,-0.0066,0.1042,0,4.4167,1,1.0000,0.0000,0.7301,37.5360,2.0269,0.0563,0.0000,0.0000
14778,C5,broken_down,539,2.6950,-0.0050,0.1224,0,6.6667,1,1.0000,0.0000,0.6846,40.3225,1.6926,0.0959,0.0000,0.0000
14779,C5,adaptive,514,2.5700,-0.0041,0.1269,0,5.1000,1,0.9744,0.0303,0.7257,36.3807,1.7371,-0.0354,0.0000,0.0000
14780,C5,adaptive,550,2.7500,-0.0033,0.1124,0,3.9286,1,1.0000,0.0000,0.6964,41.8486,1.6455,0.0610,0.0000,0.0000
14781,C5,adaptive,529,2.6450,-0.0076,0.1172,0,3.6429,1,1.0000,0.0000,0.6862,36.2507,1.8893,0.0324,0.0000,0.0000
14782,C5,adaptive,518,2.5900,-0.0032,0.1188,0,4.1667,1,1.0000,0.0000,0.7008,39.1543,1.6831,0.0702,0.0000,0.0000
14783,C5,adaptive,560,2.8000,-0.0057,0.1121,0,4.8333,1,1.0000,0.0000,0.6839,36.5300,2.3027,-0.0453,0.0000,0.0000
14784,C5,adaptive,541,2.7050,-0.0024,0.1180,0,3.7333,1,1.0000,0.0000,0.7190,38.5810,1.9109,-0.0004,0.0000,0.0000
14785,C5,stressed,505,2.5250,-0.0030,0.1081,0,3.0625,1,1.0000,0.0000,0.7030,38.8366,1.7386,0.0751,0.0000,0.0000
14786,C5,adaptive,527,2.6350,-0.0074,0.1171,0,3.1875,1,1.0000,0.0000,0.7059,38.0995,1.9066,0.1445,0.0000,0.0000
14787,C5,stressed,534,2.6700,-0.0051,0.1265,0,5.3000,1,1.0000,0.0000,0.6854,36.3005,1.8912,0.0732,0.0000,0.0000
14788,C5,adaptive,538,2.6900,-0.0014,0.1084,0,4.7273,1,0.9872,0.0152,0.6970,36.0747,1.9949,0.1393,0.0000,0.0000
14789,C5,broken_down,519,2.5950,-0.0064,0.0949,0,4.0000,1,1.0000,0.0000,0.6744,37.7429,1.8201,-0.0210,0.0000,0.0000
14790,C5,stressed,521,2.6050,-0.0062,0.1119,0,4.7273,1,1.0000,0.0000,0.7044,37.1526,1.9428,0.0472,0.0000,0.0000
14791,C5,adaptive,521,2.6050,-0.0049,0.1181,0,3.9231,1,1.0000,0.0000,0.6679,39.7356,1.6544,0.0974,0.0000,0.0000
14792,C5,adaptive,492,2.4600,-0.0061,0.1216,0,3.6154,1,1.0000,0.0000,0.6443,37.0379,1.8466,0.1613,0.0000,0.0000
14793,C5,broken_down,571,2.8550,-0.0040,0.1229,0,3.8571,1,0.9872,0.0152,0.6637,32.3140,2.0391,-0.0060,0.0000,0.0000
14794,C5,adaptive,501,2.5050,-0.0024,0.1029,0,3.0667,1,1.0000,0.0000,0.7066,42.2203,1.9246,0.0073,0.0000,0.0000
14795,C5,stressed,514,2.5700,-0.0032,0.1155,0,3.3125,1,0.9872,0.0152,0.6926,39.1433,1.7212,0.1015,0.0000,0.0000
14796,C5,adaptive,537,2.6850,-0.0054,0.1071,0,3.7857,1,1.0000,0.0000,0.6983,40.0827,1.8612,0.1780,0.0000,0.0000
14797,C5,broken_down,526,2.6300,-0.0032,0.0983,0,3.7692,1,1.0000,0.0000,0.6578,37.3497,2.0070,-0.0113,0.0000,0.0000
14798,C5,stressed,549,2.7450,-0.0059,0.1000,0,3.3125,1,1.0000,0.0000,0.7086,38.4036,2.0159,0.0716,0.0000,0.0000
14799,C5,broken_down,550,2.7500,-0.0058,0.1234,0,3.8571,1,1.0000,0.0000,0.7382,38.5000,1.9787,0.0614,0.0000,0.0000
14800,C5,broken_down,506,2.5300,-0.0087,0.1174,0,3.0588,1,1.0000,0.0000,0.6719,38.7559,1.7486,0.1369,0.0000,0.0000
14801,C5,broken_down,519,2.5950,-0.0059,0.1301,0,4.7500,1,1.0000,0.0000,0.6802,37.3881,1.6088,0.0944,0.0000,0.0000
14802,C5,stressed,517,2.5850,-0.0033,0.1000,0,3.7143,1,1.0000,0.0000,0.6750,37.7593,1.7079,0.0156,0.0000,0.0000
14803,C5,adaptive,508,2.5400,-0.0038,0.1075,0,3.4000,1,1.0000,0.0000,0.6555,43.0811,1.5990,-0.0478,0.0000,0.0000
14804,C5,broken_down,542,2.7100,-0.0034,0.0775,0,2.9375,1,1.0000,0.0000,0.6974,37.6270,1.6957,-0.0035,0.0000,0.0000
14805,C5,broken_down,545,2.7250,-0.0024,0.1101,0,3.8571,1,1.0000,0.0000,0.6844,39.4584,2.1574,-0.0382,0.0000,0.0000
14806,C5,stressed,527,2.6350,-0.0026,0.1033,0,4.0769,1,1.0000,0.0000,0.6452,35.2794,1.9608,0.0055,0.0000,0.0000
14807,C5,stressed,530,2.6500,-0.0048,0.1147,0,4.2143,1,1.0000,0.0000,0.6472,39.7347,1.9626,0.0349,0.0000,0.0000
14808,C5,adaptive,548,2.7400,-0.0065,0.1202,0,4.5833,1,1.0000,0.0000,0.6788,39.0403,2.2839,0.1056,0.0000,0.0000
14809,C5,broken_down,505,2.5250,-0.0028,0.1130,0,3.3333,1,0.9744,0.0303,0.6891,32.3966,1.8943,0.0048,0.0000,0.0000
14810,C5,broken_down,523,2.6150,-0.0077,0.1047,0,4.3333,1,1.0000,0.0000,0.6941,36.6887,1.5078,0.0898,0.0000,0.0000
14811,C5,adaptive,499,2.4950,-0.0046,0.1181,0,3.6923,1,1.0000,0.0000,0.6794,40.1711,1.7875,0.0257,0.0000,0.0000
14812,C5,adaptive,529,2.6450,-0.0026,0.1102,0,5.0000,1,1.0000,0.0000,0.7202,36.2388,1.8978,-0.1328,0.0000,0.0000
14813,C5,broken_down,520,2.6000,-0.0084,0.1222,0,3.8571,1,1.0000,0.0000,0.6904,33.9248,1.8849,0.1510,0.0000,0.0000
14814,C5,stressed,521,2.6050,-0.0025,0.0904,0,3.5714,1,1.0000,0.0000,0.7313,40.0367,1.8180,-0.0215,0.0000,0.0000
14815,C5,broken_down,555,2.7750,-0.0047,0.1433,0,8.0000,1,1.0000,0.0000,0.7045,36.7903,2.4974,-0.1096,0.0000,0.0000
14816,C5,stressed,549,2.7450,-0.0032,0.1054,0,3.1765,1,1.0000,0.0000,0.7067,36.7835,1.9037,-0.0122,0.0000,0.0000
14817,C5,stressed,509,2.5450,-0.0049,0.0798,0,3.2143,1,1.0000,0.0000,0.6974,40.6507,1.7287,0.0083,0.0000,0.0000
14818,C5,stressed,546,2.7300,-0.0040,0.0995,0,2.9412,1,1.0000,0.0000,0.7088,36.9897,2.0539,0.1068,0.0000,0.0000
14819,C5,broken_down,522,2.6100,-0.0051,0.0917,0,3.0000,1,1.0000,0.0000,0.6820,41.1742,1.9182,0.0384,0.0000,0.0000
14820,C5,adaptive,516,2.5800,-0.0039,0.1163,0,3.7692,1,1.0000,0.0000,0.6512,34.7738,1.7587,0.0979,0.0000,0.0000
14821,C5,broken_down,517,2.5850,-0.0017,0.1044,0,3.5714,1,1.0000,0.0000,0.7002,37.1934,1.8595,0.0356,0.0000,0.0000
14822,C5,stable,556,2.7800,-0.0090,0.1151,0,3.9286,1,1.0000,0.0000,0.6853,37.2835,2.1043,0.0643,0.0000,0.0000
14823,C5,adaptive,548,2.7400,-0.0032,0.1370,0,5.4545,1,1.0000,0.0000,0.6916,40.0053,2.1202,-0.0435,0.0000,0.0000
14824,C5,stressed,522,2.6100,-0.0031,0.1138,0,2.8824,1,1.0000,0.0000,0.6648,38.7089,1.7364,0.0847,0.0000,0.0000
14825,C5,broken_down,527,2.6350,-0.0012,0.1121,0,4.9000,1,1.0000,0.0000,0.6300,36.0753,2.1457,0.0078,0.0000,0.0000
14826,C5,adaptive,517,2.5850,-0.0026,0.1422,0,5.8889,1,0.9872,0.0152,0.6770,38.4143,1.8884,0.0694,0.0000,0.0000
14827,C5,adaptive,522,2.6100,-0.0057,0.1146,0,3.7143,1,1.0000,0.0000,0.6839,34.1793,1.7744,-0.0355,0.0000,0.0000
14828,C5,broken_down,545,2.7250,-0.0043,0.1064,0,4.1538,1,1.0000,0.0000,0.6899,34.6543,2.0517,0.0547,0.0000,0.0000
14829,C5,stressed,506,2.5300,-0.0020,0.1195,0,5.6667,1,0.9872,0.0152,0.7016,38.8507,1.7796,0.0434,0.0000,0.0000
14830,C5,adaptive,549,2.7450,-0.0047,0.1000,0,4.5455,1,1.0000,0.0000,0.7067,32.1572,1.4036,0.0091,0.0000,0.0000
14831,C5,broken_down,507,2.5350,-0.0047,0.1435,0,5.1818,1,1.0000,0.0000,0.6430,39.3926,2.0748,-0.0459,0.0000,0.0000
14832,C5,stressed,543,2.7150,-0.0029,0.1099,0,4.0000,1,1.0000,0.0000,0.7017,34.0787,1.7184,0.0820,0.0000,0.0000
14833,C5,adaptive,546,2.7300,-0.0020,0.0983,0,4.0000,1,1.0000,0.0000,0.6593,42.4111,1.7433,0.0722,0.0000,0.0000
14834,C5,adaptive,531,2.6550,-0.0030,0.0982,0,6.3750,1,0.9872,0.0152,0.7382,35.9847,1.7847,0.0656,0.0000,0.0000
14835,C5,broken_down,541,2.7050,-0.0037,0.1078,0,4.5000,1,1.0000,0.0000,0.6987,37.5291,1.8715,-0.0296,0.0000,0.0000
14836,C5,stressed,562,2.8100,-0.0019,0.0832,0,2.8889,1,1.0000,0.0000,0.6922,33.1234,1.8357,0.0851,0.0000,0.0000
14837,C5,adaptive,536,2.6800,-0.0032,0.1177,0,5.6000,1,1.0000,0.0000,0.6642,37.5843,1.8703,0.1033,0.0000,0.0000
14838,C5,adaptive,510,2.5500,-0.0027,0.1418,0,5.7778,1,1.0000,0.0000,0.6588,40.1577,1.8776,-0.0686,0.0000,0.0000
14839,C5,adaptive,529,2.6450,-0.0065,0.0916,0,2.6667,1,1.0000,0.0000,0.7278,38.4649,1.4975,0.2269,0.0000,0.0000
14840,C5,adaptive,487,2.4350,-0.0004,0.1147,0,3.8333,1,1.0000,0.0000,0.6530,36.3679,1.6542,-0.1036,0.0000,0.0000
14841,C5,adaptive,498,2.4900,-0.0054,0.0970,0,3.2143,1,1.0000,0.0000,0.6506,38.5185,1.7747,0.0493,0.0000,0.0000
14842,C5,adaptive,565,2.8250,-0.0046,0.1332,0,4.0667,1,0.9872,0.0152,0.6513,36.1984,1.8825,-0.0750,0.0000,0.0000
14843,C5,adaptive,538,2.6900,-0.0056,0.1367,0,8.1429,1,1.0000,0.0000,0.6580,38.3588,1.6265,0.0725,0.0000,0.0000
14844,C5,stressed,522,2.6100,-0.0071,0.1090,0,3.2941,1,1.0000,0.0000,0.6762,35.8074,1.7486,0.0393,0.0000,0.0000
14845,C5,adaptive,510,2.5500,-0.0064,0.1267,0,5.8000,1,1.0000,0.0000,0.6529,35.4865,1.5229,0.0229,0.0000,0.0000
14846,C5,adaptive,497,2.4850,-0.0020,0.1111,0,3.9231,1,1.0000,0.0000,0.6881,39.4561,1.7398,0.0373,0.0000,0.0000
14847,C5,adaptive,545,2.7250,-0.0019,0.1076,0,5.2000,1,1.0000,0.0000,0.6771,37.8482,1.7306,0.0581,0.0000,0.0000
14848,C5,stressed,526,2.6300,-0.0037,0.1334,0,3.7333,1,0.9872,0.0152,0.6825,39.1226,1.6941,0.0697,0.0000,0.0000
14849,C5,stressed,520,2.6000,-0.0041,0.1160,0,5.3333,1,1.0000,0.0000,0.6673,38.9424,2.3059,-0.0977,0.0000,0.0000
14850,C5,broken_down,524,2.6200,-0.0079,0.1210,0,3.5714,1,1.0000,0.0000,0.6851,37.3565,1.8945,0.1015,0.0000,0.0000
14851,C5,stressed,515,2.5750,-0.0022,0.1192,0,4.6364,1,1.0000,0.0000,0.6951,39.8128,1.6825,0.1209,0.0000,0.0000
14852,C5,stressed,520,2.6000,-0.0056,0.0891,0,3.5714,1,1.0000,0.0000,0.6654,37.0347,1.6814,0.1275,0.0000,0.0000
14853,C5,broken_down,519,2.5950,-0.0050,0.1209,0,3.4000,1,1.0000,0.0000,0.6956,41.1745,1.8614,-0.0121,0.0000,0.0000
14854,C5,adaptive,575,2.8750,-0.0044,0.1266,0,4.3571,1,1.0000,0.0000,0.6748,38.2603,1.9634,0.0200,0.0000,0.0000
14855,C5,adaptive,523,2.6150,-0.0031,0.1183,0,3.9231,1,1.0000,0.0000,0.6635,36.3573,1.7427,0.0102,0.0000,0.0000
14856,C5,broken_down,509,2.5450,-0.0054,0.1230,0,3.2500,1,1.0000,0.0000,0.6798,37.8988,1.9264,0.0473,0.0000,0.0000
14857,C5,broken_down,584,2.9200,-0.0029,0.1027,0,4.7500,1,1.0000,0.0000,0.7089,35.2512,1.7512,0.0039,0.0000,0.0000
14858,C5,stressed,480,2.4000,-0.0031,0.1077,0,4.5000,1,1.0000,0.0000,0.6229,38.7358,1.7581,-0.0099,0.0000,0.0000
14859,C5,broken_down,537,2.6850,-0.0033,0.1177,0,5.8889,1,0.9872,0.0152,0.6946,38.0268,1.8187,0.0395,0.0000,0.0000
14860,C5,stressed,533,2.6650,-0.0059,0.0820,0,3.2667,1,1.0000,0.0000,0.6717,39.5447,1.6598,0.1029,0.0000,0.0000
14861,C5,broken_down,501,2.5050,-0.0069,0.1179,0,3.5000,1,1.0000,0.0000,0.6467,37.8457,2.0465,0.0900,0.0000,0.0000
14862,C5,stressed,521,2.6050,-0.0043,0.1098,0,3.9231,1,1.0000,0.0000,0.6737,39.2877,1.9906,-0.1073,0.0000,0.0000
14863,C5,adaptive,555,2.7750,-0.0046,0.1067,0,4.3333,1,1.0000,0.0000,0.7099,34.2487,1.8027,0.0593,0.0000,0.0000
14864,C5,adaptive,532,2.6600,-0.0068,0.1128,0,3.1765,1,1.0000,0.0000,0.6598,34.5726,2.3517,-0.0114,0.0000,0.0000
14865,C5,stressed,548,2.7400,-0.0050,0.1053,0,2.8889,1,1.0000,0.0000,0.6624,37.8760,1.8746,0.0638,0.0000,0.0000
14866,C5,broken_down,514,2.5700,-0.0083,0.1066,0,2.6842,1,1.0000,0.0000,0.6537,39.9196,1.5554,0.2054,0.0000,0.0000
14867,C5,adaptive,528,2.6400,0.0002,0.1337,0,4.9091,1,0.9872,0.0152,0.6970,36.8043,1.9999,0.0138,0.0000,0.0000
14868,C5,adaptive,504,2.5200,-0.0054,0.1117,0,5.1111,1,1.0000,0.0000,0.6687,35.7329,1.3699,0.0941,0.0000,0.0000
14869,C5,stressed,526,2.6300,-0.0034,0.1138,0,4.2308,1,1.0000,0.0000,0.7034,41.2568,1.8960,0.0560,0.0000,0.0000
14870,C5,adaptive,534,2.6700,-0.0054,0.1017,0,3.5714,1,1.0000,0.0000,0.6779,39.1823,1.7150,0.0491,0.0000,0.0000
14871,C5,adaptive,518,2.5900,0.0000,0.1123,0,6.0000,1,1.0000,0.0000,0.6564,38.9500,1.9681,0.1423,0.0000,0.0000
14872,C5,stressed,553,2.7650,-0.0049,0.0979,0,2.8889,1,1.0000,0.0000,0.6383,38.8102,1.6032,0.0919,0.0000,0.0000
14873,C5,broken_down,511,2.5550,-0.0040,0.1313,0,5.4444,1,1.0000,0.0000,0.6595,38.1098,1.7248,-0.0138,0.0000,0.0000
14874,C5,broken_down,499,2.4950,-0.0047,0.1295,0,5.5556,1,1.0000,0.0000,0.7054,40.2443,1.6237,0.1374,0.0000,0.0000
14875,C5,broken_down,528,2.6400,-0.0060,0.1084,0,3.8462,1,1.0000,0.0000,0.6383,39.1780,1.6776,0.1711,0.0000,0.0000
14876,C5,adaptive,539,2.6950,-0.0061,0.1079,0,2.5714,1,1.0000,0.0000,0.7254,37.2046,1.9021,0.1634,0.0000,0.0000
14877,C5,stressed,568,2.8400,-0.0069,0.1501,0,3.7647,1,1.0000,0.0000,0.7077,39.1119,2.0532,0.0680,0.0000,0.0000
14878,C5,stressed,513,2.5650,-0.0058,0.1230,0,3.8462,1,1.0000,0.0000,0.6920,36.5662,1.6616,-0.0668,0.0000,0.0000
14879,C5,stressed,545,2.7250,-0.0030,0.1025,0,3.2500,1,1.0000,0.0000,0.7450,38.1724,2.2172,0.0005,0.0000,0.0000
14880,C5,adaptive,543,2.7150,-0.0039,0.0901,0,3.5714,1,1.0000,0.0000,0.6998,36.5263,2.1246,0.0416,0.0000,0.0000
14881,C5,adaptive,516,2.5800,-0.0018,0.1291,0,5.2000,1,1.0000,0.0000,0.7190,36.5418,1.8092,-0.0565,0.0000,0.0000
14882,C5,broken_down,529,2.6450,-0.0025,0.1137,0,3.3333,1,1.0000,0.0000,0.6862,38.4848,1.7134,0.1898,0.0000,0.0000
14883,C5,adaptive,536,2.6800,-0.0051,0.0959,0,2.4500,1,1.0000,0.0000,0.6978,37.0000,1.6593,0.1120,0.0000,0.0000
14884,C5,stressed,561,2.8050,-0.0078,0.1440,0,3.5000,1,1.0000,0.0000,0.7112,37.9499,1.6025,0.1875,0.0000,0.0000
14885,C5,adaptive,552,2.7600,-0.0024,0.0998,0,3.2500,1,1.0000,0.0000,0.7120,35.1578,2.1657,0.0883,0.0000,0.0000
14886,C5,stressed,497,2.4850,-0.0021,0.1300,0,3.9231,1,1.0000,0.0000,0.6740,36.6060,1.6993,0.0308,0.0000,0.0000
14887,C5,adaptive,546,2.7300,-0.0044,0.1045,0,3.2500,1,1.0000,0.0000,0.6795,39.1024,1.8831,0.0440,0.0000,0.0000
14888,C5,broken_down,559,2.7950,-0.0030,0.1095,0,3.4667,1,1.0000,0.0000,0.7209,38.2432,2.0637,-0.0073,0.0000,0.0000
14889,C5,adaptive,491,2.4550,-0.0002,0.1109,0,3.9231,1,1.0000,0.0000,0.6293,41.7508,1.5145,-0.0674,0.0000,0.0000
14890,C5,stressed,539,2.6950,-0.0046,0.1016,0,3.8571,1,1.0000,0.0000,0.6753,39.1868,1.6550,0.0845,0.0000,0.0000
14891,C5,stressed,519,2.5950,-0.0031,0.0952,0,3.2000,1,1.0000,0.0000,0.6994,41.0193,1.9150,-0.0004,0.0000,0.0000
14892,C5,stressed,530,2.6500,-0.0052,0.1094,0,3.5625,1,1.0000,0.0000,0.6698,39.1972,2.3607,0.0345,0.0000,0.0000
14893,C5,adaptive,538,2.6900,-0.0030,0.1232,0,4.5000,1,1.0000,0.0000,0.7286,41.2628,1.7534,-0.0488,0.0000,0.0000
14894,C5,stressed,532,2.6600,-0.0063,0.1163,0,3.5333,1,1.0000,0.0000,0.6805,39.3564,1.7976,0.0659,0.0000,0.0000
14895,C5,broken_down,515,2.5750,-0.0053,0.1099,0,4.3333,1,1.0000,0.0000,0.6583,38.8171,2.0691,0.0722,0.0000,0.0000
14896,C5,adaptive,553,2.7650,-0.0048,0.0999,0,3.2941,1,1.0000,0.0000,0.6854,35.0686,1.8176,0.0411,0.0000,0.0000
14897,C5,adaptive,576,2.8800,-0.0062,0.1138,0,5.1818,1,1.0000,0.0000,0.6875,39.5758,1.7445,0.0181,0.0000,0.0000
14898,C5,stressed,542,2.7100,-0.0057,0.1294,0,3.1111,1,1.0000,0.0000,0.6587,37.1036,1.7158,0.2054,0.0000,0.0000
14899,C5,stressed,515,2.5750,-0.0045,0.1258,0,3.4375,1,1.0000,0.0000,0.6311,37.3538,1.6625,0.1205,0.0000,0.0000
14900,C5,adaptive,521,2.6050,-0.0033,0.1039,0,3.5000,1,1.0000,0.0000,0.6603,38.3023,2.0455,-0.1242,0.0000,0.0000
14901,C5,stressed,504,2.5200,-0.0059,0.1065,0,2.4500,1,1.0000,0.0000,0.6488,43.3058,1.8302,-0.0220,0.0000,0.0000
14902,C5,adaptive,533,2.6650,-0.0051,0.1155,0,3.6000,1,1.0000,0.0000,0.6904,36.1495,1.5624,0.0669,0.0000,0.0000
14903,C5,adaptive,533,2.6650,-0.0042,0.1181,0,4.0769,1,0.9872,0.0152,0.7261,42.3979,1.9522,0.0583,0.0000,0.0000
14904,C5,adaptive,516,2.5800,-0.0013,0.1512,0,5.6000,1,0.9872,0.0152,0.6822,36.0284,1.8611,0.1955,0.0000,0.0000
14905,C5,broken_down,528,2.6400,-0.0085,0.1384,0,4.2308,1,0.9872,0.0152,0.6894,37.2225,1.8874,0.2277,0.0000,0.0000
14906,C5,adaptive,503,2.5150,-0.0020,0.1135,0,5.0000,1,1.0000,0.0000,0.6740,39.6667,1.8784,0.0402,0.0000,0.0000
14907,C5,broken_down,496,2.4800,-0.0054,0.1120,0,5.4444,1,1.0000,0.0000,0.6895,42.6374,1.7930,-0.0541,0.0000,0.0000
14908,C5,adaptive,516,2.5800,-0.0056,0.1136,0,3.9286,1,1.0000,0.0000,0.6609,35.4311,1.6030,-0.0235,0.0000,0.0000
14909,C5,broken_down,520,2.6000,-0.0017,0.1391,0,4.4167,1,1.0000,0.0000,0.7154,38.7984,1.6657,0.0530,0.0000,0.0000
14910,C5,stressed,560,2.8000,-0.0014,0.1239,0,4.7500,1,1.0000,0.0000,0.7232,38.0716,1.9212,0.0890,0.0000,0.0000
14911,C5,stressed,558,2.7900,-0.0052,0.1266,0,8.2857,1,1.0000,0.0000,0.7061,36.3173,1.8284,0.0645,0.0000,0.0000
14912,C5,adaptive,523,2.6150,-0.0051,0.1083,0,4.0833,1,1.0000,0.0000,0.6730,36.5142,2.0061,0.1348,0.0000,0.0000
14913,C5,broken_down,553,2.7650,-0.0042,0.1310,0,5.3636,1,1.0000,0.0000,0.6962,34.8623,1.8274,-0.0989,0.0000,0.0000
14914,C5,adaptive,489,2.4450,-0.0021,0.1067,0,3.2000,1,1.0000,0.0000,0.6748,38.6667,1.5253,0.0504,0.0000,0.0000
14915,C5,stressed,497,2.4850,-0.0069,0.1031,0,3.6923,1,1.0000,0.0000,0.6459,38.4486,1.8302,0.0344,0.0000,0.0000
14916,C5,broken_down,531,2.6550,-0.0006,0.1043,0,3.0000,1,1.0000,0.0000,0.6780,39.3972,1.8689,0.1705,0.0000,0.0000
14917,C5,broken_down,517,2.5850,-0.0007,0.1101,0,3.5333,1,1.0000,0.0000,0.6731,37.0000,1.9062,-0.0497,0.0000,0.0000
14918,C5,adaptive,563,2.8150,-0.0038,0.0932,0,4.5455,1,1.0000,0.0000,0.7069,37.8693,2.4082,-0.0660,0.0000,0.0000
14919,C5,adaptive,506,2.5300,-0.0031,0.1070,0,4.1818,1,1.0000,0.0000,0.7372,36.9464,2.0063,0.1111,0.0000,0.0000
14920,C5,stressed,526,2.6300,-0.0064,0.1269,0,4.7500,1,1.0000,0.0000,0.6635,37.8395,1.6583,0.2034,0.0000,0.0000
14921,C5,broken_down,561,2.8050,-0.0052,0.1261,0,4.5833,1,1.0000,0.0000,0.6863,33.5377,2.0027,0.0906,0.0000,0.0000
14922,C5,broken_down,532,2.6600,-0.0034,0.1021,0,5.5556,1,1.0000,0.0000,0.6880,36.9016,2.0253,-0.0502,0.0000,0.0000
14923,C5,stressed,530,2.6500,-0.0065,0.1080,0,4.0000,1,0.9872,0.0152,0.6925,35.2916,1.7592,0.1420,0.0000,0.0000
14924,C5,stressed,483,2.4150,-0.0028,0.1379,0,5.3000,1,1.0000,0.0000,0.6335,38.5229,1.8268,-0.0795,0.0000,0.0000
14925,C5,broken_down,512,2.5600,-0.0054,0.1370,0,4.4167,1,0.9872,0.0152,0.7090,35.2452,1.6153,0.0771,0.0000,0.0000
14926,C5,adaptive,493,2.4650,-0.0025,0.1289,0,3.7692,1,1.0000,0.0000,0.6815,38.5744,2.0066,-0.0469,0.0000,0.0000
14927,C5,stressed,526,2.6300,-0.0017,0.0913,0,2.4000,1,1.0000,0.0000,0.7186,39.9762,1.6877,-0.0014,0.0000,0.0000
14928,C5,stressed,513,2.5650,-0.0029,0.1092,0,3.6429,1,1.0000,0.0000,0.6706,42.7762,1.9936,-0.0296,0.0000,0.0000
14929,C5,adaptive,533,2.6650,-0.0028,0.0996,0,2.7778,1,1.0000,0.0000,0.7073,37.7772,1.7442,0.0028,0.0000,0.0000
14930,C5,adaptive,522,2.6100,-0.0045,0.1161,0,4.7273,1,0.9872,0.0152,0.7011,38.8634,1.9239,-0.0102,0.0000,0.0000
14931,C5,stressed,535,2.6750,-0.0054,0.1254,0,4.1429,1,1.0000,0.0000,0.6879,38.5652,2.2105,-0.0124,0.0000,0.0000
14932,C5,stressed,528,2.6400,-0.0051,0.1113,0,5.1000,1,1.0000,0.0000,0.7083,36.3824,1.7378,0.0792,0.0000,0.0000
14933,C5,broken_down,474,2.3700,-0.0024,0.1237,0,4.5455,1,1.0000,0.0000,0.6371,43.0298,1.9365,0.1056,0.0000,0.0000
14934,C5,stressed,523,2.6150,-0.0077,0.0965,0,3.8462,1,1.0000,0.0000,0.6692,35.7800,1.7738,0.1462,0.0000,0.0000
14935,C5,adaptive,533,2.6650,-0.0033,0.1039,0,4.5455,1,1.0000,0.0000,0.6717,36.5866,2.1446,-0.0443,0.0000,0.0000
14936,C5,adaptive,530,2.6500,-0.0071,0.1170,0,3.7857,1,1.0000,0.0000,0.6811,34.7867,1.5572,0.1606,0.0000,0.0000
14937,C5,adaptive,517,2.5850,-0.0043,0.1318,0,4.6364,1,1.0000,0.0000,0.6925,36.0223,1.6402,0.0714,0.0000,0.0000
14938,C5,adaptive,509,2.5450,-0.0053,0.1306,0,4.4167,1,1.0000,0.0000,0.6817,39.9568,1.6585,0.0699,0.0000,0.0000
14939,C5,stressed,522,2.6100,-0.0016,0.1232,0,5.2000,1,1.0000,0.0000,0.6743,37.6989,1.5493,0.0460,0.0000,0.0000
14940,C5,adaptive,489,2.4450,-0.0042,0.1174,0,3.5385,1,1.0000,0.0000,0.6667,38.2454,1.5155,0.0724,0.0000,0.0000
14941,C5,broken_down,524,2.6200,-0.0015,0.1166,0,4.1538,1,1.0000,0.0000,0.7023,36.7690,2.1391,0.0955,0.0000,0.0000
14942,C5,broken_down,508,2.5400,-0.0047,0.1169,0,6.0000,1,1.0000,0.0000,0.6634,36.7626,1.9001,-0.0062,0.0000,0.0000
14943,C5,adaptive,527,2.6350,-0.0048,0.1150,0,3.8462,1,0.9872,0.0152,0.6528,39.0407,1.6727,0.0677,0.0000,0.0000
14944,C5,adaptive,531,2.6550,-0.0060,0.0936,0,3.0000,1,1.0000,0.0000,0.6874,37.6712,1.8720,0.0475,0.0000,0.0000
14945,C5,adaptive,538,2.6900,-0.0079,0.1090,0,4.0769,1,1.0000,0.0000,0.6989,38.5186,1.7200,0.1438,0.0000,0.0000
14946,C5,stressed,530,2.6500,-0.0076,0.1144,0,3.7857,1,1.0000,0.0000,0.7000,35.3558,1.7413,0.1071,0.0000,0.0000
14947,C5,broken_down,567,2.8350,-0.0067,0.0914,0,3.3750,1,1.0000,0.0000,0.6825,36.4057,1.8362,0.1013,0.0000,0.0000
14948,C5,broken_down,520,2.6000,-0.0046,0.1228,0,2.7500,1,1.0000,0.0000,0.6519,37.4012,1.9099,0.0822,0.0000,0.0000
14949,C5,stressed,509,2.5450,-0.0037,0.1158,0,3.7143,1,0.9872,0.0152,0.6542,37.8649,2.0910,0.0599,0.0000,0.0000
14950,C5,stressed,534,2.6700,-0.0015,0.0864,0,5.7500,1,1.0000,0.0000,0.6685,35.1036,1.8511,-0.0005,0.0000,0.0000
14951,C5,adaptive,531,2.6550,-0.0020,0.1017,0,3.5714,1,1.0000,0.0000,0.7194,34.9372,1.7701,-0.0838,0.0000,0.0000
14952,C5,adaptive,546,2.7300,-0.0065,0.1040,0,4.5455,1,1.0000,0.0000,0.6832,37.9383,1.8958,0.1178,0.0000,0.0000
14953,C5,stressed,545,2.7250,-0.0040,0.1104,0,4.6364,1,0.9872,0.0152,0.7046,34.3854,2.0796,0.0988,0.0000,0.0000
14954,C5,stressed,537,2.6850,-0.0034,0.1410,0,3.4444,1,0.9872,0.0152,0.7002,35.4309,1.5246,0.0793,0.0000,0.0000
14955,C5,broken_down,515,2.5750,-0.0045,0.0842,0,3.4000,1,1.0000,0.0000,0.6777,35.7393,1.8016,0.1517,0.0000,0.0000
14956,C5,broken_down,513,2.5650,-0.0079,0.1293,0,3.3750,1,1.0000,0.0000,0.7251,36.3548,1.7017,-0.0128,0.0000,0.0000
14957,C5,adaptive,525,2.6250,-0.0057,0.0961,0,4.8182,1,0.9872,0.0152,0.6914,36.1350,1.5898,-0.0086,0.0000,0.0000
14958,C5,adaptive,514,2.5700,-0.0071,0.0970,0,3.0588,1,1.0000,0.0000,0.6732,37.6792,1.9799,0.1627,0.0000,0.0000
14959,C5,stressed,530,2.6500,-0.0032,0.1286,0,5.2000,1,1.0000,0.0000,0.6736,38.4146,1.8695,-0.0746,0.0000,0.0000
14960,C5,adaptive,536,2.6800,-0.0035,0.1028,0,3.6429,1,0.9872,0.0152,0.6959,34.6220,2.1020,-0.0027,0.0000,0.0000
14961,C5,adaptive,491,2.4550,-0.0032,0.1213,0,4.9000,1,1.0000,0.0000,0.6843,36.7054,1.7132,0.0580,0.0000,0.0000
14962,C5,stressed,515,2.5750,-0.0026,0.1138,0,5.5556,1,1.0000,0.0000,0.6951,43.7570,1.6086,0.1042,0.0000,0.0000
14963,C5,broken_down,511,2.5550,-0.0062,0.0954,0,4.0000,1,1.0000,0.0000,0.6693,42.3567,1.5638,-0.0021,0.0000,0.0000
14964,C5,adaptive,522,2.6100,-0.0065,0.0999,0,3.3333,1,1.0000,0.0000,0.6341,33.9154,1.6830,0.0208,0.0000,0.0000
14965,C5,adaptive,526,2.6300,-0.0024,0.1226,0,5.2000,1,1.0000,0.0000,0.6711,39.1133,1.6808,0.1267,0.0000,0.0000
14966,C5,adaptive,536,2.6800,-0.0067,0.1194,0,3.9231,1,1.0000,0.0000,0.6735,41.9612,1.8179,0.0341,0.0000,0.0000
14967,C5,adaptive,509,2.5450,-0.0076,0.0877,0,3.1333,1,0.9872,0.0152,0.6935,40.0312,1.5555,0.1376,0.0000,0.0000
14968,C5,adaptive,534,2.6700,-0.0073,0.1158,0,3.3529,1,1.0000,0.0000,0.6948,38.8437,1.8963,0.1188,0.0000,0.0000
14969,C5,stressed,505,2.5250,-0.0054,0.1216,0,5.4444,1,0.9872,0.0152,0.6832,40.3217,1.7838,0.1001,0.0000,0.0000
14970,C5,broken_down,530,2.6500,-0.0041,0.0859,0,3.6154,1,1.0000,0.0000,0.6623,37.4103,2.0185,0.0684,0.0000,0.0000
14971,C5,stressed,562,2.8100,-0.0035,0.1068,0,3.9286,1,1.0000,0.0000,0.7331,35.9296,1.6551,0.0606,0.0000,0.0000
14972,C5,stressed,543,2.7150,-0.0012,0.1264,0,3.8571,1,1.0000,0.0000,0.6703,36.9560,2.2928,-0.0450,0.0000,0.0000
14973,C5,broken_down,562,2.8100,-0.0071,0.1341,0,3.8571,1,1.0000,0.0000,0.6744,40.5805,1.6298,0.0807,0.0000,0.0000
14974,C5,broken_down,568,2.8400,-0.0039,0.1281,0,3.9286,1,1.0000,0.0000,0.7289,35.7705,1.8178,-0.1524,0.0000,0.0000
14975,C5,adaptive,541,2.7050,-0.0034,0.0973,0,3.1176,1,1.0000,0.0000,0.7116,39.6364,1.7690,0.1765,0.0000,0.0000
14976,C5,adaptive,549,2.7450,-0.0075,0.1020,0,4.0769,1,1.0000,0.0000,0.7377,36.8519,2.0786,0.0096,0.0000,0.0000
14977,C5,stressed,536,2.6800,-0.0025,0.1211,0,5.7778,1,1.0000,0.0000,0.6623,36.5239,1.5366,0.0031,0.0000,0.0000
14978,C5,stressed,573,2.8650,-0.0068,0.0787,0,3.1250,1,1.0000,0.0000,0.6859,35.2239,1.6247,0.2279,0.0000,0.0000
14979,C5,adaptive,549,2.7450,-0.0036,0.1393,0,4.8333,1,1.0000,0.0000,0.6648,39.3233,2.0976,0.2020,0.0000,0.0000
14980,C5,adaptive,543,2.7150,-0.0043,0.0963,0,3.5714,1,1.0000,0.0000,0.6759,39.4905,2.0939,-0.0248,0.0000,0.0000
14981,C5,stressed,538,2.6900,-0.0054,0.1281,0,4.1538,1,0.9872,0.0152,0.7193,37.8088,2.0628,0.2066,0.0000,0.0000
14982,C5,broken_down,532,2.6600,-0.0065,0.1475,0,4.6667,1,1.0000,0.0000,0.6729,36.1564,1.4090,0.0298,0.0000,0.0000
14983,C5,stressed,533,2.6650,-0.0009,0.1111,0,3.7857,1,1.0000,0.0000,0.6867,35.7978,2.1302,0.0666,0.0000,0.0000
14984,C5,broken_down,535,2.6750,-0.0027,0.0952,0,2.9412,1,0.9872,0.0152,0.6748,40.8227,1.8630,0.1814,0.0000,0.0000
14985,C5,broken_down,507,2.5350,-0.0052,0.0992,0,3.1250,1,1.0000,0.0000,0.6686,33.9499,2.0015,-0.0623,0.0000,0.0000
14986,C5,broken_down,521,2.6050,-0.0059,0.1205,0,7.2857,1,1.0000,0.0000,0.6679,37.1178,2.1983,0.0676,0.0000,0.0000
14987,C5,adaptive,535,2.6750,-0.0028,0.1260,0,4.2500,1,1.0000,0.0000,0.6879,34.9212,2.1158,0.0002,0.0000,0.0000
14988,C5,stressed,538,2.6900,-0.0033,0.1324,0,4.1429,1,1.0000,0.0000,0.6896,38.0431,1.6813,-0.0249,0.0000,0.0000
14989,C5,broken_down,528,2.6400,-0.0033,0.1448,0,5.0000,1,1.0000,0.0000,0.6913,39.7260,1.8359,0.0313,0.0000,0.0000
14990,C5,adaptive,486,2.4300,-0.0012,0.1456,0,4.2500,1,0.9872,0.0152,0.7058,40.4956,1.6030,-0.0473,0.0000,0.0000
14991,C5,adaptive,579,2.8950,-0.0105,0.1145,0,4.4615,1,1.0000,0.0000,0.7150,34.9469,2.0666,0.2147,0.0000,0.0000
14992,C5,stressed,552,2.7600,-0.0034,0.1140,0,4.0714,1,1.0000,0.0000,0.7065,40.5795,1.6000,0.0092,0.0000,0.0000
14993,C5,stressed,539,2.6950,-0.0044,0.1030,0,2.7500,1,1.0000,0.0000,0.6865,38.8946,1.9034,0.0467,0.0000,0.0000
14994,C5,stressed,543,2.7150,-0.0071,0.1286,0,3.5882,1,1.0000,0.0000,0.7127,35.7959,1.9965,0.1060,0.0000,0.0000
14995,C5,adaptive,488,2.4400,-0.0042,0.1236,0,4.0833,1,0.9872,0.0152,0.6742,43.0365,1.7058,0.0349,0.0000,0.0000
14996,C5,stressed,522,2.6100,-0.0064,0.1482,0,6.0000,1,1.0000,0.0000,0.6437,40.9673,1.9950,0.0608,0.0000,0.0000
14997,C5,adaptive,522,2.6100,-0.0055,0.1099,0,6.2500,1,1.0000,0.0000,0.7031,39.9428,1.8412,0.1140,0.0000,0.0000
14998,C5,adaptive,528,2.6400,-0.0046,0.1463,0,5.6000,1,1.0000,0.0000,0.7064,35.6702,1.7087,-0.0378,0.0000,0.0000
14999,C5,adaptive,554,2.7700,-0.0042,0.1089,0,4.1667,1,1.0000,0.0000,0.6913,40.1958,1.7631,0.0120,0.0000,0.0000
