seed,condition,n_required,completed_at,final_integration,integration_at_window,n_destroyed_required,unique_items_at_perturbation,removed_originals_unshared
10000,C1,12,435,12,9,0,7,0
10001,C1,12,542,12,10,0,9,3
10002,C1,12,634,12,9,0,8,1
10003,C1,12,783,12,8,0,9,1
10004,C1,12,409,12,10,0,8,0
10005,C1,12,,11,9,1,12,2
10006,C1,12,,11,9,1,10,2
10007,C1,12,384,12,10,0,15,0
10008,C1,12,247,12,9,0,8,0
10009,C1,12,596,12,8,0,6,0
10010,C1,12,,11,9,1,11,3
10011,C1,12,445,12,8,0,7,0
10012,C1,12,654,12,9,0,12,1
10013,C1,12,,11,7,1,13,2
10014,C1,12,,11,8,1,7,2
10015,C1,12,543,12,9,0,7,1
10016,C1,12,,10,6,2,12,2
10017,C1,12,651,12,9,0,13,0
10018,C1,12,,11,7,1,10,1
10019,C1,12,594,12,8,0,12,1
10020,C1,12,497,12,9,0,13,0
10021,C1,12,587,12,9,0,13,2
10022,C1,12,249,12,8,0,13,0
10023,C1,12,326,12,9,0,5,0
10024,C1,12,424,12,9,0,11,0
10025,C1,12,,11,8,1,5,1
10026,C1,12,687,12,7,0,12,2
10027,C1,12,505,12,9,0,9,1
10028,C1,12,514,12,8,0,10,0
10029,C1,12,,11,8,1,12,2
10030,C1,12,,11,8,1,11,1
10031,C1,12,410,12,8,0,8,1
10032,C1,12,520,12,8,0,14,2
10033,C1,12,,11,7,1,15,1
10034,C1,12,640,12,10,0,10,2
10035,C1,12,366,12,8,0,15,1
10036,C1,12,463,12,8,0,10,0
10037,C1,12,465,12,9,0,5,0
10038,C1,12,496,12,7,0,11,1
10039,C1,12,,11,9,1,7,1
10040,C1,12,752,12,7,0,11,0
10041,C1,12,363,12,9,0,10,0
10042,C1,12,472,12,9,0,8,1
10043,C1,12,310,12,9,0,10,1
10044,C1,12,182,12,12,0,10,0
10045,C1,12,343,12,10,0,14,1
10046,C1,12,309,12,9,0,10,0
10047,C1,12,,11,8,1,12,1
10048,C1,12,408,12,9,0,8,0
10049,C1,12,474,12,8,0,6,2
10050,C1,12,515,12,7,0,6,0
10051,C1,12,378,12,11,0,8,0
10052,C1,12,,10,8,2,14,2
10053,C1,12,,11,7,1,10,1
10054,C1,12,358,12,11,0,9,1
10055,C1,12,,11,9,1,11,3
10056,C1,12,,11,8,1,6,1
10057,C1,12,296,12,9,0,12,2
10058,C1,12,,11,9,1,12,2
10059,C1,12,543,12,8,0,6,0
10060,C1,12,331,12,10,0,5,0
10061,C1,12,654,12,8,0,10,2
10062,C1,12,261,12,10,0,9,0
10063,C1,12,732,12,8,0,10,0
10064,C1,12,580,12,7,0,12,1
10065,C1,12,,10,7,2,14,2
10066,C1,12,508,12,10,0,8,2
10067,C1,12,584,12,9,0,8,1
10068,C1,12,774,12,7,0,9,0
10069,C1,12,694,12,8,0,14,1
10070,C1,12,,11,7,1,14,1
10071,C1,12,434,12,8,0,14,2
10072,C1,12,355,12,9,0,8,1
10073,C1,12,557,12,10,0,9,2
10074,C1,12,394,12,11,0,8,0
10075,C1,12,306,12,8,0,7,1
10076,C1,12,568,12,8,0,11,3
10077,C1,12,370,12,9,0,13,0
10078,C1,12,350,12,9,0,12,1
10079,C1,12,585,12,9,0,9,0
10080,C1,12,472,12,6,0,12,1
10081,C1,12,,11,8,1,10,2
10082,C1,12,545,12,9,0,14,0
10083,C1,12,649,12,8,0,14,0
10084,C1,12,,11,7,1,11,2
10085,C1,12,639,12,8,0,12,1
10086,C1,12,324,12,8,0,10,0
10087,C1,12,437,12,10,0,8,0
10088,C1,12,594,12,7,0,8,1
10089,C1,12,494,12,8,0,7,0
10090,C1,12,,10,7,2,10,3
10091,C1,12,455,12,9,0,10,0
10092,C1,12,,11,8,1,9,2
10093,C1,12,497,12,8,0,9,1
10094,C1,12,481,12,9,0,8,0
10095,C1,12,394,12,9,0,8,0
10096,C1,12,333,12,8,0,10,2
10097,C1,12,694,12,8,0,8,0
10098,C1,12,,11,8,1,9,2
10099,C1,12,555,12,8,0,7,2
10100,C1,12,494,12,7,0,12,2
10101,C1,12,443,12,8,0,7,1
10102,C1,12,496,12,9,0,8,0
10103,C1,12,,11,8,1,10,2
10104,C1,12,,11,7,1,14,1
10105,C1,12,476,12,8,0,12,1
10106,C1,12,661,12,8,0,13,1
10107,C1,12,428,12,8,0,5,0
10108,C1,12,561,12,9,0,12,0
10109,C1,12,544,12,10,0,12,2
10110,C1,12,,11,9,1,6,1
10111,C1,12,350,12,8,0,9,2
10112,C1,12,540,12,8,0,10,1
10113,C1,12,343,12,11,0,9,0
10114,C1,12,617,12,10,0,9,1
10115,C1,12,353,12,9,0,7,2
10116,C1,12,459,12,10,0,11,2
10117,C1,12,,11,7,1,12,2
10118,C1,12,198,12,12,0,7,2
10119,C1,12,352,12,9,0,9,1
10120,C1,12,767,12,5,0,14,0
10121,C1,12,533,12,8,0,11,0
10122,C1,12,517,12,7,0,10,0
10123,C1,12,465,12,8,0,10,0
10124,C1,12,472,12,8,0,6,0
10125,C1,12,,11,7,1,13,2
10126,C1,12,628,12,7,0,8,0
10127,C1,12,,11,6,1,12,1
10128,C1,12,497,12,7,0,11,1
10129,C1,12,300,12,10,0,12,1
10130,C1,12,,11,8,1,15,1
10131,C1,12,554,12,9,0,15,1
10132,C1,12,,11,8,1,11,2
10133,C1,12,404,12,10,0,10,0
10134,C1,12,,11,9,1,12,2
10135,C1,12,433,12,8,0,10,0
10136,C1,12,516,12,8,0,10,0
10137,C1,12,448,12,8,0,7,2
10138,C1,12,355,12,10,0,9,0
10139,C1,12,685,12,8,0,9,0
10140,C1,12,638,12,9,0,15,1
10141,C1,12,512,12,6,0,12,0
10142,C1,12,358,12,9,0,9,0
10143,C1,12,595,12,7,0,13,0
10144,C1,12,483,12,9,0,9,1
10145,C1,12,275,12,11,0,8,0
10146,C1,12,434,12,9,0,7,1
10147,C1,12,478,12,9,0,9,1
10148,C1,12,565,12,9,0,9,0
10149,C1,12,499,12,8,0,13,0
10150,C1,12,613,12,8,0,11,1
10151,C1,12,578,12,8,0,11,1
10152,C1,12,,11,7,1,8,1
10153,C1,12,654,12,9,0,10,2
10154,C1,12,409,12,10,0,6,0
10155,C1,12,,11,7,1,12,1
10156,C1,12,522,12,8,0,9,1
10157,C1,12,567,12,8,0,13,0
10158,C1,12,529,12,7,0,10,0
10159,C1,12,463,12,7,0,7,0
10160,C1,12,323,12,10,0,12,2
10161,C1,12,323,12,8,0,8,0
10162,C1,12,,11,6,1,10,1
10163,C1,12,356,12,9,0,7,1
10164,C1,12,,11,9,1,13,1
10165,C1,12,279,12,9,0,15,1
10166,C1,12,,11,7,1,9,1
10167,C1,12,396,12,10,0,10,0
10168,C1,12,,10,8,2,12,2
10169,C1,12,456,12,10,0,9,0
10170,C1,12,487,12,8,0,12,0
10171,C1,12,693,12,8,0,11,1
10172,C1,12,427,12,8,0,8,0
10173,C1,12,584,12,8,0,8,1
10174,C1,12,,11,7,1,10,1
10175,C1,12,,11,7,1,10,1
10176,C1,12,499,12,8,0,7,0
10177,C1,12,,11,7,1,11,1
10178,C1,12,726,12,8,0,8,1
10179,C1,12,467,12,9,0,9,0
10180,C1,12,,11,8,1,16,2
10181,C1,12,207,12,11,0,5,2
10182,C1,12,,11,8,1,9,1
10183,C1,12,206,12,11,0,10,1
10184,C1,12,347,12,10,0,10,0
10185,C1,12,441,12,8,0,13,1
10186,C1,12,214,12,11,0,7,0
10187,C1,12,488,12,8,0,10,2
10188,C1,12,,11,8,1,7,1
10189,C1,12,,11,7,1,14,1
10190,C1,12,591,12,7,0,5,0
10191,C1,12,434,12,8,0,10,0
10192,C1,12,408,12,10,0,13,1
10193,C1,12,,11,8,1,13,2
10194,C1,12,,10,8,2,9,2
10195,C1,12,,11,10,1,11,1
10196,C1,12,,11,7,1,15,2
10197,C1,12,584,12,8,0,14,1
10198,C1,12,585,12,8,0,12,0
10199,C1,12,342,12,7,0,8,1
10200,C1,12,301,12,10,0,11,1
10201,C1,12,449,12,10,0,8,1
10202,C1,12,,11,9,1,15,3
10203,C1,12,,11,7,1,11,2
10204,C1,12,565,12,8,0,9,0
10205,C1,12,483,12,8,0,8,0
10206,C1,12,381,12,9,0,8,1
10207,C1,12,412,12,9,0,4,0
10208,C1,12,415,12,11,0,8,1
10209,C1,12,950,12,9,0,7,0
10210,C1,12,,11,8,1,12,1
10211,C1,12,613,12,8,0,9,1
10212,C1,12,,10,7,2,12,3
10213,C1,12,875,12,8,0,16,2
10214,C1,12,,10,8,2,9,3
10215,C1,12,,10,9,2,13,2
10216,C1,12,473,12,8,0,8,0
10217,C1,12,810,12,8,0,8,0
10218,C1,12,537,12,8,0,11,0
10219,C1,12,517,12,9,0,8,0
10220,C1,12,238,12,9,0,14,1
10221,C1,12,418,12,8,0,11,1
10222,C1,12,365,12,9,0,9,1
10223,C1,12,591,12,8,0,7,0
10224,C1,12,755,12,7,0,11,0
10225,C1,12,428,12,9,0,7,0
10226,C1,12,584,12,7,0,12,0
10227,C1,12,364,12,7,0,8,0
10228,C1,12,,11,9,1,10,2
10229,C1,12,,11,7,1,12,2
10230,C1,12,293,12,10,0,9,1
10231,C1,12,563,12,9,0,9,0
10232,C1,12,483,12,8,0,11,1
10233,C1,12,896,12,7,0,10,0
10234,C1,12,318,12,10,0,9,1
10235,C1,12,417,12,7,0,11,0
10236,C1,12,,11,8,1,6,1
10237,C1,12,465,12,9,0,10,1
10238,C1,12,529,12,7,0,8,1
10239,C1,12,621,12,8,0,11,0
10240,C1,12,318,12,9,0,8,2
10241,C1,12,354,12,11,0,10,1
10242,C1,12,,11,8,1,12,2
10243,C1,12,686,12,7,0,4,0
10244,C1,12,549,12,8,0,12,1
10245,C1,12,369,12,11,0,9,1
10246,C1,12,,11,7,1,7,1
10247,C1,12,501,12,6,0,8,1
10248,C1,12,540,12,6,0,4,1
10249,C1,12,588,12,6,0,12,1
10250,C1,12,918,12,8,0,8,0
10251,C1,12,458,12,8,0,9,0
10252,C1,12,,10,7,2,9,2
10253,C1,12,383,12,8,0,19,2
10254,C1,12,429,12,8,0,6,0
10255,C1,12,484,12,9,0,13,0
10256,C1,12,713,12,8,0,10,2
10257,C1,12,432,12,10,0,12,0
10258,C1,12,593,12,8,0,7,0
10259,C1,12,,11,7,1,12,1
10260,C1,12,421,12,11,0,14,2
10261,C1,12,439,12,9,0,14,3
10262,C1,12,573,12,7,0,9,0
10263,C1,12,474,12,8,0,11,1
10264,C1,12,536,12,7,0,17,1
10265,C1,12,516,12,9,0,6,0
10266,C1,12,578,12,8,0,10,0
10267,C1,12,548,12,8,0,10,1
10268,C1,12,658,12,8,0,11,0
10269,C1,12,488,12,8,0,8,1
10270,C1,12,,10,6,2,11,2
10271,C1,12,405,12,8,0,11,0
10272,C1,12,665,12,9,0,8,1
10273,C1,12,766,12,8,0,10,0
10274,C1,12,,11,9,1,8,1
10275,C1,12,385,12,10,0,5,0
10276,C1,12,,11,6,1,11,1
10277,C1,12,,11,9,1,12,1
10278,C1,12,396,12,9,0,10,0
10279,C1,12,,11,7,1,6,2
10280,C1,12,487,12,9,0,6,0
10281,C1,12,657,12,9,0,9,0
10282,C1,12,295,12,9,0,15,1
10283,C1,12,541,12,8,0,4,1
10284,C1,12,591,12,7,0,9,0
10285,C1,12,523,12,8,0,9,0
10286,C1,12,364,12,9,0,14,1
10287,C1,12,497,12,9,0,8,1
10288,C1,12,658,12,8,0,9,1
10289,C1,12,521,12,8,0,10,0
10290,C1,12,558,12,9,0,13,1
10291,C1,12,,11,9,1,11,1
10292,C1,12,751,12,7,0,10,0
10293,C1,12,508,12,9,0,9,3
10294,C1,12,744,12,9,0,11,2
10295,C1,12,,11,7,1,9,1
10296,C1,12,,11,9,1,8,1
10297,C1,12,456,12,7,0,14,2
10298,C1,12,705,12,9,0,7,0
10299,C1,12,556,12,7,0,8,0
10300,C1,12,,11,8,1,8,1
10301,C1,12,,11,8,1,7,1
10302,C1,12,472,12,8,0,14,0
10303,C1,12,501,12,8,0,12,1
10304,C1,12,,11,8,1,6,1
10305,C1,12,587,12,7,0,13,0
10306,C1,12,657,12,7,0,7,0
10307,C1,12,541,12,7,0,12,1
10308,C1,12,616,12,8,0,12,0
10309,C1,12,,11,9,1,10,1
10310,C1,12,,11,8,1,8,1
10311,C1,12,438,12,10,0,11,1
10312,C1,12,512,12,8,0,15,2
10313,C1,12,558,12,7,0,7,1
10314,C1,12,459,12,8,0,9,1
10315,C1,12,467,12,8,0,14,1
10316,C1,12,769,12,10,0,6,0
10317,C1,12,573,12,9,0,9,1
10318,C1,12,,11,10,1,7,1
10319,C1,12,403,12,10,0,9,1
10320,C1,12,415,12,8,0,11,0
10321,C1,12,,11,8,1,12,2
10322,C1,12,412,12,9,0,13,0
10323,C1,12,484,12,9,0,9,0
10324,C1,12,526,12,11,0,11,0
10325,C1,12,306,12,10,0,7,0
10326,C1,12,661,12,9,0,9,1
10327,C1,12,678,12,10,0,7,0
10328,C1,12,466,12,9,0,10,1
10329,C1,12,,11,9,1,7,1
10330,C1,12,571,12,7,0,8,0
10331,C1,12,391,12,11,0,7,0
10332,C1,12,392,12,9,0,7,0
10333,C1,12,727,12,8,0,9,1
10334,C1,12,,10,7,2,12,2
10335,C1,12,551,12,9,0,12,0
10336,C1,12,546,12,8,0,9,0
10337,C1,12,541,12,8,0,11,0
10338,C1,12,523,12,8,0,12,1
10339,C1,12,386,12,10,0,9,1
10340,C1,12,,11,8,1,8,2
10341,C1,12,,11,9,1,11,1
10342,C1,12,608,12,8,0,12,1
10343,C1,12,428,12,9,0,9,0
10344,C1,12,574,12,8,0,11,2
10345,C1,12,401,12,7,0,11,0
10346,C1,12,518,12,7,0,6,0
10347,C1,12,616,12,8,0,6,0
10348,C1,12,643,12,6,0,5,0
10349,C1,12,,11,9,1,11,2
10350,C1,12,338,12,8,0,4,0
10351,C1,12,445,12,9,0,12,0
10352,C1,12,,11,7,1,12,1
10353,C1,12,,11,6,1,10,1
10354,C1,12,431,12,8,0,9,0
10355,C1,12,441,12,8,0,9,2
10356,C1,12,587,12,7,0,7,1
10357,C1,12,291,12,11,0,12,0
10358,C1,12,,11,7,1,14,1
10359,C1,12,790,12,9,0,12,0
10360,C1,12,,11,8,1,9,1
10361,C1,12,,11,7,1,7,1
10362,C1,12,645,12,7,0,9,0
10363,C1,12,389,12,8,0,11,1
10364,C1,12,,11,8,1,9,2
10365,C1,12,271,12,11,0,14,1
10366,C1,12,731,12,7,0,13,0
10367,C1,12,540,12,8,0,9,0
10368,C1,12,920,12,8,0,12,0
10369,C1,12,720,12,7,0,13,2
10370,C1,12,690,12,9,0,8,0
10371,C1,12,466,12,9,0,17,1
10372,C1,12,493,12,9,0,10,1
10373,C1,12,591,12,9,0,11,0
10374,C1,12,,10,9,2,10,2
10375,C1,12,640,12,8,0,8,1
10376,C1,12,504,12,7,0,6,0
10377,C1,12,,10,7,2,14,2
10378,C1,12,393,12,9,0,9,1
10379,C1,12,389,12,8,0,8,0
10380,C1,12,406,12,10,0,9,1
10381,C1,12,452,12,9,0,7,1
10382,C1,12,587,12,9,0,8,0
10383,C1,12,610,12,8,0,10,1
10384,C1,12,605,12,10,0,14,3
10385,C1,12,531,12,8,0,9,0
10386,C1,12,415,12,8,0,8,0
10387,C1,12,454,12,10,0,10,2
10388,C1,12,,11,7,1,12,1
10389,C1,12,,11,6,1,15,1
10390,C1,12,,11,7,1,12,1
10391,C1,12,,11,7,1,11,1
10392,C1,12,,10,7,2,14,3
10393,C1,12,669,12,7,0,9,1
10394,C1,12,651,12,9,0,10,1
10395,C1,12,780,12,9,0,8,0
10396,C1,12,423,12,9,0,16,2
10397,C1,12,575,12,9,0,7,0
10398,C1,12,,11,7,1,12,1
10399,C1,12,419,12,9,0,11,2
10400,C1,12,,11,7,1,13,2
10401,C1,12,,11,9,1,6,1
10402,C1,12,,11,9,1,11,2
10403,C1,12,527,12,8,0,13,2
10404,C1,12,489,12,7,0,5,0
10405,C1,12,199,12,12,0,8,1
10406,C1,12,413,12,8,0,9,1
10407,C1,12,662,12,8,0,13,0
10408,C1,12,469,12,9,0,8,0
10409,C1,12,548,12,8,0,10,0
10410,C1,12,411,12,8,0,10,0
10411,C1,12,,10,6,2,12,2
10412,C1,12,,11,8,1,10,2
10413,C1,12,507,12,8,0,10,0
10414,C1,12,672,12,8,0,12,0
10415,C1,12,,11,7,1,8,1
10416,C1,12,627,12,10,0,8,1
10417,C1,12,415,12,10,0,12,2
10418,C1,12,,11,6,1,10,1
10419,C1,12,,11,8,1,12,2
10420,C1,12,483,12,8,0,11,1
10421,C1,12,402,12,8,0,8,1
10422,C1,12,,10,6,2,12,2
10423,C1,12,474,12,8,0,11,1
10424,C1,12,596,12,9,0,9,1
10425,C1,12,394,12,8,0,10,2
10426,C1,12,276,12,9,0,6,1
10427,C1,12,339,12,11,0,8,1
10428,C1,12,615,12,9,0,12,0
10429,C1,12,510,12,9,0,10,0
10430,C1,12,,11,8,1,7,1
10431,C1,12,728,12,7,0,10,0
10432,C1,12,543,12,8,0,8,0
10433,C1,12,486,12,10,0,12,1
10434,C1,12,,10,8,2,7,2
10435,C1,12,541,12,9,0,7,0
10436,C1,12,302,12,11,0,8,0
10437,C1,12,382,12,8,0,11,0
10438,C1,12,495,12,7,0,9,0
10439,C1,12,778,12,7,0,10,0
10440,C1,12,,11,8,1,12,2
10441,C1,12,508,12,8,0,8,2
10442,C1,12,689,12,8,0,11,2
10443,C1,12,474,12,7,0,10,0
10444,C1,12,439,12,9,0,8,1
10445,C1,12,,11,8,1,9,2
10446,C1,12,,11,7,1,11,1
10447,C1,12,433,12,9,0,7,0
10448,C1,12,457,12,9,0,11,0
10449,C1,12,444,12,7,0,12,1
10450,C1,12,417,12,8,0,5,1
10451,C1,12,399,12,9,0,11,0
10452,C1,12,465,12,9,0,12,0
10453,C1,12,,11,7,1,4,1
10454,C1,12,,11,8,1,13,2
10455,C1,12,609,12,8,0,11,0
10456,C1,12,691,12,9,0,13,0
10457,C1,12,,10,8,2,12,2
10458,C1,12,394,12,7,0,9,1
10459,C1,12,337,12,11,0,7,1
10460,C1,12,496,12,9,0,10,1
10461,C1,12,,11,7,1,11,2
10462,C1,12,,11,9,1,9,1
10463,C1,12,429,12,9,0,9,0
10464,C1,12,,11,8,1,10,3
10465,C1,12,649,12,7,0,14,1
10466,C1,12,600,12,9,0,10,1
10467,C1,12,701,12,8,0,4,0
10468,C1,12,,11,9,1,11,2
10469,C1,12,,11,8,1,7,1
10470,C1,12,,11,8,1,7,1
10471,C1,12,,11,7,1,9,1
10472,C1,12,494,12,8,0,8,0
10473,C1,12,647,12,8,0,9,1
10474,C1,12,611,12,10,0,8,2
10475,C1,12,403,12,9,0,8,2
10476,C1,12,478,12,7,0,12,1
10477,C1,12,,11,7,1,13,2
10478,C1,12,,11,7,1,7,1
10479,C1,12,297,12,9,0,9,0
10480,C1,12,,11,8,1,12,1
10481,C1,12,933,12,7,0,10,0
10482,C1,12,481,12,8,0,10,1
10483,C1,12,653,12,10,0,6,1
10484,C1,12,200,12,11,0,9,0
10485,C1,12,,11,9,1,7,1
10486,C1,12,494,12,9,0,11,1
10487,C1,12,,11,9,1,11,1
10488,C1,12,473,12,7,0,9,1
10489,C1,12,484,12,9,0,8,1
10490,C1,12,332,12,10,0,17,0
10491,C1,12,499,12,7,0,12,2
10492,C1,12,748,12,8,0,16,1
10493,C1,12,577,12,10,0,8,2
10494,C1,12,,11,10,1,8,1
10495,C1,12,465,12,8,0,14,2
10496,C1,12,,11,8,1,10,1
10497,C1,12,863,12,9,0,6,0
10498,C1,12,408,12,8,0,10,1
10499,C1,12,802,12,7,0,11,1
10500,C1,12,575,12,8,0,14,1
10501,C1,12,502,12,11,0,8,1
10502,C1,12,446,12,8,0,9,2
10503,C1,12,713,12,8,0,10,0
10504,C1,12,711,12,9,0,8,1
10505,C1,12,684,12,10,0,8,0
10506,C1,12,350,12,9,0,7,0
10507,C1,12,559,12,7,0,10,2
10508,C1,12,545,12,8,0,10,0
10509,C1,12,464,12,10,0,9,1
10510,C1,12,,9,8,3,14,3
10511,C1,12,592,12,9,0,10,1
10512,C1,12,412,12,9,0,7,1
10513,C1,12,454,12,10,0,8,0
10514,C1,12,574,12,7,0,9,0
10515,C1,12,412,12,8,0,11,0
10516,C1,12,418,12,9,0,10,0
10517,C1,12,430,12,10,0,9,0
10518,C1,12,643,12,8,0,9,0
10519,C1,12,490,12,8,0,11,1
10520,C1,12,602,12,8,0,10,1
10521,C1,12,534,12,8,0,10,1
10522,C1,12,,11,7,1,10,1
10523,C1,12,469,12,9,0,10,0
10524,C1,12,535,12,10,0,9,1
10525,C1,12,371,12,8,0,9,1
10526,C1,12,563,12,8,0,10,1
10527,C1,12,,11,8,1,7,1
10528,C1,12,551,12,9,0,12,1
10529,C1,12,538,12,11,0,10,0
10530,C1,12,500,12,7,0,10,1
10531,C1,12,,10,7,2,11,2
10532,C1,12,524,12,10,0,6,1
10533,C1,12,,11,8,1,13,2
10534,C1,12,477,12,8,0,11,1
10535,C1,12,686,12,8,0,13,1
10536,C1,12,,10,6,2,11,2
10537,C1,12,513,12,8,0,13,0
10538,C1,12,298,12,9,0,8,0
10539,C1,12,385,12,10,0,8,0
10540,C1,12,,11,7,1,12,1
10541,C1,12,698,12,7,0,10,1
10542,C1,12,315,12,9,0,11,3
10543,C1,12,729,12,8,0,17,1
10544,C1,12,532,12,7,0,10,0
10545,C1,12,676,12,9,0,8,0
10546,C1,12,411,12,9,0,12,0
10547,C1,12,481,12,9,0,11,0
10548,C1,12,,11,6,1,15,1
10549,C1,12,,11,8,1,9,1
10550,C1,12,318,12,10,0,8,0
10551,C1,12,727,12,7,0,14,1
10552,C1,12,434,12,10,0,9,2
10553,C1,12,502,12,7,0,11,1
10554,C1,12,599,12,9,0,11,1
10555,C1,12,,11,8,1,11,1
10556,C1,12,376,12,8,0,11,0
10557,C1,12,613,12,8,0,12,0
10558,C1,12,480,12,8,0,8,0
10559,C1,12,410,12,8,0,8,0
10560,C1,12,454,12,8,0,10,0
10561,C1,12,456,12,11,0,12,0
10562,C1,12,414,12,10,0,9,1
10563,C1,12,702,12,8,0,10,0
10564,C1,12,474,12,9,0,5,0
10565,C1,12,,11,8,1,9,2
10566,C1,12,576,12,9,0,7,1
10567,C1,12,595,12,8,0,7,1
10568,C1,12,455,12,10,0,9,1
10569,C1,12,463,12,11,0,10,1
10570,C1,12,,11,7,1,11,2
10571,C1,12,586,12,9,0,6,1
10572,C1,12,611,12,8,0,12,1
10573,C1,12,476,12,9,0,10,0
10574,C1,12,448,12,10,0,8,1
10575,C1,12,451,12,8,0,3,0
10576,C1,12,,11,8,1,8,1
10577,C1,12,681,12,7,0,13,2
10578,C1,12,,11,8,1,5,1
10579,C1,12,,11,8,1,12,2
10580,C1,12,361,12,10,0,9,0
10581,C1,12,566,12,8,0,7,2
10582,C1,12,470,12,9,0,5,0
10583,C1,12,443,12,9,0,14,0
10584,C1,12,368,12,9,0,9,0
10585,C1,12,402,12,8,0,14,1
10586,C1,12,476,12,7,0,11,0
10587,C1,12,359,12,9,0,7,0
10588,C1,12,482,12,9,0,11,0
10589,C1,12,562,12,9,0,14,1
10590,C1,12,358,12,10,0,9,2
10591,C1,12,410,12,9,0,12,1
10592,C1,12,415,12,9,0,11,0
10593,C1,12,682,12,9,0,8,1
10594,C1,12,,11,9,1,10,1
10595,C1,12,265,12,10,0,3,1
10596,C1,12,685,12,7,0,11,1
10597,C1,12,,11,7,1,9,1
10598,C1,12,,11,7,1,11,1
10599,C1,12,411,12,9,0,9,1
10600,C1,12,474,12,9,0,9,0
10601,C1,12,,11,7,1,11,2
10602,C1,12,543,12,9,0,8,1
10603,C1,12,,11,8,1,13,1
10604,C1,12,,11,8,1,8,1
10605,C1,12,563,12,6,0,8,1
10606,C1,12,338,12,9,0,10,2
10607,C1,12,466,12,9,0,10,1
10608,C1,12,488,12,8,0,8,0
10609,C1,12,,11,8,1,7,1
10610,C1,12,567,12,8,0,6,0
10611,C1,12,,11,7,1,7,1
10612,C1,12,617,12,7,0,8,1
10613,C1,12,596,12,8,0,11,0
10614,C1,12,318,12,9,0,10,0
10615,C1,12,541,12,8,0,11,0
10616,C1,12,497,12,7,0,8,0
10617,C1,12,557,12,7,0,12,1
10618,C1,12,686,12,7,0,10,2
10619,C1,12,340,12,9,0,6,0
10620,C1,12,322,12,11,0,12,1
10621,C1,12,,11,10,1,10,3
10622,C1,12,618,12,8,0,10,0
10623,C1,12,,11,9,1,12,1
10624,C1,12,500,12,9,0,11,0
10625,C1,12,,11,8,1,12,2
10626,C1,12,,11,7,1,13,2
10627,C1,12,261,12,9,0,13,1
10628,C1,12,,11,8,1,12,1
10629,C1,12,383,12,9,0,11,1
10630,C1,12,455,12,8,0,11,1
10631,C1,12,473,12,9,0,8,1
10632,C1,12,,10,6,2,11,2
10633,C1,12,504,12,9,0,8,0
10634,C1,12,,11,8,1,7,1
10635,C1,12,321,12,9,0,13,1
10636,C1,12,313,12,8,0,12,1
10637,C1,12,426,12,7,0,9,0
10638,C1,12,381,12,8,0,14,0
10639,C1,12,,11,8,1,12,1
10640,C1,12,370,12,9,0,10,0
10641,C1,12,451,12,9,0,13,0
10642,C1,12,515,12,8,0,14,1
10643,C1,12,464,12,7,0,7,0
10644,C1,12,,11,10,1,9,1
10645,C1,12,403,12,9,0,5,0
10646,C1,12,273,12,9,0,11,1
10647,C1,12,429,12,8,0,10,0
10648,C1,12,633,12,7,0,13,2
10649,C1,12,,11,8,1,8,1
10650,C1,12,337,12,9,0,7,0
10651,C1,12,507,12,10,0,8,0
10652,C1,12,549,12,10,0,10,1
10653,C1,12,322,12,7,0,10,1
10654,C1,12,594,12,7,0,8,0
10655,C1,12,562,12,7,0,13,0
10656,C1,12,536,12,9,0,9,0
10657,C1,12,395,12,10,0,9,0
10658,C1,12,,11,10,1,8,2
10659,C1,12,564,12,8,0,10,0
10660,C1,12,457,12,10,0,10,0
10661,C1,12,567,12,8,0,10,0
10662,C1,12,378,12,10,0,7,2
10663,C1,12,,11,7,1,14,1
10664,C1,12,,11,8,1,8,1
10665,C1,12,,11,10,1,8,2
10666,C1,12,,11,8,1,12,1
10667,C1,12,,11,8,1,11,1
10668,C1,12,447,12,9,0,8,2
10669,C1,12,366,12,10,0,10,1
10670,C1,12,,11,6,1,13,1
10671,C1,12,,11,8,1,11,1
10672,C1,12,,11,9,1,12,1
10673,C1,12,,11,9,1,9,2
10674,C1,12,,11,8,1,13,1
10675,C1,12,328,12,10,0,9,0
10676,C1,12,346,12,11,0,10,0
10677,C1,12,,10,7,2,13,3
10678,C1,12,,11,7,1,10,1
10679,C1,12,498,12,8,0,12,1
10680,C1,12,751,12,9,0,11,0
10681,C1,12,347,12,10,0,10,0
10682,C1,12,605,12,8,0,9,0
10683,C1,12,384,12,8,0,9,0
10684,C1,12,506,12,8,0,9,0
10685,C1,12,,11,7,1,8,2
10686,C1,12,479,12,9,0,11,2
10687,C1,12,,11,7,1,13,1
10688,C1,12,319,12,10,0,11,0
10689,C1,12,,11,7,1,7,1
10690,C1,12,538,12,7,0,8,1
10691,C1,12,525,12,8,0,10,1
10692,C1,12,610,12,7,0,7,0
10693,C1,12,436,12,10,0,6,1
10694,C1,12,498,12,7,0,16,0
10695,C1,12,370,12,10,0,10,2
10696,C1,12,561,12,7,0,7,1
10697,C1,12,,11,8,1,6,1
10698,C1,12,477,12,8,0,12,0
10699,C1,12,567,12,8,0,9,1
10700,C1,12,347,12,9,0,8,1
10701,C1,12,,11,7,1,9,1
10702,C1,12,699,12,9,0,10,0
10703,C1,12,486,12,8,0,6,0
10704,C1,12,657,12,9,0,12,0
10705,C1,12,809,12,9,0,12,0
10706,C1,12,849,12,10,0,10,0
10707,C1,12,534,12,8,0,11,1
10708,C1,12,,11,8,1,9,1
10709,C1,12,,11,8,1,13,1
10710,C1,12,550,12,9,0,10,1
10711,C1,12,342,12,10,0,9,2
10712,C1,12,,11,10,1,13,1
10713,C1,12,453,12,8,0,12,1
10714,C1,12,567,12,8,0,11,0
10715,C1,12,,11,10,1,11,2
10716,C1,12,,11,9,1,6,1
10717,C1,12,416,12,8,0,9,1
10718,C1,12,,11,9,1,11,1
10719,C1,12,584,12,8,0,12,0
10720,C1,12,,11,9,1,11,1
10721,C1,12,467,12,9,0,6,1
10722,C1,12,395,12,9,0,11,1
10723,C1,12,493,12,9,0,11,1
10724,C1,12,351,12,10,0,6,1
10725,C1,12,402,12,10,0,13,1
10726,C1,12,,11,8,1,10,2
10727,C1,12,594,12,9,0,7,0
10728,C1,12,230,12,10,0,11,1
10729,C1,12,566,12,6,0,10,1
10730,C1,12,595,12,8,0,11,0
10731,C1,12,,11,11,1,11,1
10732,C1,12,395,12,8,0,7,1
10733,C1,12,858,12,9,0,12,0
10734,C1,12,411,12,9,0,13,1
10735,C1,12,397,12,8,0,6,0
10736,C1,12,,11,8,1,7,1
10737,C1,12,565,12,7,0,7,1
10738,C1,12,,11,8,1,6,2
10739,C1,12,451,12,10,0,11,1
10740,C1,12,364,12,10,0,9,2
10741,C1,12,638,12,8,0,11,0
10742,C1,12,653,12,9,0,9,2
10743,C1,12,594,12,9,0,10,1
10744,C1,12,450,12,8,0,9,2
10745,C1,12,,11,7,1,7,1
10746,C1,12,,10,7,2,13,2
10747,C1,12,794,12,6,0,10,0
10748,C1,12,539,12,7,0,15,0
10749,C1,12,603,12,8,0,9,1
10750,C1,12,665,12,6,0,14,0
10751,C1,12,522,12,7,0,9,1
10752,C1,12,,11,9,1,10,1
10753,C1,12,,11,8,1,9,2
10754,C1,12,,11,7,1,9,1
10755,C1,12,,11,7,1,9,1
10756,C1,12,274,12,9,0,13,1
10757,C1,12,575,12,8,0,11,1
10758,C1,12,509,12,10,0,10,0
10759,C1,12,,11,7,1,13,1
10760,C1,12,,11,9,1,9,3
10761,C1,12,416,12,9,0,6,0
10762,C1,12,534,12,8,0,11,1
10763,C1,12,,11,8,1,11,2
10764,C1,12,,11,8,1,9,1
10765,C1,12,576,12,9,0,9,0
10766,C1,12,,11,6,1,9,1
10767,C1,12,,11,9,1,12,1
10768,C1,12,684,12,8,0,8,2
10769,C1,12,463,12,9,0,7,1
10770,C1,12,494,12,8,0,9,0
10771,C1,12,410,12,8,0,9,0
10772,C1,12,,11,6,1,11,1
10773,C1,12,559,12,9,0,12,1
10774,C1,12,,11,9,1,11,2
10775,C1,12,381,12,10,0,12,0
10776,C1,12,,11,9,1,11,1
10777,C1,12,473,12,10,0,8,0
10778,C1,12,,11,6,1,10,1
10779,C1,12,497,12,11,0,11,0
10780,C1,12,,11,8,1,9,2
10781,C1,12,511,12,9,0,9,1
10782,C1,12,670,12,7,0,12,0
10783,C1,12,547,12,9,0,11,0
10784,C1,12,541,12,9,0,12,0
10785,C1,12,671,12,7,0,11,0
10786,C1,12,577,12,10,0,10,2
10787,C1,12,282,12,10,0,8,1
10788,C1,12,,11,8,1,10,2
10789,C1,12,435,12,9,0,9,0
10790,C1,12,518,12,9,0,9,1
10791,C1,12,484,12,8,0,11,0
10792,C1,12,536,12,8,0,10,0
10793,C1,12,682,12,8,0,11,1
10794,C1,12,,11,8,1,11,2
10795,C1,12,,11,9,1,11,1
10796,C1,12,,11,9,1,9,1
10797,C1,12,433,12,9,0,10,0
10798,C1,12,,11,7,1,12,1
10799,C1,12,548,12,7,0,9,0
10800,C1,12,431,12,9,0,4,0
10801,C1,12,445,12,9,0,7,1
10802,C1,12,573,12,8,0,7,0
10803,C1,12,,11,8,1,9,1
10804,C1,12,,11,7,1,9,2
10805,C1,12,572,12,10,0,4,0
10806,C1,12,,11,8,1,11,1
10807,C1,12,,10,6,2,10,2
10808,C1,12,547,12,10,0,11,1
10809,C1,12,644,12,9,0,13,2
10810,C1,12,478,12,9,0,11,0
10811,C1,12,521,12,7,0,12,1
10812,C1,12,707,12,7,0,11,0
10813,C1,12,285,12,9,0,10,1
10814,C1,12,,11,10,1,7,2
10815,C1,12,291,12,11,0,7,0
10816,C1,12,210,12,11,0,4,0
10817,C1,12,584,12,7,0,11,2
10818,C1,12,,11,7,1,13,1
10819,C1,12,554,12,9,0,13,1
10820,C1,12,565,12,8,0,10,0
10821,C1,12,676,12,9,0,5,0
10822,C1,12,,11,7,1,13,2
10823,C1,12,723,12,8,0,7,0
10824,C1,12,,11,10,1,8,1
10825,C1,12,651,12,8,0,4,0
10826,C1,12,557,12,7,0,10,1
10827,C1,12,379,12,7,0,11,1
10828,C1,12,,11,9,1,12,2
10829,C1,12,429,12,10,0,8,1
10830,C1,12,403,12,9,0,9,2
10831,C1,12,,11,8,1,12,2
10832,C1,12,554,12,8,0,8,0
10833,C1,12,,11,8,1,6,1
10834,C1,12,703,12,6,0,10,0
10835,C1,12,621,12,7,0,12,1
10836,C1,12,551,12,9,0,12,2
10837,C1,12,403,12,9,0,8,0
10838,C1,12,399,12,11,0,10,2
10839,C1,12,,11,6,1,10,1
10840,C1,12,233,12,11,0,9,1
10841,C1,12,784,12,8,0,9,1
10842,C1,12,283,12,10,0,11,0
10843,C1,12,676,12,7,0,10,0
10844,C1,12,564,12,8,0,6,0
10845,C1,12,567,12,9,0,6,0
10846,C1,12,498,12,8,0,11,0
10847,C1,12,481,12,8,0,7,0
10848,C1,12,269,12,11,0,7,0
10849,C1,12,486,12,9,0,4,0
10850,C1,12,560,12,9,0,12,0
10851,C1,12,731,12,8,0,13,1
10852,C1,12,436,12,8,0,11,2
10853,C1,12,,11,6,1,16,1
10854,C1,12,524,12,8,0,15,1
10855,C1,12,349,12,9,0,10,1
10856,C1,12,444,12,9,0,7,0
10857,C1,12,612,12,7,0,10,0
10858,C1,12,626,12,8,0,7,0
10859,C1,12,474,12,9,0,9,1
10860,C1,12,518,12,8,0,14,2
10861,C1,12,517,12,7,0,14,2
10862,C1,12,566,12,8,0,10,1
10863,C1,12,,11,9,1,6,2
10864,C1,12,491,12,10,0,9,1
10865,C1,12,665,12,7,0,10,1
10866,C1,12,,11,7,1,6,1
10867,C1,12,520,12,7,0,13,0
10868,C1,12,,11,7,1,13,1
10869,C1,12,509,12,8,0,9,0
10870,C1,12,,11,9,1,9,1
10871,C1,12,387,12,9,0,9,1
10872,C1,12,513,12,8,0,7,0
10873,C1,12,764,12,7,0,11,0
10874,C1,12,,11,8,1,11,2
10875,C1,12,366,12,9,0,12,0
10876,C1,12,559,12,10,0,7,0
10877,C1,12,582,12,10,0,11,0
10878,C1,12,511,12,9,0,8,1
10879,C1,12,,11,8,1,4,1
10880,C1,12,694,12,8,0,12,1
10881,C1,12,380,12,11,0,6,0
10882,C1,12,383,12,10,0,13,1
10883,C1,12,441,12,9,0,8,0
10884,C1,12,,11,9,1,11,2
10885,C1,12,,10,8,2,8,2
10886,C1,12,491,12,8,0,10,1
10887,C1,12,,10,8,2,10,2
10888,C1,12,,11,7,1,10,1
10889,C1,12,699,12,6,0,8,0
10890,C1,12,554,12,8,0,10,0
10891,C1,12,475,12,10,0,8,0
10892,C1,12,323,12,9,0,10,0
10893,C1,12,,11,8,1,14,1
10894,C1,12,398,12,9,0,8,0
10895,C1,12,343,12,9,0,14,2
10896,C1,12,523,12,8,0,11,0
10897,C1,12,,11,8,1,5,2
10898,C1,12,506,12,8,0,14,1
10899,C1,12,576,12,7,0,11,1
10900,C1,12,,11,7,1,16,2
10901,C1,12,588,12,6,0,13,0
10902,C1,12,804,12,7,0,11,1
10903,C1,12,638,12,7,0,11,1
10904,C1,12,554,12,7,0,11,1
10905,C1,12,446,12,9,0,11,2
10906,C1,12,447,12,10,0,11,0
10907,C1,12,,11,8,1,12,1
10908,C1,12,396,12,8,0,8,1
10909,C1,12,452,12,8,0,10,2
10910,C1,12,,11,8,1,11,3
10911,C1,12,705,12,8,0,12,0
10912,C1,12,427,12,8,0,10,1
10913,C1,12,,11,10,1,12,3
10914,C1,12,550,12,6,0,10,0
10915,C1,12,,11,8,1,10,1
10916,C1,12,501,12,9,0,11,0
10917,C1,12,387,12,10,0,8,1
10918,C1,12,,11,9,1,10,1
10919,C1,12,414,12,8,0,8,0
10920,C1,12,,11,7,1,7,2
10921,C1,12,379,12,9,0,10,1
10922,C1,12,746,12,9,0,10,0
10923,C1,12,272,12,10,0,14,1
10924,C1,12,778,12,7,0,11,0
10925,C1,12,706,12,9,0,13,2
10926,C1,12,688,12,8,0,12,1
10927,C1,12,714,12,9,0,11,0
10928,C1,12,399,12,9,0,10,2
10929,C1,12,544,12,9,0,12,1
10930,C1,12,446,12,9,0,5,0
10931,C1,12,505,12,9,0,11,1
10932,C1,12,435,12,10,0,12,1
10933,C1,12,532,12,10,0,14,1
10934,C1,12,582,12,9,0,9,0
10935,C1,12,388,12,8,0,7,0
10936,C1,12,558,12,9,0,8,0
10937,C1,12,451,12,9,0,6,1
10938,C1,12,452,12,6,0,8,0
10939,C1,12,316,12,9,0,6,0
10940,C1,12,435,12,9,0,11,1
10941,C1,12,290,12,9,0,11,2
10942,C1,12,444,12,10,0,6,0
10943,C1,12,611,12,8,0,11,0
10944,C1,12,467,12,10,0,13,2
10945,C1,12,293,12,10,0,8,0
10946,C1,12,567,12,8,0,9,0
10947,C1,12,500,12,7,0,11,1
10948,C1,12,,11,6,1,11,1
10949,C1,12,493,12,9,0,13,2
10950,C1,12,441,12,9,0,7,1
10951,C1,12,599,12,8,0,7,1
10952,C1,12,325,12,9,0,8,0
10953,C1,12,405,12,10,0,9,0
10954,C1,12,578,12,7,0,8,1
10955,C1,12,,11,9,1,8,2
10956,C1,12,549,12,9,0,10,1
10957,C1,12,600,12,7,0,13,1
10958,C1,12,386,12,9,0,8,0
10959,C1,12,,10,8,2,9,3
10960,C1,12,569,12,8,0,11,0
10961,C1,12,557,12,8,0,9,0
10962,C1,12,395,12,9,0,12,1
10963,C1,12,652,12,9,0,7,0
10964,C1,12,622,12,9,0,12,0
10965,C1,12,395,12,9,0,7,1
10966,C1,12,571,12,7,0,10,0
10967,C1,12,439,12,8,0,9,0
10968,C1,12,681,12,7,0,8,2
10969,C1,12,474,12,9,0,10,0
10970,C1,12,558,12,8,0,10,0
10971,C1,12,279,12,11,0,9,1
10972,C1,12,,10,7,2,10,2
10973,C1,12,534,12,5,0,17,1
10974,C1,12,734,12,8,0,13,0
10975,C1,12,466,12,10,0,5,1
10976,C1,12,630,12,8,0,9,1
10977,C1,12,,11,7,1,14,2
10978,C1,12,459,12,8,0,11,1
10979,C1,12,408,12,10,0,8,0
10980,C1,12,471,12,9,0,13,0
10981,C1,12,485,12,9,0,10,2
10982,C1,12,580,12,8,0,12,0
10983,C1,12,423,12,10,0,10,0
10984,C1,12,463,12,10,0,7,0
10985,C1,12,,11,6,1,10,2
10986,C1,12,660,12,9,0,10,0
10987,C1,12,666,12,9,0,9,1
10988,C1,12,450,12,9,0,10,0
10989,C1,12,507,12,9,0,11,0
10990,C1,12,,11,8,1,11,1
10991,C1,12,522,12,10,0,13,0
10992,C1,12,488,12,9,0,11,0
10993,C1,12,280,12,9,0,8,0
10994,C1,12,640,12,7,0,12,0
10995,C1,12,572,12,9,0,11,1
10996,C1,12,457,12,9,0,6,1
10997,C1,12,493,12,8,0,9,0
10998,C1,12,,11,7,1,16,1
10999,C1,12,638,12,8,0,8,2
11000,C2,12,,10,7,0,12,2
11001,C2,12,,11,5,0,13,2
11002,C2,12,,11,7,1,11,1
11003,C2,12,,11,6,0,8,1
11004,C2,12,,11,9,1,14,1
11005,C2,12,837,12,7,0,15,1
11006,C2,12,573,12,9,0,10,1
11007,C2,12,848,12,7,0,15,2
11008,C2,12,,10,7,1,12,1
11009,C2,12,,10,5,2,15,3
11010,C2,12,995,12,7,0,12,1
11011,C2,12,,9,5,2,16,2
11012,C2,12,,11,6,1,12,2
11013,C2,12,,11,7,0,10,0
11014,C2,12,497,12,7,0,14,1
11015,C2,12,,11,7,1,9,1
11016,C2,12,869,12,7,0,10,1
11017,C2,12,,11,5,0,6,0
11018,C2,12,,11,5,0,12,0
11019,C2,12,,11,7,1,8,2
11020,C2,12,,11,6,1,14,1
11021,C2,12,,10,6,1,11,2
11022,C2,12,594,12,6,0,10,1
11023,C2,12,836,12,7,0,13,1
11024,C2,12,907,12,6,0,13,1
11025,C2,12,,11,6,1,15,2
11026,C2,12,889,12,5,0,11,1
11027,C2,12,,10,6,0,11,1
11028,C2,12,,11,6,0,11,0
11029,C2,12,874,12,7,0,14,0
11030,C2,12,870,12,7,0,10,0
11031,C2,12,,10,7,1,16,2
11032,C2,12,,10,6,1,11,1
11033,C2,12,965,12,7,0,13,1
11034,C2,12,665,12,8,0,15,2
11035,C2,12,,11,7,0,14,1
11036,C2,12,,10,7,1,12,3
11037,C2,12,,11,6,1,14,1
11038,C2,12,729,12,6,0,15,1
11039,C2,12,897,12,7,0,7,0
11040,C2,12,946,12,7,0,11,0
11041,C2,12,,11,6,0,9,1
11042,C2,12,,11,8,1,17,2
11043,C2,12,,11,6,1,14,2
11044,C2,12,,10,6,1,7,1
11045,C2,12,837,12,8,0,11,2
11046,C2,12,836,12,9,0,10,0
11047,C2,12,,11,5,0,12,1
11048,C2,12,,10,6,2,10,2
11049,C2,12,667,12,8,0,12,2
11050,C2,12,629,12,9,0,12,1
11051,C2,12,,11,6,1,12,3
11052,C2,12,,11,6,1,15,1
11053,C2,12,639,12,7,0,11,0
11054,C2,12,775,12,7,0,10,1
11055,C2,12,,11,8,0,12,1
11056,C2,12,,11,7,0,9,1
11057,C2,12,721,12,8,0,8,1
11058,C2,12,,11,6,0,13,3
11059,C2,12,972,12,7,0,16,1
11060,C2,12,,11,8,0,13,1
11061,C2,12,675,12,7,0,13,2
11062,C2,12,,11,6,1,11,1
11063,C2,12,,11,6,1,11,1
11064,C2,12,983,12,8,0,12,1
11065,C2,12,,11,7,0,9,1
11066,C2,12,,11,7,0,12,0
11067,C2,12,978,12,7,0,9,0
11068,C2,12,,11,7,1,11,1
11069,C2,12,,11,9,0,10,1
11070,C2,12,754,12,8,0,12,1
11071,C2,12,,11,5,1,14,2
11072,C2,12,,10,6,1,12,2
11073,C2,12,912,12,7,0,16,1
11074,C2,12,,11,9,1,12,1
11075,C2,12,789,12,8,0,11,2
11076,C2,12,692,12,8,0,10,1
11077,C2,12,,10,5,0,13,1
11078,C2,12,,11,7,1,14,2
11079,C2,12,726,12,8,0,12,0
11080,C2,12,,11,7,0,14,0
11081,C2,12,574,12,8,0,12,1
11082,C2,12,631,12,6,0,11,0
11083,C2,12,740,12,6,0,9,0
11084,C2,12,,11,7,1,9,2
11085,C2,12,993,12,8,0,12,1
11086,C2,12,853,12,7,0,11,0
11087,C2,12,,11,7,0,15,2
11088,C2,12,652,12,8,0,14,1
11089,C2,12,714,12,7,0,9,0
11090,C2,12,813,12,7,0,10,0
11091,C2,12,993,12,7,0,13,0
11092,C2,12,,11,7,0,8,0
11093,C2,12,996,12,7,0,11,0
11094,C2,12,,10,5,1,13,1
11095,C2,12,,11,6,0,8,1
11096,C2,12,,11,8,1,15,2
11097,C2,12,,11,5,1,13,1
11098,C2,12,,11,7,1,9,2
11099,C2,12,927,12,7,0,12,1
11100,C2,12,950,12,7,0,14,2
11101,C2,12,,11,7,0,12,1
11102,C2,12,,10,7,1,11,2
11103,C2,12,,11,8,1,10,1
11104,C2,12,,11,7,0,12,0
11105,C2,12,,11,7,0,12,1
11106,C2,12,767,12,9,0,10,0
11107,C2,12,727,12,7,0,10,0
11108,C2,12,,11,6,1,10,1
11109,C2,12,823,12,7,0,17,1
11110,C2,12,933,12,6,0,12,0
11111,C2,12,,11,6,0,12,0
11112,C2,12,893,12,7,0,12,2
11113,C2,12,914,12,7,0,13,2
11114,C2,12,,11,7,1,12,2
11115,C2,12,858,12,7,0,10,2
11116,C2,12,,11,8,0,16,1
11117,C2,12,681,12,9,0,13,2
11118,C2,12,728,12,7,0,11,2
11119,C2,12,,11,5,1,11,2
11120,C2,12,700,12,7,0,12,1
11121,C2,12,,11,7,1,14,2
11122,C2,12,970,12,6,0,15,0
11123,C2,12,695,12,8,0,11,0
11124,C2,12,582,12,8,0,10,1
11125,C2,12,,11,7,1,8,2
11126,C2,12,,10,7,0,14,0
11127,C2,12,,11,7,0,9,0
11128,C2,12,839,12,7,0,7,0
11129,C2,12,,11,7,1,12,1
11130,C2,12,950,12,7,0,13,0
11131,C2,12,,10,5,1,10,1
11132,C2,12,,11,7,0,10,1
11133,C2,12,,11,6,0,14,1
11134,C2,12,612,12,8,0,17,2
11135,C2,12,,11,7,0,14,1
11136,C2,12,,11,6,0,15,1
11137,C2,12,,11,7,1,14,2
11138,C2,12,,10,5,0,7,0
11139,C2,12,804,12,9,0,12,0
11140,C2,12,579,12,7,0,13,1
11141,C2,12,,11,6,1,11,1
11142,C2,12,,10,8,1,13,1
11143,C2,12,,11,7,1,12,1
11144,C2,12,,10,6,2,9,2
11145,C2,12,721,12,7,0,13,1
11146,C2,12,,11,8,1,10,2
11147,C2,12,,11,7,0,9,0
11148,C2,12,704,12,6,0,15,0
11149,C2,12,,11,6,0,11,2
11150,C2,12,792,12,8,0,14,2
11151,C2,12,,11,6,1,11,1
11152,C2,12,480,12,10,0,9,0
11153,C2,12,,11,7,1,11,1
11154,C2,12,,11,7,0,12,2
11155,C2,12,,10,5,2,8,2
11156,C2,12,,11,6,0,13,3
11157,C2,12,783,12,6,0,10,1
11158,C2,12,939,12,7,0,11,0
11159,C2,12,,11,5,0,12,0
11160,C2,12,730,12,7,0,10,1
11161,C2,12,,9,7,1,10,1
11162,C2,12,974,12,8,0,11,0
11163,C2,12,,11,6,0,11,0
11164,C2,12,738,12,7,0,13,1
11165,C2,12,978,12,9,0,10,2
11166,C2,12,860,12,7,0,8,1
11167,C2,12,620,12,7,0,10,1
11168,C2,12,508,12,7,0,13,1
11169,C2,12,917,12,7,0,15,1
11170,C2,12,,10,7,1,15,2
11171,C2,12,,11,6,1,13,2
11172,C2,12,,10,7,1,11,2
11173,C2,12,,11,7,1,8,1
11174,C2,12,981,12,6,0,13,0
11175,C2,12,,11,8,0,11,1
11176,C2,12,854,12,6,0,14,0
11177,C2,12,,11,9,0,13,0
11178,C2,12,796,12,9,0,14,1
11179,C2,12,760,12,8,0,13,0
11180,C2,12,854,12,7,0,11,1
11181,C2,12,,10,6,1,9,1
11182,C2,12,,10,6,0,11,1
11183,C2,12,,11,7,0,11,0
11184,C2,12,541,12,6,0,14,1
11185,C2,12,,10,5,1,14,1
11186,C2,12,,11,6,1,9,1
11187,C2,12,675,12,8,0,9,2
11188,C2,12,617,12,8,0,10,1
11189,C2,12,,11,8,1,16,1
11190,C2,12,,11,8,1,10,2
11191,C2,12,,11,7,0,15,0
11192,C2,12,,10,6,1,9,1
11193,C2,12,,11,7,1,13,2
11194,C2,12,,10,6,1,11,3
11195,C2,12,,11,7,1,16,2
11196,C2,12,837,12,7,0,11,1
11197,C2,12,,10,7,2,14,3
11198,C2,12,870,12,8,0,17,3
11199,C2,12,552,12,8,0,9,0
11200,C2,12,788,12,6,0,11,1
11201,C2,12,,10,7,0,14,0
11202,C2,12,772,12,8,0,9,0
11203,C2,12,,10,7,1,8,1
11204,C2,12,,11,7,1,8,2
11205,C2,12,,10,7,1,8,2
11206,C2,12,,11,7,0,12,0
11207,C2,12,,10,7,0,10,1
11208,C2,12,843,12,6,0,9,0
11209,C2,12,,11,7,0,13,0
11210,C2,12,,11,6,0,11,0
11211,C2,12,,11,7,1,14,1
11212,C2,12,873,12,6,0,8,0
11213,C2,12,960,12,7,0,12,2
11214,C2,12,,11,5,0,16,0
11215,C2,12,,10,6,1,7,2
11216,C2,12,651,12,8,0,8,0
11217,C2,12,,11,7,0,12,0
11218,C2,12,803,12,8,0,11,0
11219,C2,12,,11,6,0,14,2
11220,C2,12,777,12,6,0,9,0
11221,C2,12,,11,8,0,14,1
11222,C2,12,,11,8,1,15,2
11223,C2,12,,11,6,1,11,1
11224,C2,12,994,12,6,0,11,0
11225,C2,12,941,12,7,0,10,0
11226,C2,12,,11,7,0,15,0
11227,C2,12,,11,6,0,14,1
11228,C2,12,929,12,8,0,10,0
11229,C2,12,725,12,8,0,13,2
11230,C2,12,,11,5,0,9,0
11231,C2,12,912,12,7,0,5,0
11232,C2,12,,11,5,1,10,2
11233,C2,12,576,12,6,0,8,0
11234,C2,12,,10,5,1,16,2
11235,C2,12,,11,7,0,13,2
11236,C2,12,,11,7,1,13,2
11237,C2,12,932,12,6,0,13,1
11238,C2,12,906,12,8,0,11,0
11239,C2,12,,11,6,0,9,0
11240,C2,12,,10,6,1,12,1
11241,C2,12,984,12,7,0,9,1
11242,C2,12,,11,8,0,13,1
11243,C2,12,,11,8,0,12,1
11244,C2,12,907,12,7,0,13,0
11245,C2,12,,10,8,1,12,1
11246,C2,12,534,12,9,0,7,0
11247,C2,12,,11,5,0,14,1
11248,C2,12,529,12,8,0,14,0
11249,C2,12,,11,7,1,12,2
11250,C2,12,,11,7,1,12,1
11251,C2,12,,11,7,1,14,2
11252,C2,12,795,12,10,0,15,1
11253,C2,12,,11,7,1,16,1
11254,C2,12,,10,6,0,11,0
11255,C2,12,,11,8,1,14,2
11256,C2,12,851,12,6,0,9,0
11257,C2,12,,10,6,1,17,1
11258,C2,12,,11,8,1,10,2
11259,C2,12,689,12,6,0,10,1
11260,C2,12,,10,8,1,10,3
11261,C2,12,,11,6,1,16,2
11262,C2,12,956,12,7,0,7,0
11263,C2,12,920,12,8,0,9,0
11264,C2,12,,10,6,1,13,1
11265,C2,12,,11,6,1,10,2
11266,C2,12,,11,7,1,14,1
11267,C2,12,,11,6,1,7,1
11268,C2,12,975,12,5,0,12,1
11269,C2,12,,11,7,1,15,1
11270,C2,12,,9,6,2,8,2
11271,C2,12,,11,6,0,11,1
11272,C2,12,,11,7,0,11,0
11273,C2,12,971,12,8,0,9,1
11274,C2,12,976,12,6,0,12,2
11275,C2,12,,11,7,0,11,2
11276,C2,12,,11,7,1,14,2
11277,C2,12,583,12,8,0,7,1
11278,C2,12,354,12,7,0,11,0
11279,C2,12,,11,9,0,14,2
11280,C2,12,781,12,6,0,12,1
11281,C2,12,,10,7,2,7,2
11282,C2,12,,10,9,1,11,1
11283,C2,12,816,12,5,0,10,1
11284,C2,12,844,12,7,0,12,2
11285,C2,12,,11,8,1,9,1
11286,C2,12,,11,5,1,11,1
11287,C2,12,,11,7,1,14,1
11288,C2,12,853,12,7,0,14,0
11289,C2,12,,11,7,0,11,1
11290,C2,12,807,12,7,0,16,0
11291,C2,12,596,12,7,0,10,1
11292,C2,12,,11,7,0,10,1
11293,C2,12,,9,5,2,11,2
11294,C2,12,,10,6,1,7,1
11295,C2,12,929,12,6,0,14,1
11296,C2,12,,11,9,0,14,2
11297,C2,12,812,12,8,0,12,1
11298,C2,12,920,12,8,0,18,2
11299,C2,12,,11,7,0,8,0
11300,C2,12,,10,7,2,14,3
11301,C2,12,,11,7,0,11,0
11302,C2,12,,10,7,1,9,1
11303,C2,12,,11,7,0,13,1
11304,C2,12,,11,7,1,15,1
11305,C2,12,,11,8,0,10,1
11306,C2,12,918,12,9,0,11,1
11307,C2,12,659,12,7,0,13,2
11308,C2,12,,11,5,1,15,1
11309,C2,12,,11,7,0,12,1
11310,C2,12,,10,7,2,10,2
11311,C2,12,717,12,7,0,15,0
11312,C2,12,,10,7,0,11,0
11313,C2,12,,11,8,1,9,1
11314,C2,12,964,12,8,0,12,0
11315,C2,12,,11,8,1,18,1
11316,C2,12,974,12,7,0,17,0
11317,C2,12,923,12,6,0,13,1
11318,C2,12,,10,7,1,12,3
11319,C2,12,,11,6,1,13,1
11320,C2,12,,10,6,1,13,2
11321,C2,12,911,12,10,0,10,0
11322,C2,12,,11,8,1,13,2
11323,C2,12,871,12,7,0,8,0
11324,C2,12,736,12,9,0,14,1
11325,C2,12,566,12,7,0,10,2
11326,C2,12,,11,6,1,10,3
11327,C2,12,842,12,8,0,13,1
11328,C2,12,756,12,9,0,12,1
11329,C2,12,,11,7,0,15,1
11330,C2,12,421,12,7,0,10,0
11331,C2,12,,11,6,0,10,1
11332,C2,12,677,12,7,0,9,0
11333,C2,12,,11,8,0,9,0
11334,C2,12,,11,7,1,12,1
11335,C2,12,,9,6,2,16,3
11336,C2,12,,11,6,1,15,3
11337,C2,12,,11,7,0,12,0
11338,C2,12,,10,7,1,11,1
11339,C2,12,,10,6,1,11,1
11340,C2,12,797,12,7,0,12,1
11341,C2,12,563,12,6,0,18,0
11342,C2,12,,11,6,1,11,1
11343,C2,12,,11,8,1,10,1
11344,C2,12,,11,6,0,14,0
11345,C2,12,,9,6,2,11,2
11346,C2,12,,10,6,2,11,3
11347,C2,12,,11,6,0,13,1
11348,C2,12,947,12,7,0,12,1
11349,C2,12,,11,7,0,16,1
11350,C2,12,628,12,7,0,12,2
11351,C2,12,,11,8,1,10,1
11352,C2,12,841,12,8,0,15,1
11353,C2,12,,11,5,0,10,1
11354,C2,12,,11,9,0,14,0
11355,C2,12,,11,8,0,15,2
11356,C2,12,830,12,6,0,9,0
11357,C2,12,835,12,7,0,13,1
11358,C2,12,,11,5,1,10,1
11359,C2,12,600,12,7,0,11,1
11360,C2,12,,11,8,1,12,1
11361,C2,12,,11,8,0,12,1
11362,C2,12,986,12,7,0,8,0
11363,C2,12,,11,8,0,10,1
11364,C2,12,668,12,7,0,10,0
11365,C2,12,,10,6,1,10,1
11366,C2,12,,11,8,1,16,1
11367,C2,12,790,12,7,0,9,1
11368,C2,12,,11,6,1,15,1
11369,C2,12,,11,8,0,10,0
11370,C2,12,,11,6,0,10,1
11371,C2,12,,11,7,0,15,2
11372,C2,12,,11,7,0,12,2
11373,C2,12,,11,6,0,12,0
11374,C2,12,,10,7,0,16,0
11375,C2,12,977,12,8,0,13,1
11376,C2,12,,10,5,1,10,1
11377,C2,12,,11,6,1,12,1
11378,C2,12,781,12,9,0,9,1
11379,C2,12,,11,6,0,10,1
11380,C2,12,774,12,9,0,11,0
11381,C2,12,,11,7,0,13,0
11382,C2,12,669,12,10,0,8,0
11383,C2,12,657,12,7,0,9,1
11384,C2,12,,10,6,1,14,1
11385,C2,12,,11,6,0,12,0
11386,C2,12,,11,7,1,13,2
11387,C2,12,818,12,7,0,13,0
11388,C2,12,454,12,9,0,14,2
11389,C2,12,,11,7,0,11,1
11390,C2,12,,11,8,0,11,1
11391,C2,12,991,12,7,0,15,2
11392,C2,12,,11,7,0,13,1
11393,C2,12,824,12,7,0,11,2
11394,C2,12,930,12,7,0,15,0
11395,C2,12,,11,6,1,13,2
11396,C2,12,763,12,6,0,13,1
11397,C2,12,,11,5,1,11,2
11398,C2,12,,10,5,1,13,1
11399,C2,12,,9,6,1,11,2
11400,C2,12,671,12,9,0,13,2
11401,C2,12,,11,7,0,15,1
11402,C2,12,722,12,8,0,15,0
11403,C2,12,,11,6,0,12,1
11404,C2,12,,10,6,0,11,1
11405,C2,12,973,12,8,0,14,0
11406,C2,12,,11,7,1,13,1
11407,C2,12,,11,8,0,14,2
11408,C2,12,,9,5,2,13,3
11409,C2,12,835,12,9,0,12,2
11410,C2,12,,10,7,1,14,2
11411,C2,12,842,12,7,0,11,2
11412,C2,12,,11,7,0,14,2
11413,C2,12,978,12,7,0,13,1
11414,C2,12,836,12,7,0,10,1
11415,C2,12,,10,7,2,20,3
11416,C2,12,,11,8,1,13,1
11417,C2,12,489,12,8,0,11,1
11418,C2,12,661,12,9,0,11,1
11419,C2,12,842,12,8,0,10,0
11420,C2,12,636,12,7,0,11,1
11421,C2,12,405,12,10,0,10,0
11422,C2,12,672,12,8,0,9,1
11423,C2,12,941,12,7,0,7,0
11424,C2,12,561,12,7,0,14,0
11425,C2,12,,10,6,1,13,2
11426,C2,12,,11,7,1,15,1
11427,C2,12,973,12,7,0,15,1
11428,C2,12,647,12,9,0,16,1
11429,C2,12,,9,5,2,16,2
11430,C2,12,773,12,7,0,12,1
11431,C2,12,656,12,8,0,10,2
11432,C2,12,,11,7,1,10,1
11433,C2,12,754,12,6,0,13,1
11434,C2,12,644,12,8,0,12,1
11435,C2,12,,11,5,0,14,0
11436,C2,12,,11,6,0,11,0
11437,C2,12,597,12,8,0,11,0
11438,C2,12,852,12,8,0,14,1
11439,C2,12,,11,7,1,17,2
11440,C2,12,,10,7,2,16,2
11441,C2,12,,10,6,1,11,1
11442,C2,12,,11,6,0,13,0
11443,C2,12,845,12,7,0,11,1
11444,C2,12,,11,8,0,10,0
11445,C2,12,,11,6,0,12,0
11446,C2,12,,11,9,1,10,1
11447,C2,12,,11,6,1,15,1
11448,C2,12,827,12,6,0,11,1
11449,C2,12,,11,6,1,13,2
11450,C2,12,,10,7,1,10,2
11451,C2,12,,10,7,1,14,1
11452,C2,12,427,12,9,0,14,2
11453,C2,12,702,12,8,0,16,1
11454,C2,12,856,12,7,0,12,1
11455,C2,12,942,12,8,0,11,1
11456,C2,12,,9,6,1,13,1
11457,C2,12,,11,7,0,13,0
11458,C2,12,,11,6,1,17,1
11459,C2,12,927,12,7,0,9,0
11460,C2,12,731,12,7,0,10,0
11461,C2,12,539,12,8,0,11,3
11462,C2,12,819,12,8,0,11,0
11463,C2,12,732,12,8,0,8,0
11464,C2,12,727,12,9,0,9,2
11465,C2,12,801,12,9,0,12,0
11466,C2,12,,9,7,1,16,2
11467,C2,12,,11,6,0,13,0
11468,C2,12,,11,7,1,12,1
11469,C2,12,,11,7,0,9,0
11470,C2,12,610,12,8,0,10,2
11471,C2,12,,11,6,0,10,0
11472,C2,12,,10,7,0,9,1
11473,C2,12,,11,7,0,15,0
11474,C2,12,725,12,8,0,9,0
11475,C2,12,739,12,6,0,9,1
11476,C2,12,771,12,7,0,9,0
11477,C2,12,815,12,6,0,10,1
11478,C2,12,,10,7,1,14,2
11479,C2,12,940,12,6,0,15,1
11480,C2,12,,9,6,0,13,1
11481,C2,12,617,12,9,0,12,1
11482,C2,12,,10,7,0,12,0
11483,C2,12,619,12,8,0,12,1
11484,C2,12,,11,6,0,10,0
11485,C2,12,,11,8,1,10,1
11486,C2,12,,10,7,1,10,1
11487,C2,12,890,12,8,0,9,2
11488,C2,12,900,12,7,0,18,0
11489,C2,12,,11,6,1,12,3
11490,C2,12,732,12,6,0,8,0
11491,C2,12,,11,6,1,14,2
11492,C2,12,832,12,8,0,9,0
11493,C2,12,821,12,6,0,13,1
11494,C2,12,,11,7,1,14,1
11495,C2,12,,11,6,1,15,2
11496,C2,12,,11,8,0,10,0
11497,C2,12,,11,7,0,14,1
11498,C2,12,,9,6,0,7,0
11499,C2,12,,11,7,0,11,0
11500,C2,12,593,12,7,0,5,0
11501,C2,12,,11,7,0,13,1
11502,C2,12,,10,5,1,14,1
11503,C2,12,610,12,8,0,7,0
11504,C2,12,,11,6,0,13,1
11505,C2,12,933,12,7,0,14,1
11506,C2,12,,11,6,0,13,2
11507,C2,12,,10,6,1,12,1
11508,C2,12,,11,7,1,15,2
11509,C2,12,727,12,7,0,10,0
11510,C2,12,,11,5,1,11,2
11511,C2,12,,10,7,0,13,2
11512,C2,12,723,12,8,0,12,0
11513,C2,12,703,12,7,0,9,0
11514,C2,12,,11,9,0,13,1
11515,C2,12,757,12,7,0,12,0
11516,C2,12,,11,6,1,14,1
11517,C2,12,,10,7,2,17,3
11518,C2,12,891,12,9,0,14,0
11519,C2,12,,11,7,0,11,1
11520,C2,12,,11,5,0,12,0
11521,C2,12,808,12,8,0,11,0
11522,C2,12,531,12,10,0,8,1
11523,C2,12,,11,7,1,13,3
11524,C2,12,967,12,5,0,9,0
11525,C2,12,,11,7,0,12,0
11526,C2,12,,10,6,2,12,3
11527,C2,12,,11,7,0,6,0
11528,C2,12,622,12,6,0,13,0
11529,C2,12,,11,9,1,16,3
11530,C2,12,,11,6,0,11,0
11531,C2,12,760,12,8,0,13,0
11532,C2,12,620,12,9,0,10,0
11533,C2,12,976,12,8,0,6,0
11534,C2,12,,11,7,1,12,2
11535,C2,12,,11,8,0,13,1
11536,C2,12,,11,5,0,12,1
11537,C2,12,883,12,7,0,11,1
11538,C2,12,,11,6,0,8,2
11539,C2,12,,11,10,0,12,0
11540,C2,12,720,12,8,0,11,0
11541,C2,12,712,12,8,0,10,0
11542,C2,12,,10,5,1,12,2
11543,C2,12,612,12,6,0,12,2
11544,C2,12,591,12,10,0,12,1
11545,C2,12,,10,6,1,15,2
11546,C2,12,,11,7,1,13,2
11547,C2,12,,10,6,2,14,2
11548,C2,12,,11,8,0,12,0
11549,C2,12,,10,7,2,15,2
11550,C2,12,,11,8,0,14,2
11551,C2,12,913,12,7,0,10,0
11552,C2,12,,10,7,0,13,1
11553,C2,12,895,12,8,0,9,1
11554,C2,12,553,12,8,0,10,1
11555,C2,12,,11,7,0,11,1
11556,C2,12,692,12,7,0,11,0
11557,C2,12,,11,7,0,9,0
11558,C2,12,956,12,7,0,14,1
11559,C2,12,,11,9,0,9,1
11560,C2,12,598,12,7,0,8,0
11561,C2,12,,10,6,2,15,2
11562,C2,12,,11,10,1,12,1
11563,C2,12,853,12,8,0,12,1
11564,C2,12,811,12,8,0,10,1
11565,C2,12,941,12,5,0,12,2
11566,C2,12,,10,7,1,13,1
11567,C2,12,928,12,9,0,14,0
11568,C2,12,,11,8,0,15,0
11569,C2,12,,11,5,1,11,3
11570,C2,12,944,12,7,0,12,2
11571,C2,12,,11,7,1,13,1
11572,C2,12,,11,7,0,13,1
11573,C2,12,,10,7,1,12,1
11574,C2,12,710,12,6,0,16,1
11575,C2,12,935,12,6,0,11,0
11576,C2,12,635,12,6,0,13,1
11577,C2,12,,11,7,0,11,0
11578,C2,12,,10,5,2,17,2
11579,C2,12,,11,5,0,13,1
11580,C2,12,791,12,8,0,14,1
11581,C2,12,,11,7,1,15,2
11582,C2,12,,10,6,1,13,1
11583,C2,12,,11,8,0,10,0
11584,C2,12,993,12,7,0,10,0
11585,C2,12,,11,6,1,11,2
11586,C2,12,,11,8,1,14,2
11587,C2,12,,11,5,0,12,1
11588,C2,12,,11,6,0,7,0
11589,C2,12,,11,7,1,12,1
11590,C2,12,781,12,7,0,12,2
11591,C2,12,,10,10,1,11,3
11592,C2,12,,10,5,1,13,2
11593,C2,12,,11,6,0,10,1
11594,C2,12,,11,5,1,15,1
11595,C2,12,,11,6,0,12,0
11596,C2,12,995,12,7,0,11,0
11597,C2,12,,10,6,1,12,1
11598,C2,12,868,12,6,0,9,0
11599,C2,12,,10,5,1,17,1
11600,C2,12,,11,7,1,6,2
11601,C2,12,843,12,6,0,13,1
11602,C2,12,987,12,7,0,13,0
11603,C2,12,874,12,8,0,10,0
11604,C2,12,838,12,8,0,11,0
11605,C2,12,879,12,9,0,8,0
11606,C2,12,590,12,7,0,11,0
11607,C2,12,,11,7,0,8,1
11608,C2,12,845,12,8,0,12,0
11609,C2,12,954,12,8,0,7,1
11610,C2,12,876,12,5,0,12,0
11611,C2,12,711,12,7,0,10,1
11612,C2,12,603,12,8,0,10,0
11613,C2,12,,11,6,1,14,2
11614,C2,12,,11,7,1,11,1
11615,C2,12,,11,8,1,10,2
11616,C2,12,,11,8,1,13,1
11617,C2,12,,10,6,1,12,2
11618,C2,12,,10,5,1,17,3
11619,C2,12,559,12,7,0,16,0
11620,C2,12,,11,6,0,14,1
11621,C2,12,,11,7,0,11,1
11622,C2,12,,11,6,1,11,2
11623,C2,12,522,12,8,0,12,0
11624,C2,12,527,12,7,0,15,1
11625,C2,12,,11,7,0,12,0
11626,C2,12,781,12,9,0,10,2
11627,C2,12,,11,7,1,14,2
11628,C2,12,,11,9,1,15,1
11629,C2,12,810,12,9,0,14,1
11630,C2,12,422,12,7,0,11,1
11631,C2,12,933,12,9,0,11,2
11632,C2,12,,9,6,0,11,0
11633,C2,12,830,12,7,0,9,0
11634,C2,12,,11,6,1,14,1
11635,C2,12,976,12,8,0,9,2
11636,C2,12,718,12,8,0,11,1
11637,C2,12,716,12,9,0,13,0
11638,C2,12,,11,8,0,13,1
11639,C2,12,838,12,9,0,11,2
11640,C2,12,,11,6,1,11,1
11641,C2,12,839,12,7,0,16,2
11642,C2,12,,11,7,0,9,1
11643,C2,12,,9,6,0,12,0
11644,C2,12,,9,6,2,14,3
11645,C2,12,,11,5,0,10,1
11646,C2,12,919,12,6,0,14,0
11647,C2,12,,11,7,0,13,2
11648,C2,12,842,12,7,0,8,1
11649,C2,12,871,12,8,0,12,1
11650,C2,12,,11,8,1,11,2
11651,C2,12,699,12,6,0,13,1
11652,C2,12,,11,9,1,11,2
11653,C2,12,943,12,8,0,5,0
11654,C2,12,,11,7,1,11,2
11655,C2,12,711,12,7,0,10,0
11656,C2,12,243,12,11,0,9,0
11657,C2,12,984,12,7,0,12,0
11658,C2,12,891,12,7,0,12,0
11659,C2,12,689,12,7,0,12,1
11660,C2,12,905,12,6,0,13,0
11661,C2,12,,11,7,0,10,1
11662,C2,12,978,12,7,0,12,1
11663,C2,12,,11,7,0,10,1
11664,C2,12,546,12,9,0,7,0
11665,C2,12,,11,7,0,15,1
11666,C2,12,,10,7,1,15,2
11667,C2,12,592,12,6,0,10,1
11668,C2,12,693,12,7,0,9,1
11669,C2,12,,10,6,1,12,1
11670,C2,12,,11,7,0,15,1
11671,C2,12,,11,9,1,14,1
11672,C2,12,953,12,6,0,12,1
11673,C2,12,,10,7,1,15,1
11674,C2,12,,10,6,1,12,1
11675,C2,12,584,12,10,0,11,1
11676,C2,12,,11,7,0,12,0
11677,C2,12,573,12,8,0,14,3
11678,C2,12,986,12,7,0,10,2
11679,C2,12,,11,6,0,11,0
11680,C2,12,930,12,7,0,12,0
11681,C2,12,750,12,8,0,11,1
11682,C2,12,882,12,7,0,8,1
11683,C2,12,583,12,8,0,8,1
11684,C2,12,796,12,10,0,5,0
11685,C2,12,,10,6,0,13,0
11686,C2,12,720,12,9,0,13,1
11687,C2,12,,11,6,1,13,1
11688,C2,12,903,12,7,0,10,0
11689,C2,12,896,12,7,0,15,1
11690,C2,12,741,12,7,0,13,0
11691,C2,12,443,12,7,0,12,2
11692,C2,12,597,12,7,0,11,1
11693,C2,12,974,12,6,0,16,1
11694,C2,12,,11,7,1,9,1
11695,C2,12,794,12,7,0,14,0
11696,C2,12,932,12,8,0,10,0
11697,C2,12,,11,7,1,9,1
11698,C2,12,991,12,9,0,14,1
11699,C2,12,671,12,8,0,14,1
11700,C2,12,,11,6,0,13,0
11701,C2,12,,10,5,2,13,2
11702,C2,12,,11,7,1,12,2
11703,C2,12,620,12,10,0,13,1
11704,C2,12,409,12,8,0,8,0
11705,C2,12,,11,6,0,10,1
11706,C2,12,,11,7,1,16,2
11707,C2,12,581,12,6,0,8,0
11708,C2,12,726,12,9,0,12,1
11709,C2,12,,11,8,0,6,2
11710,C2,12,771,12,8,0,8,0
11711,C2,12,835,12,8,0,13,0
11712,C2,12,561,12,8,0,13,0
11713,C2,12,955,12,8,0,13,0
11714,C2,12,861,12,7,0,10,0
11715,C2,12,,11,7,0,12,2
11716,C2,12,589,12,7,0,12,0
11717,C2,12,,9,7,2,13,2
11718,C2,12,,10,8,0,15,2
11719,C2,12,,11,8,0,11,1
11720,C2,12,807,12,7,0,11,0
11721,C2,12,682,12,9,0,7,0
11722,C2,12,,11,7,1,12,1
11723,C2,12,,11,6,1,11,2
11724,C2,12,,11,8,1,11,2
11725,C2,12,882,12,7,0,13,0
11726,C2,12,,11,7,1,14,2
11727,C2,12,,11,8,0,10,0
11728,C2,12,859,12,8,0,9,1
11729,C2,12,,11,9,0,8,1
11730,C2,12,,11,6,0,15,0
11731,C2,12,,11,6,0,11,0
11732,C2,12,,11,7,0,14,1
11733,C2,12,831,12,7,0,11,2
11734,C2,12,,11,8,0,18,2
11735,C2,12,866,12,8,0,17,1
11736,C2,12,871,12,6,0,15,0
11737,C2,12,,9,6,2,11,3
11738,C2,12,,11,8,0,11,2
11739,C2,12,,9,7,2,11,2
11740,C2,12,,10,6,2,10,2
11741,C2,12,861,12,6,0,15,0
11742,C2,12,,11,8,0,13,0
11743,C2,12,694,12,8,0,12,2
11744,C2,12,853,12,6,0,12,1
11745,C2,12,,10,7,0,13,2
11746,C2,12,,11,6,0,12,0
11747,C2,12,,11,5,1,12,1
11748,C2,12,,11,7,0,16,1
11749,C2,12,525,12,7,0,13,1
11750,C2,12,,11,9,1,12,1
11751,C2,12,915,12,8,0,13,0
11752,C2,12,,11,9,1,13,2
11753,C2,12,,11,8,0,10,1
11754,C2,12,726,12,6,0,10,0
11755,C2,12,,11,6,0,14,1
11756,C2,12,944,12,8,0,14,0
11757,C2,12,557,12,8,0,11,1
11758,C2,12,,11,7,1,13,2
11759,C2,12,991,12,5,0,12,1
11760,C2,12,806,12,6,0,11,0
11761,C2,12,,9,6,2,15,3
11762,C2,12,928,12,7,0,17,1
11763,C2,12,,11,7,1,11,1
11764,C2,12,,10,7,0,15,1
11765,C2,12,,10,7,2,12,2
11766,C2,12,587,12,8,0,10,0
11767,C2,12,,9,5,1,14,1
11768,C2,12,885,12,7,0,6,1
11769,C2,12,,11,7,0,13,0
11770,C2,12,,11,8,0,13,1
11771,C2,12,,11,8,1,14,2
11772,C2,12,,9,6,1,11,1
11773,C2,12,,11,6,1,14,2
11774,C2,12,956,12,7,0,15,1
11775,C2,12,,11,6,1,15,2
11776,C2,12,,11,8,1,11,2
11777,C2,12,650,12,7,0,11,1
11778,C2,12,713,12,8,0,13,0
11779,C2,12,,11,6,0,12,1
11780,C2,12,,11,7,0,9,2
11781,C2,12,780,12,8,0,9,1
11782,C2,12,,10,7,2,11,3
11783,C2,12,,11,8,1,12,2
11784,C2,12,,11,7,0,9,0
11785,C2,12,978,12,8,0,9,0
11786,C2,12,,10,6,1,15,1
11787,C2,12,,9,7,1,9,2
11788,C2,12,,10,9,1,10,1
11789,C2,12,,11,7,0,14,1
11790,C2,12,,11,7,1,9,1
11791,C2,12,,10,6,0,10,0
11792,C2,12,728,12,8,0,14,1
11793,C2,12,,11,8,1,12,2
11794,C2,12,,11,7,0,10,0
11795,C2,12,,10,6,1,13,2
11796,C2,12,943,12,6,0,12,2
11797,C2,12,562,12,8,0,11,1
11798,C2,12,630,12,8,0,12,2
11799,C2,12,,10,7,0,15,0
11800,C2,12,531,12,7,0,13,0
11801,C2,12,932,12,7,0,12,1
11802,C2,12,,11,7,1,11,2
11803,C2,12,,11,6,0,13,0
11804,C2,12,523,12,8,0,11,1
11805,C2,12,788,12,8,0,7,0
11806,C2,12,,11,6,0,11,0
11807,C2,12,,11,6,0,11,0
11808,C2,12,937,12,10,0,10,1
11809,C2,12,792,12,7,0,7,1
11810,C2,12,524,12,8,0,9,1
11811,C2,12,,10,6,1,14,1
11812,C2,12,,10,7,2,12,2
11813,C2,12,,11,7,0,9,1
11814,C2,12,,10,6,1,11,1
11815,C2,12,,11,6,0,14,1
11816,C2,12,668,12,8,0,15,0
11817,C2,12,,10,6,1,11,1
11818,C2,12,632,12,9,0,11,1
11819,C2,12,731,12,6,0,15,1
11820,C2,12,,10,7,0,15,0
11821,C2,12,,11,7,1,8,2
11822,C2,12,,11,6,0,12,0
11823,C2,12,,11,6,1,14,2
11824,C2,12,,11,5,0,15,2
11825,C2,12,,11,8,1,15,2
11826,C2,12,779,12,7,0,15,1
11827,C2,12,,10,5,1,14,2
11828,C2,12,667,12,9,0,15,1
11829,C2,12,,11,6,0,10,1
11830,C2,12,951,12,6,0,13,1
11831,C2,12,579,12,8,0,13,2
11832,C2,12,,11,8,0,12,1
11833,C2,12,,10,7,0,16,1
11834,C2,12,,10,6,0,13,1
11835,C2,12,,11,6,1,12,1
11836,C2,12,,11,7,0,15,1
11837,C2,12,,10,5,1,13,3
11838,C2,12,,9,7,2,10,2
11839,C2,12,,11,8,0,10,0
11840,C2,12,,11,5,0,15,2
11841,C2,12,,9,5,1,11,2
11842,C2,12,913,12,8,0,11,1
11843,C2,12,842,12,7,0,19,1
11844,C2,12,799,12,6,0,11,0
11845,C2,12,,11,6,1,11,1
11846,C2,12,814,12,8,0,15,0
11847,C2,12,773,12,10,0,13,0
11848,C2,12,,11,8,1,14,3
11849,C2,12,,11,6,0,13,0
11850,C2,12,704,12,8,0,7,0
11851,C2,12,,11,7,0,14,2
11852,C2,12,,11,9,1,10,2
11853,C2,12,851,12,8,0,12,1
11854,C2,12,,11,7,0,14,1
11855,C2,12,,11,8,1,11,2
11856,C2,12,547,12,7,0,12,3
11857,C2,12,447,12,7,0,14,0
11858,C2,12,,11,8,1,13,2
11859,C2,12,788,12,7,0,14,2
11860,C2,12,525,12,8,0,9,0
11861,C2,12,862,12,8,0,10,0
11862,C2,12,980,12,8,0,9,0
11863,C2,12,,11,7,0,12,0
11864,C2,12,671,12,7,0,11,0
11865,C2,12,,11,7,0,12,1
11866,C2,12,,11,6,0,14,0
11867,C2,12,,9,6,1,10,1
11868,C2,12,,11,7,1,13,1
11869,C2,12,,10,6,1,12,1
11870,C2,12,,11,7,1,10,2
11871,C2,12,905,12,9,0,11,2
11872,C2,12,,11,7,0,8,0
11873,C2,12,,11,8,1,6,1
11874,C2,12,,10,7,0,13,0
11875,C2,12,,11,6,0,8,0
11876,C2,12,,11,7,1,15,1
11877,C2,12,975,12,7,0,10,1
11878,C2,12,,11,8,0,11,0
11879,C2,12,671,12,7,0,7,1
11880,C2,12,,11,7,0,7,0
11881,C2,12,858,12,8,0,11,2
11882,C2,12,,10,5,1,14,1
11883,C2,12,,11,7,0,12,0
11884,C2,12,,11,8,0,7,1
11885,C2,12,,11,9,0,15,1
11886,C2,12,,11,8,0,14,0
11887,C2,12,,9,6,1,13,1
11888,C2,12,742,12,8,0,12,1
11889,C2,12,958,12,6,0,7,1
11890,C2,12,,9,7,1,12,1
11891,C2,12,,11,7,0,12,1
11892,C2,12,725,12,7,0,9,0
11893,C2,12,,11,7,1,12,3
11894,C2,12,871,12,8,0,12,1
11895,C2,12,,11,6,0,13,1
11896,C2,12,623,12,9,0,11,1
11897,C2,12,777,12,8,0,10,2
11898,C2,12,,11,7,1,13,1
11899,C2,12,436,12,8,0,13,0
11900,C2,12,,10,6,1,11,1
11901,C2,12,,11,8,1,12,2
11902,C2,12,901,12,6,0,10,2
11903,C2,12,511,12,8,0,14,1
11904,C2,12,,11,6,1,10,1
11905,C2,12,,11,9,0,13,3
11906,C2,12,926,12,6,0,9,0
11907,C2,12,,10,5,2,10,2
11908,C2,12,869,12,5,0,11,1
11909,C2,12,,11,7,0,10,1
11910,C2,12,,10,9,1,10,1
11911,C2,12,688,12,8,0,11,2
11912,C2,12,,11,4,1,12,2
11913,C2,12,,11,6,0,12,0
11914,C2,12,,11,6,0,11,3
11915,C2,12,974,12,7,0,10,1
11916,C2,12,,10,7,1,15,3
11917,C2,12,,10,5,0,14,0
11918,C2,12,,10,6,1,14,1
11919,C2,12,,11,8,0,6,0
11920,C2,12,588,12,8,0,14,2
11921,C2,12,,11,6,1,18,2
11922,C2,12,,10,6,1,10,2
11923,C2,12,,11,5,1,13,1
11924,C2,12,,11,7,0,12,0
11925,C2,12,,11,7,1,16,3
11926,C2,12,,11,8,0,10,1
11927,C2,12,,11,8,1,13,1
11928,C2,12,921,12,7,0,8,0
11929,C2,12,811,12,7,0,14,2
11930,C2,12,,11,7,0,14,0
11931,C2,12,,10,7,2,10,2
11932,C2,12,,11,8,0,12,0
11933,C2,12,855,12,7,0,8,0
11934,C2,12,,11,7,0,15,1
11935,C2,12,758,12,8,0,11,3
11936,C2,12,,11,7,0,14,1
11937,C2,12,,11,8,0,10,1
11938,C2,12,637,12,8,0,14,0
11939,C2,12,690,12,8,0,9,0
11940,C2,12,,11,8,0,10,2
11941,C2,12,,11,8,0,7,0
11942,C2,12,877,12,6,0,12,1
11943,C2,12,561,12,7,0,11,0
11944,C2,12,932,12,7,0,13,1
11945,C2,12,803,12,8,0,6,0
11946,C2,12,,11,6,0,11,0
11947,C2,12,843,12,8,0,11,0
11948,C2,12,703,12,7,0,14,2
11949,C2,12,,11,6,0,10,1
11950,C2,12,,11,7,1,13,2
11951,C2,12,,11,9,1,12,1
11952,C2,12,873,12,5,0,12,1
11953,C2,12,331,12,8,0,14,1
11954,C2,12,,11,7,1,9,1
11955,C2,12,988,12,9,0,9,1
11956,C2,12,936,12,10,0,9,1
11957,C2,12,764,12,6,0,12,0
11958,C2,12,,10,5,2,13,3
11959,C2,12,,11,8,1,12,1
11960,C2,12,,11,6,1,10,2
11961,C2,12,,11,6,0,14,0
11962,C2,12,994,12,6,0,11,0
11963,C2,12,759,12,8,0,11,1
11964,C2,12,,11,8,1,11,2
11965,C2,12,898,12,7,0,14,0
11966,C2,12,715,12,6,0,14,1
11967,C2,12,866,12,8,0,14,1
11968,C2,12,,11,9,0,9,0
11969,C2,12,,11,9,0,14,1
11970,C2,12,915,12,6,0,15,2
11971,C2,12,934,12,7,0,8,0
11972,C2,12,945,12,7,0,7,0
11973,C2,12,,11,7,0,12,0
11974,C2,12,615,12,7,0,11,1
11975,C2,12,990,12,8,0,11,0
11976,C2,12,748,12,7,0,11,2
11977,C2,12,,11,5,0,15,2
11978,C2,12,,11,7,0,14,0
11979,C2,12,716,12,8,0,12,0
11980,C2,12,,11,7,1,14,2
11981,C2,12,818,12,7,0,12,2
11982,C2,12,,11,5,1,13,1
11983,C2,12,718,12,7,0,13,2
11984,C2,12,874,12,7,0,7,0
11985,C2,12,,11,7,0,12,1
11986,C2,12,,10,6,2,13,2
11987,C2,12,,11,8,0,13,0
11988,C2,12,589,12,9,0,18,1
11989,C2,12,,11,5,1,8,1
11990,C2,12,,11,9,0,10,1
11991,C2,12,785,12,6,0,8,0
11992,C2,12,576,12,8,0,12,1
11993,C2,12,759,12,7,0,10,0
11994,C2,12,735,12,8,0,10,0
11995,C2,12,,11,8,1,14,2
11996,C2,12,782,12,7,0,15,2
11997,C2,12,931,12,7,0,11,0
11998,C2,12,818,12,6,0,12,1
11999,C2,12,471,12,8,0,6,1
12000,C3,12,730,12,8,0,8,0
12001,C3,12,458,12,9,0,12,0
12002,C3,12,,11,9,1,11,2
12003,C3,12,508,12,9,0,9,0
12004,C3,12,529,12,7,0,15,2
12005,C3,12,,11,7,1,8,1
12006,C3,12,,11,7,1,13,2
12007,C3,12,674,12,7,0,13,0
12008,C3,12,637,12,8,0,14,0
12009,C3,12,376,12,8,0,11,1
12010,C3,12,,11,9,1,11,2
12011,C3,12,,11,7,1,9,1
12012,C3,12,916,12,8,0,15,0
12013,C3,12,,11,10,1,11,1
12014,C3,12,,10,8,2,15,3
12015,C3,12,,11,9,1,14,1
12016,C3,12,575,12,7,0,13,0
12017,C3,12,542,12,8,0,10,1
12018,C3,12,337,12,9,0,13,0
12019,C3,12,612,12,8,0,14,0
12020,C3,12,409,12,9,0,11,0
12021,C3,12,373,12,9,0,11,1
12022,C3,12,491,12,10,0,11,1
12023,C3,12,337,12,8,0,9,1
12024,C3,12,559,12,8,0,4,1
12025,C3,12,613,12,8,0,8,0
12026,C3,12,,11,8,1,12,2
12027,C3,12,588,12,8,0,11,1
12028,C3,12,677,12,8,0,9,0
12029,C3,12,393,12,8,0,10,0
12030,C3,12,446,12,8,0,9,2
12031,C3,12,443,12,8,0,11,0
12032,C3,12,,11,8,0,17,3
12033,C3,12,610,12,7,0,14,1
12034,C3,12,684,12,9,0,7,0
12035,C3,12,591,12,9,0,13,1
12036,C3,12,675,12,8,0,10,1
12037,C3,12,478,12,8,0,13,0
12038,C3,12,420,12,8,0,12,1
12039,C3,12,626,12,8,0,9,1
12040,C3,12,460,12,8,0,12,0
12041,C3,12,,11,8,1,10,1
12042,C3,12,762,12,9,0,13,2
12043,C3,12,665,12,10,0,8,0
12044,C3,12,,11,8,1,12,2
12045,C3,12,649,12,11,0,13,0
12046,C3,12,352,12,8,0,6,1
12047,C3,12,,11,7,1,15,3
12048,C3,12,316,12,9,0,13,1
12049,C3,12,,11,8,0,15,2
12050,C3,12,,11,7,1,11,2
12051,C3,12,709,12,8,0,15,0
12052,C3,12,323,12,9,0,6,2
12053,C3,12,,10,5,2,14,2
12054,C3,12,584,12,8,0,16,0
12055,C3,12,,11,8,0,6,1
12056,C3,12,516,12,8,0,12,1
12057,C3,12,299,12,11,0,12,1
12058,C3,12,523,12,8,0,8,0
12059,C3,12,,11,8,1,12,1
12060,C3,12,545,12,9,0,16,1
12061,C3,12,504,12,7,0,9,1
12062,C3,12,508,12,8,0,11,1
12063,C3,12,575,12,8,0,9,2
12064,C3,12,617,12,8,0,12,1
12065,C3,12,,11,6,1,15,2
12066,C3,12,559,12,9,0,10,2
12067,C3,12,,11,7,1,13,1
12068,C3,12,,11,9,1,9,2
12069,C3,12,449,12,9,0,9,0
12070,C3,12,323,12,8,0,8,0
12071,C3,12,276,12,11,0,9,0
12072,C3,12,593,12,9,0,10,0
12073,C3,12,835,12,7,0,15,0
12074,C3,12,676,12,7,0,11,2
12075,C3,12,,11,8,1,10,2
12076,C3,12,919,12,7,0,11,0
12077,C3,12,687,12,6,0,10,0
12078,C3,12,587,12,9,0,9,1
12079,C3,12,,11,7,1,10,1
12080,C3,12,701,12,7,0,9,0
12081,C3,12,514,12,8,0,10,0
12082,C3,12,346,12,10,0,12,1
12083,C3,12,664,12,8,0,11,1
12084,C3,12,496,12,8,0,11,3
12085,C3,12,413,12,8,0,12,0
12086,C3,12,,10,7,2,13,2
12087,C3,12,,11,7,1,12,1
12088,C3,12,,11,10,1,10,1
12089,C3,12,,11,8,1,12,1
12090,C3,12,485,12,9,0,14,0
12091,C3,12,613,12,9,0,12,1
12092,C3,12,501,12,7,0,13,0
12093,C3,12,348,12,9,0,8,0
12094,C3,12,476,12,7,0,14,1
12095,C3,12,891,12,9,0,10,0
12096,C3,12,332,12,9,0,11,0
12097,C3,12,801,12,9,0,12,0
12098,C3,12,483,12,9,0,9,0
12099,C3,12,351,12,8,0,12,2
12100,C3,12,,11,9,1,14,2
12101,C3,12,638,12,8,0,12,0
12102,C3,12,493,12,8,0,13,1
12103,C3,12,684,12,6,0,12,2
12104,C3,12,959,12,9,0,13,0
12105,C3,12,303,12,10,0,14,1
12106,C3,12,581,12,8,0,10,0
12107,C3,12,912,12,5,0,8,0
12108,C3,12,441,12,10,0,11,1
12109,C3,12,707,12,7,0,13,1
12110,C3,12,,11,7,1,16,1
12111,C3,12,,11,8,0,11,1
12112,C3,12,652,12,7,0,12,0
12113,C3,12,482,12,8,0,12,1
12114,C3,12,532,12,8,0,12,0
12115,C3,12,830,12,8,0,13,0
12116,C3,12,639,12,9,0,9,0
12117,C3,12,490,12,8,0,11,2
12118,C3,12,,11,8,1,8,2
12119,C3,12,863,12,8,0,15,2
12120,C3,12,354,12,10,0,15,0
12121,C3,12,504,12,9,0,9,1
12122,C3,12,717,12,8,0,11,1
12123,C3,12,360,12,9,0,12,1
12124,C3,12,569,12,7,0,10,1
12125,C3,12,,11,9,1,13,2
12126,C3,12,417,12,7,0,12,0
12127,C3,12,,11,9,1,12,1
12128,C3,12,531,12,7,0,13,1
12129,C3,12,399,12,9,0,8,0
12130,C3,12,,11,7,1,16,3
12131,C3,12,485,12,7,0,11,0
12132,C3,12,,11,8,1,10,1
12133,C3,12,,10,8,2,11,2
12134,C3,12,455,12,6,0,12,0
12135,C3,12,543,12,10,0,10,0
12136,C3,12,671,12,9,0,13,0
12137,C3,12,542,12,8,0,10,1
12138,C3,12,518,12,9,0,9,0
12139,C3,12,437,12,8,0,13,1
12140,C3,12,738,12,9,0,9,1
12141,C3,12,599,12,8,0,14,2
12142,C3,12,,10,8,2,16,2
12143,C3,12,,11,8,1,11,1
12144,C3,12,546,12,10,0,17,2
12145,C3,12,574,12,8,0,12,0
12146,C3,12,432,12,9,0,14,2
12147,C3,12,,11,7,1,11,2
12148,C3,12,607,12,9,0,10,0
12149,C3,12,473,12,7,0,12,1
12150,C3,12,558,12,7,0,12,2
12151,C3,12,616,12,8,0,10,1
12152,C3,12,805,12,9,0,13,0
12153,C3,12,221,12,10,0,15,0
12154,C3,12,582,12,7,0,15,0
12155,C3,12,426,12,8,0,8,1
12156,C3,12,535,12,9,0,12,0
12157,C3,12,,11,9,1,11,1
12158,C3,12,302,12,9,0,9,0
12159,C3,12,,10,8,1,15,1
12160,C3,12,,11,8,1,12,1
12161,C3,12,426,12,7,0,12,1
12162,C3,12,495,12,7,0,16,2
12163,C3,12,733,12,7,0,12,1
12164,C3,12,,11,5,1,13,1
12165,C3,12,552,12,7,0,16,0
12166,C3,12,,11,9,1,14,1
12167,C3,12,487,12,9,0,8,0
12168,C3,12,502,12,8,0,14,2
12169,C3,12,,11,7,1,10,1
12170,C3,12,481,12,7,0,7,0
12171,C3,12,,11,8,1,12,1
12172,C3,12,,11,9,1,9,2
12173,C3,12,656,12,7,0,14,0
12174,C3,12,678,12,7,0,11,0
12175,C3,12,554,12,8,0,10,0
12176,C3,12,883,12,9,0,12,0
12177,C3,12,,11,8,1,16,2
12178,C3,12,437,12,8,0,13,1
12179,C3,12,852,12,7,0,11,0
12180,C3,12,408,12,8,0,11,1
12181,C3,12,584,12,6,0,12,0
12182,C3,12,595,12,10,0,12,1
12183,C3,12,702,12,9,0,13,1
12184,C3,12,321,12,10,0,9,0
12185,C3,12,389,12,9,0,13,0
12186,C3,12,,11,9,1,14,1
12187,C3,12,522,12,7,0,11,0
12188,C3,12,422,12,7,0,14,0
12189,C3,12,664,12,6,0,11,1
12190,C3,12,605,12,7,0,12,1
12191,C3,12,374,12,9,0,8,0
12192,C3,12,686,12,9,0,15,1
12193,C3,12,662,12,10,0,10,1
12194,C3,12,366,12,10,0,12,1
12195,C3,12,436,12,9,0,10,1
12196,C3,12,514,12,7,0,12,1
12197,C3,12,687,12,10,0,11,0
12198,C3,12,828,12,9,0,14,1
12199,C3,12,720,12,7,0,13,0
12200,C3,12,502,12,9,0,18,1
12201,C3,12,439,12,8,0,9,1
12202,C3,12,647,12,7,0,18,3
12203,C3,12,583,12,9,0,10,0
12204,C3,12,554,12,8,0,11,1
12205,C3,12,532,12,9,0,6,0
12206,C3,12,501,12,10,0,15,0
12207,C3,12,876,12,8,0,13,1
12208,C3,12,349,12,9,0,12,1
12209,C3,12,593,12,9,0,12,1
12210,C3,12,645,12,7,0,13,2
12211,C3,12,,11,7,1,9,1
12212,C3,12,630,12,8,0,12,0
12213,C3,12,322,12,9,0,10,0
12214,C3,12,744,12,8,0,9,1
12215,C3,12,466,12,7,0,13,1
12216,C3,12,543,12,8,0,10,0
12217,C3,12,,11,9,1,9,1
12218,C3,12,599,12,8,0,6,2
12219,C3,12,736,12,8,0,12,1
12220,C3,12,578,12,7,0,12,0
12221,C3,12,316,12,10,0,19,1
12222,C3,12,831,12,8,0,13,0
12223,C3,12,608,12,8,0,12,0
12224,C3,12,540,12,8,0,9,1
12225,C3,12,547,12,7,0,10,0
12226,C3,12,,11,7,1,12,1
12227,C3,12,460,12,6,0,8,0
12228,C3,12,,11,7,1,11,2
12229,C3,12,607,12,8,0,11,1
12230,C3,12,878,12,8,0,11,0
12231,C3,12,,10,5,2,12,2
12232,C3,12,572,12,7,0,8,1
12233,C3,12,651,12,9,0,12,1
12234,C3,12,566,12,8,0,8,1
12235,C3,12,596,12,9,0,5,0
12236,C3,12,537,12,9,0,15,0
12237,C3,12,535,12,6,0,11,0
12238,C3,12,306,12,10,0,9,0
12239,C3,12,537,12,9,0,9,1
12240,C3,12,,10,7,2,11,2
12241,C3,12,,11,9,1,10,1
12242,C3,12,571,12,9,0,14,3
12243,C3,12,,11,9,1,12,2
12244,C3,12,378,12,11,0,11,1
12245,C3,12,777,12,7,0,13,1
12246,C3,12,706,12,7,0,10,1
12247,C3,12,804,12,9,0,13,1
12248,C3,12,,11,8,1,15,1
12249,C3,12,493,12,6,0,9,1
12250,C3,12,,10,8,2,17,2
12251,C3,12,771,12,8,0,10,0
12252,C3,12,538,12,10,0,12,1
12253,C3,12,,11,7,0,12,0
12254,C3,12,385,12,9,0,8,1
12255,C3,12,,11,7,1,13,2
12256,C3,12,,11,9,1,13,2
12257,C3,12,489,12,8,0,13,0
12258,C3,12,490,12,9,0,16,1
12259,C3,12,411,12,10,0,8,1
12260,C3,12,,11,8,1,10,1
12261,C3,12,495,12,8,0,14,1
12262,C3,12,562,12,7,0,13,1
12263,C3,12,685,12,8,0,13,0
12264,C3,12,535,12,8,0,13,0
12265,C3,12,551,12,8,0,11,1
12266,C3,12,746,12,8,0,15,0
12267,C3,12,,11,8,1,14,2
12268,C3,12,551,12,8,0,11,0
12269,C3,12,843,12,7,0,15,1
12270,C3,12,563,12,8,0,12,0
12271,C3,12,489,12,9,0,10,1
12272,C3,12,829,12,9,0,10,0
12273,C3,12,809,12,7,0,14,2
12274,C3,12,476,12,8,0,7,0
12275,C3,12,435,12,8,0,9,0
12276,C3,12,456,12,9,0,9,1
12277,C3,12,657,12,7,0,10,2
12278,C3,12,500,12,7,0,8,1
12279,C3,12,322,12,9,0,20,0
12280,C3,12,513,12,8,0,18,1
12281,C3,12,716,12,7,0,9,1
12282,C3,12,,11,8,1,10,1
12283,C3,12,560,12,8,0,10,1
12284,C3,12,674,12,8,0,10,1
12285,C3,12,495,12,6,0,12,0
12286,C3,12,544,12,8,0,16,1
12287,C3,12,,11,8,1,12,2
12288,C3,12,390,12,10,0,14,1
12289,C3,12,,11,8,1,13,1
12290,C3,12,,11,9,1,12,2
12291,C3,12,,11,9,1,12,1
12292,C3,12,,10,6,2,12,2
12293,C3,12,,10,6,2,16,2
12294,C3,12,624,12,8,0,12,0
12295,C3,12,,11,9,1,11,1
12296,C3,12,581,12,7,0,10,0
12297,C3,12,580,12,8,0,10,1
12298,C3,12,,11,8,1,14,1
12299,C3,12,681,12,8,0,11,0
12300,C3,12,,11,8,1,12,2
12301,C3,12,,11,7,1,9,2
12302,C3,12,670,12,6,0,11,1
12303,C3,12,,11,9,0,10,0
12304,C3,12,623,12,9,0,10,2
12305,C3,12,463,12,8,0,14,1
12306,C3,12,668,12,7,0,11,2
12307,C3,12,618,12,10,0,12,0
12308,C3,12,472,12,7,0,10,1
12309,C3,12,,11,6,1,12,1
12310,C3,12,,11,6,1,11,2
12311,C3,12,,11,9,1,12,3
12312,C3,12,569,12,9,0,11,1
12313,C3,12,551,12,8,0,15,1
12314,C3,12,864,12,7,0,16,1
12315,C3,12,,11,8,1,9,2
12316,C3,12,424,12,8,0,11,1
12317,C3,12,731,12,7,0,12,1
12318,C3,12,760,12,8,0,10,0
12319,C3,12,539,12,9,0,12,0
12320,C3,12,610,12,8,0,10,0
12321,C3,12,965,12,7,0,12,0
12322,C3,12,844,12,9,0,14,1
12323,C3,12,891,12,8,0,12,1
12324,C3,12,315,12,8,0,5,0
12325,C3,12,,11,7,1,14,1
12326,C3,12,559,12,10,0,10,0
12327,C3,12,930,12,7,0,18,1
12328,C3,12,735,12,8,0,14,1
12329,C3,12,,11,7,1,6,1
12330,C3,12,791,12,9,0,5,0
12331,C3,12,590,12,9,0,8,0
12332,C3,12,560,12,9,0,10,0
12333,C3,12,426,12,9,0,15,1
12334,C3,12,645,12,9,0,12,0
12335,C3,12,457,12,9,0,10,0
12336,C3,12,455,12,8,0,11,0
12337,C3,12,553,12,8,0,11,0
12338,C3,12,365,12,10,0,14,0
12339,C3,12,587,12,7,0,13,0
12340,C3,12,558,12,8,0,9,0
12341,C3,12,448,12,8,0,12,0
12342,C3,12,626,12,7,0,15,1
12343,C3,12,627,12,8,0,11,0
12344,C3,12,,11,7,1,13,2
12345,C3,12,527,12,9,0,6,1
12346,C3,12,504,12,9,0,12,1
12347,C3,12,416,12,8,0,9,0
12348,C3,12,418,12,9,0,12,0
12349,C3,12,514,12,8,0,11,1
12350,C3,12,523,12,8,0,8,0
12351,C3,12,653,12,7,0,11,1
12352,C3,12,,10,7,2,16,2
12353,C3,12,565,12,9,0,12,0
12354,C3,12,396,12,9,0,14,1
12355,C3,12,,11,8,1,9,1
12356,C3,12,527,12,10,0,11,1
12357,C3,12,383,12,9,0,13,2
12358,C3,12,753,12,8,0,8,1
12359,C3,12,410,12,7,0,14,2
12360,C3,12,441,12,10,0,11,2
12361,C3,12,808,12,6,0,8,0
12362,C3,12,333,12,10,0,12,1
12363,C3,12,406,12,8,0,16,2
12364,C3,12,782,12,8,0,11,0
12365,C3,12,349,12,11,0,9,0
12366,C3,12,,11,8,1,12,2
12367,C3,12,484,12,8,0,12,1
12368,C3,12,889,12,6,0,14,1
12369,C3,12,510,12,8,0,13,0
12370,C3,12,519,12,8,0,12,1
12371,C3,12,564,12,8,0,11,0
12372,C3,12,524,12,9,0,10,0
12373,C3,12,686,12,6,0,13,0
12374,C3,12,593,12,9,0,7,1
12375,C3,12,,11,8,1,15,1
12376,C3,12,694,12,7,0,12,1
12377,C3,12,,11,8,1,13,2
12378,C3,12,586,12,6,0,10,0
12379,C3,12,559,12,8,0,12,0
12380,C3,12,893,12,7,0,13,2
12381,C3,12,993,12,8,0,11,0
12382,C3,12,561,12,7,0,13,1
12383,C3,12,,11,7,1,12,1
12384,C3,12,467,12,9,0,14,1
12385,C3,12,,11,8,1,13,3
12386,C3,12,383,12,9,0,9,1
12387,C3,12,415,12,9,0,12,0
12388,C3,12,,11,7,1,13,2
12389,C3,12,600,12,9,0,10,0
12390,C3,12,456,12,8,0,12,0
12391,C3,12,536,12,8,0,10,0
12392,C3,12,,11,8,1,11,2
12393,C3,12,558,12,9,0,14,1
12394,C3,12,774,12,9,0,15,0
12395,C3,12,484,12,7,0,10,0
12396,C3,12,675,12,9,0,9,0
12397,C3,12,,11,8,1,10,1
12398,C3,12,,11,9,1,14,2
12399,C3,12,622,12,9,0,8,1
12400,C3,12,,11,7,1,15,1
12401,C3,12,865,12,8,0,15,0
12402,C3,12,537,12,9,0,10,0
12403,C3,12,586,12,10,0,7,0
12404,C3,12,600,12,9,0,11,1
12405,C3,12,462,12,9,0,11,2
12406,C3,12,478,12,7,0,12,0
12407,C3,12,379,12,9,0,11,1
12408,C3,12,,11,7,1,8,1
12409,C3,12,959,12,8,0,12,2
12410,C3,12,535,12,9,0,9,0
12411,C3,12,835,12,7,0,15,0
12412,C3,12,742,12,8,0,11,0
12413,C3,12,527,12,8,0,10,1
12414,C3,12,,10,8,2,8,2
12415,C3,12,,11,8,1,15,1
12416,C3,12,824,12,7,0,13,0
12417,C3,12,488,12,8,0,10,1
12418,C3,12,507,12,8,0,14,2
12419,C3,12,386,12,7,0,12,0
12420,C3,12,539,12,10,0,11,0
12421,C3,12,538,12,8,0,12,1
12422,C3,12,627,12,7,0,10,0
12423,C3,12,315,12,10,0,12,1
12424,C3,12,,11,8,1,10,1
12425,C3,12,585,12,7,0,9,2
12426,C3,12,683,12,9,0,10,0
12427,C3,12,484,12,9,0,8,1
12428,C3,12,360,12,9,0,12,1
12429,C3,12,665,12,8,0,11,1
12430,C3,12,,10,7,2,14,2
12431,C3,12,533,12,8,0,8,1
12432,C3,12,771,12,7,0,9,0
12433,C3,12,592,12,8,0,11,0
12434,C3,12,517,12,8,0,11,0
12435,C3,12,953,12,6,0,14,2
12436,C3,12,,11,7,1,13,2
12437,C3,12,892,12,8,0,11,0
12438,C3,12,591,12,9,0,15,1
12439,C3,12,618,12,9,0,14,1
12440,C3,12,467,12,9,0,10,0
12441,C3,12,,11,9,1,15,2
12442,C3,12,372,12,9,0,10,1
12443,C3,12,584,12,8,0,15,0
12444,C3,12,476,12,6,0,13,0
12445,C3,12,390,12,10,0,12,0
12446,C3,12,667,12,7,0,10,0
12447,C3,12,,11,6,0,10,0
12448,C3,12,660,12,7,0,13,0
12449,C3,12,,11,7,1,11,2
12450,C3,12,556,12,7,0,13,0
12451,C3,12,498,12,9,0,11,2
12452,C3,12,270,12,8,0,7,0
12453,C3,12,649,12,7,0,12,0
12454,C3,12,373,12,10,0,12,2
12455,C3,12,896,12,8,0,14,1
12456,C3,12,349,12,11,0,7,0
12457,C3,12,555,12,9,0,10,1
12458,C3,12,,11,9,1,15,2
12459,C3,12,639,12,7,0,10,0
12460,C3,12,722,12,7,0,14,0
12461,C3,12,,11,8,1,12,2
12462,C3,12,,11,8,1,15,1
12463,C3,12,,11,5,1,17,2
12464,C3,12,391,12,10,0,10,1
12465,C3,12,467,12,8,0,14,1
12466,C3,12,386,12,8,0,14,2
12467,C3,12,569,12,8,0,7,1
12468,C3,12,437,12,11,0,10,1
12469,C3,12,487,12,10,0,11,0
12470,C3,12,862,12,8,0,8,1
12471,C3,12,616,12,9,0,10,0
12472,C3,12,637,12,7,0,8,1
12473,C3,12,657,12,8,0,14,1
12474,C3,12,538,12,7,0,12,1
12475,C3,12,633,12,8,0,16,2
12476,C3,12,379,12,9,0,13,0
12477,C3,12,440,12,11,0,11,0
12478,C3,12,414,12,9,0,11,1
12479,C3,12,778,12,8,0,10,0
12480,C3,12,,10,6,2,12,2
12481,C3,12,484,12,9,0,13,0
12482,C3,12,932,12,8,0,10,1
12483,C3,12,424,12,9,0,9,0
12484,C3,12,,11,7,1,10,1
12485,C3,12,,11,10,1,13,1
12486,C3,12,452,12,9,0,10,0
12487,C3,12,555,12,8,0,16,0
12488,C3,12,675,12,7,0,10,2
12489,C3,12,670,12,8,0,16,0
12490,C3,12,450,12,7,0,13,0
12491,C3,12,567,12,5,0,15,0
12492,C3,12,990,12,7,0,14,0
12493,C3,12,489,12,8,0,12,0
12494,C3,12,586,12,9,0,13,0
12495,C3,12,638,12,7,0,9,1
12496,C3,12,592,12,8,0,8,0
12497,C3,12,453,12,8,0,12,0
12498,C3,12,557,12,9,0,9,0
12499,C3,12,612,12,9,0,11,0
12500,C3,12,592,12,8,0,15,1
12501,C3,12,624,12,8,0,16,1
12502,C3,12,662,12,8,0,14,1
12503,C3,12,464,12,10,0,14,0
12504,C3,12,627,12,8,0,7,0
12505,C3,12,249,12,9,0,10,0
12506,C3,12,507,12,8,0,8,1
12507,C3,12,450,12,6,0,12,0
12508,C3,12,658,12,7,0,11,0
12509,C3,12,620,12,7,0,11,1
12510,C3,12,386,12,9,0,14,1
12511,C3,12,,11,8,1,12,1
12512,C3,12,,11,7,1,12,1
12513,C3,12,,11,9,1,12,1
12514,C3,12,441,12,8,0,13,2
12515,C3,12,400,12,9,0,12,1
12516,C3,12,,11,7,1,10,1
12517,C3,12,607,12,7,0,11,0
12518,C3,12,590,12,8,0,7,0
12519,C3,12,408,12,8,0,11,0
12520,C3,12,459,12,8,0,9,0
12521,C3,12,470,12,8,0,10,0
12522,C3,12,406,12,10,0,6,0
12523,C3,12,722,12,7,0,13,0
12524,C3,12,,11,6,1,12,1
12525,C3,12,573,12,9,0,14,2
12526,C3,12,340,12,8,0,8,0
12527,C3,12,460,12,7,0,12,0
12528,C3,12,615,12,7,0,9,0
12529,C3,12,721,12,9,0,10,1
12530,C3,12,369,12,8,0,11,1
12531,C3,12,715,12,9,0,16,0
12532,C3,12,338,12,10,0,15,1
12533,C3,12,475,12,8,0,13,1
12534,C3,12,701,12,8,0,11,0
12535,C3,12,804,12,9,0,10,1
12536,C3,12,,11,9,1,13,1
12537,C3,12,565,12,7,0,10,1
12538,C3,12,602,12,8,0,13,1
12539,C3,12,,11,9,1,14,2
12540,C3,12,487,12,8,0,8,0
12541,C3,12,506,12,9,0,10,0
12542,C3,12,,11,6,1,9,2
12543,C3,12,380,12,10,0,11,1
12544,C3,12,905,12,7,0,7,0
12545,C3,12,,11,8,1,11,1
12546,C3,12,700,12,7,0,11,0
12547,C3,12,,11,7,1,9,1
12548,C3,12,387,12,10,0,14,0
12549,C3,12,260,12,9,0,12,0
12550,C3,12,552,12,7,0,11,0
12551,C3,12,,11,7,1,17,2
12552,C3,12,646,12,9,0,8,1
12553,C3,12,,11,9,1,10,2
12554,C3,12,453,12,9,0,9,2
12555,C3,12,636,12,8,0,7,0
12556,C3,12,821,12,7,0,12,0
12557,C3,12,,11,8,1,16,2
12558,C3,12,,11,9,0,10,0
12559,C3,12,472,12,8,0,14,0
12560,C3,12,,11,7,1,11,1
12561,C3,12,601,12,8,0,11,0
12562,C3,12,,11,7,1,17,1
12563,C3,12,662,12,8,0,10,1
12564,C3,12,376,12,9,0,10,1
12565,C3,12,589,12,8,0,8,0
12566,C3,12,334,12,9,0,7,0
12567,C3,12,,11,8,1,14,2
12568,C3,12,527,12,9,0,16,2
12569,C3,12,551,12,9,0,10,0
12570,C3,12,599,12,9,0,10,2
12571,C3,12,608,12,7,0,14,2
12572,C3,12,662,12,8,0,11,1
12573,C3,12,561,12,9,0,11,2
12574,C3,12,488,12,10,0,13,0
12575,C3,12,352,12,9,0,11,1
12576,C3,12,471,12,7,0,12,2
12577,C3,12,711,12,7,0,11,0
12578,C3,12,597,12,9,0,8,0
12579,C3,12,556,12,9,0,13,1
12580,C3,12,,11,7,1,16,1
12581,C3,12,553,12,8,0,14,1
12582,C3,12,,11,7,1,11,1
12583,C3,12,602,12,7,0,7,1
12584,C3,12,328,12,10,0,13,1
12585,C3,12,,11,8,1,16,2
12586,C3,12,445,12,7,0,15,1
12587,C3,12,,11,8,1,17,2
12588,C3,12,,11,7,1,12,1
12589,C3,12,199,12,12,0,14,2
12590,C3,12,,11,7,1,15,1
12591,C3,12,415,12,7,0,13,2
12592,C3,12,310,12,10,0,11,0
12593,C3,12,566,12,8,0,8,1
12594,C3,12,193,12,12,0,9,1
12595,C3,12,449,12,10,0,11,0
12596,C3,12,582,12,8,0,11,1
12597,C3,12,566,12,8,0,10,2
12598,C3,12,742,12,8,0,12,1
12599,C3,12,,11,7,1,12,1
12600,C3,12,,11,8,1,13,1
12601,C3,12,562,12,7,0,15,1
12602,C3,12,570,12,7,0,14,1
12603,C3,12,,11,7,1,11,1
12604,C3,12,,11,6,1,10,2
12605,C3,12,,11,7,1,13,1
12606,C3,12,559,12,7,0,11,1
12607,C3,12,,11,9,1,17,2
12608,C3,12,719,12,7,0,12,2
12609,C3,12,619,12,8,0,13,0
12610,C3,12,,11,7,1,9,2
12611,C3,12,502,12,10,0,9,1
12612,C3,12,530,12,9,0,11,0
12613,C3,12,618,12,7,0,13,0
12614,C3,12,528,12,8,0,6,0
12615,C3,12,440,12,9,0,4,0
12616,C3,12,774,12,8,0,17,0
12617,C3,12,371,12,9,0,13,0
12618,C3,12,672,12,6,0,12,0
12619,C3,12,,11,9,1,14,1
12620,C3,12,843,12,9,0,10,1
12621,C3,12,,11,7,1,10,1
12622,C3,12,531,12,7,0,15,2
12623,C3,12,,11,9,1,15,1
12624,C3,12,808,12,7,0,7,0
12625,C3,12,493,12,10,0,14,0
12626,C3,12,698,12,7,0,10,2
12627,C3,12,778,12,8,0,12,1
12628,C3,12,,10,7,2,14,2
12629,C3,12,537,12,7,0,10,1
12630,C3,12,,11,8,1,11,1
12631,C3,12,725,12,8,0,8,0
12632,C3,12,602,12,8,0,14,0
12633,C3,12,950,12,8,0,8,0
12634,C3,12,814,12,7,0,14,0
12635,C3,12,,11,6,1,6,1
12636,C3,12,575,12,9,0,9,1
12637,C3,12,847,12,6,0,17,0
12638,C3,12,310,12,9,0,8,1
12639,C3,12,,10,7,1,12,1
12640,C3,12,,11,8,1,12,1
12641,C3,12,744,12,8,0,12,0
12642,C3,12,,11,7,1,12,2
12643,C3,12,598,12,8,0,10,0
12644,C3,12,617,12,8,0,10,0
12645,C3,12,334,12,9,0,18,2
12646,C3,12,417,12,9,0,11,0
12647,C3,12,590,12,7,0,17,1
12648,C3,12,485,12,7,0,11,0
12649,C3,12,603,12,7,0,14,1
12650,C3,12,,11,9,1,11,2
12651,C3,12,,10,8,2,12,2
12652,C3,12,,10,8,2,13,2
12653,C3,12,774,12,8,0,10,0
12654,C3,12,544,12,6,0,12,0
12655,C3,12,556,12,7,0,11,0
12656,C3,12,565,12,8,0,12,0
12657,C3,12,516,12,10,0,8,1
12658,C3,12,662,12,8,0,12,0
12659,C3,12,,11,8,1,12,1
12660,C3,12,,11,6,1,10,2
12661,C3,12,745,12,8,0,14,0
12662,C3,12,772,12,9,0,12,2
12663,C3,12,515,12,7,0,15,2
12664,C3,12,439,12,7,0,8,1
12665,C3,12,415,12,10,0,10,1
12666,C3,12,,11,8,1,10,2
12667,C3,12,633,12,8,0,11,2
12668,C3,12,501,12,9,0,11,0
12669,C3,12,,10,7,2,15,2
12670,C3,12,577,12,7,0,8,0
12671,C3,12,524,12,9,0,12,1
12672,C3,12,,11,8,1,12,2
12673,C3,12,344,12,9,0,11,2
12674,C3,12,,11,8,1,16,1
12675,C3,12,567,12,7,0,18,0
12676,C3,12,324,12,10,0,10,0
12677,C3,12,847,12,8,0,7,1
12678,C3,12,475,12,10,0,10,0
12679,C3,12,426,12,9,0,7,1
12680,C3,12,,11,9,1,9,1
12681,C3,12,,11,8,1,16,2
12682,C3,12,,11,7,1,11,1
12683,C3,12,,10,7,2,9,2
12684,C3,12,656,12,7,0,11,1
12685,C3,12,,11,7,1,13,1
12686,C3,12,894,12,8,0,10,1
12687,C3,12,412,12,10,0,9,0
12688,C3,12,758,12,8,0,16,2
12689,C3,12,771,12,9,0,10,2
12690,C3,12,,11,9,0,15,1
12691,C3,12,283,12,8,0,11,0
12692,C3,12,,11,7,1,12,1
12693,C3,12,,11,7,1,12,1
12694,C3,12,,11,10,1,9,2
12695,C3,12,728,12,6,0,14,0
12696,C3,12,,11,7,1,15,2
12697,C3,12,,11,8,1,7,1
12698,C3,12,490,12,8,0,16,0
12699,C3,12,514,12,7,0,13,1
12700,C3,12,361,12,8,0,17,2
12701,C3,12,724,12,6,0,15,1
12702,C3,12,,11,8,1,12,1
12703,C3,12,576,12,9,0,12,0
12704,C3,12,470,12,9,0,11,0
12705,C3,12,237,12,11,0,10,0
12706,C3,12,678,12,8,0,10,1
12707,C3,12,,11,8,1,11,2
12708,C3,12,369,12,9,0,12,0
12709,C3,12,598,12,9,0,14,1
12710,C3,12,843,12,7,0,23,1
12711,C3,12,,11,7,1,11,1
12712,C3,12,518,12,9,0,13,1
12713,C3,12,509,12,10,0,13,2
12714,C3,12,,11,8,1,11,1
12715,C3,12,,11,8,1,12,1
12716,C3,12,656,12,8,0,12,0
12717,C3,12,439,12,8,0,12,0
12718,C3,12,411,12,8,0,11,0
12719,C3,12,441,12,8,0,9,1
12720,C3,12,,11,8,1,11,2
12721,C3,12,518,12,8,0,11,0
12722,C3,12,291,12,10,0,11,1
12723,C3,12,610,12,7,0,13,1
12724,C3,12,,11,7,1,9,2
12725,C3,12,549,12,9,0,15,1
12726,C3,12,,11,8,1,11,1
12727,C3,12,554,12,9,0,7,0
12728,C3,12,496,12,8,0,11,0
12729,C3,12,,11,9,1,8,1
12730,C3,12,,11,7,1,14,1
12731,C3,12,576,12,8,0,11,0
12732,C3,12,688,12,8,0,14,0
12733,C3,12,875,12,9,0,10,1
12734,C3,12,,11,6,1,14,1
12735,C3,12,370,12,10,0,15,2
12736,C3,12,610,12,9,0,10,0
12737,C3,12,605,12,8,0,11,0
12738,C3,12,741,12,9,0,9,0
12739,C3,12,513,12,9,0,17,0
12740,C3,12,,11,8,1,9,2
12741,C3,12,537,12,8,0,7,0
12742,C3,12,,11,9,1,12,1
12743,C3,12,976,12,8,0,9,0
12744,C3,12,660,12,8,0,12,1
12745,C3,12,527,12,8,0,12,1
12746,C3,12,450,12,10,0,11,2
12747,C3,12,537,12,8,0,15,1
12748,C3,12,497,12,9,0,8,0
12749,C3,12,564,12,8,0,8,0
12750,C3,12,777,12,7,0,6,0
12751,C3,12,,11,6,1,10,2
12752,C3,12,483,12,10,0,7,1
12753,C3,12,616,12,7,0,10,1
12754,C3,12,503,12,8,0,12,2
12755,C3,12,366,12,10,0,15,0
12756,C3,12,747,12,8,0,12,1
12757,C3,12,591,12,8,0,6,0
12758,C3,12,742,12,8,0,10,0
12759,C3,12,491,12,9,0,10,0
12760,C3,12,676,12,6,0,13,1
12761,C3,12,,11,7,1,13,2
12762,C3,12,688,12,8,0,11,1
12763,C3,12,592,12,8,0,17,2
12764,C3,12,766,12,9,0,13,1
12765,C3,12,453,12,10,0,18,2
12766,C3,12,,11,7,0,13,1
12767,C3,12,310,12,8,0,16,0
12768,C3,12,854,12,6,0,18,2
12769,C3,12,,9,7,3,10,3
12770,C3,12,581,12,8,0,14,2
12771,C3,12,491,12,9,0,13,1
12772,C3,12,977,12,6,0,13,0
12773,C3,12,,11,7,1,12,2
12774,C3,12,782,12,7,0,17,1
12775,C3,12,794,12,9,0,15,0
12776,C3,12,494,12,7,0,12,0
12777,C3,12,,11,6,1,13,3
12778,C3,12,,11,8,1,8,1
12779,C3,12,379,12,9,0,10,1
12780,C3,12,656,12,8,0,17,2
12781,C3,12,,11,7,1,15,2
12782,C3,12,,11,7,1,13,2
12783,C3,12,792,12,8,0,8,2
12784,C3,12,659,12,6,0,8,1
12785,C3,12,626,12,6,0,11,1
12786,C3,12,723,12,8,0,9,0
12787,C3,12,891,12,8,0,11,0
12788,C3,12,316,12,8,0,14,1
12789,C3,12,690,12,8,0,10,0
12790,C3,12,630,12,8,0,11,0
12791,C3,12,834,12,8,0,12,0
12792,C3,12,592,12,9,0,11,2
12793,C3,12,427,12,8,0,12,0
12794,C3,12,,11,8,1,10,1
12795,C3,12,730,12,8,0,8,0
12796,C3,12,356,12,8,0,11,1
12797,C3,12,529,12,8,0,9,0
12798,C3,12,714,12,9,0,16,1
12799,C3,12,578,12,7,0,8,0
12800,C3,12,873,12,6,0,14,1
12801,C3,12,,11,6,1,13,2
12802,C3,12,434,12,9,0,9,1
12803,C3,12,544,12,9,0,8,1
12804,C3,12,544,12,9,0,12,0
12805,C3,12,515,12,8,0,16,2
12806,C3,12,,11,7,1,8,1
12807,C3,12,335,12,9,0,9,1
12808,C3,12,573,12,9,0,14,0
12809,C3,12,,11,8,1,9,2
12810,C3,12,651,12,9,0,12,0
12811,C3,12,477,12,9,0,11,0
12812,C3,12,697,12,9,0,14,1
12813,C3,12,580,12,8,0,11,0
12814,C3,12,797,12,6,0,12,0
12815,C3,12,471,12,8,0,11,0
12816,C3,12,869,12,9,0,11,0
12817,C3,12,435,12,8,0,13,1
12818,C3,12,451,12,9,0,14,1
12819,C3,12,620,12,7,0,11,0
12820,C3,12,415,12,8,0,13,1
12821,C3,12,,11,8,1,11,1
12822,C3,12,440,12,9,0,11,1
12823,C3,12,570,12,7,0,13,0
12824,C3,12,,11,7,1,17,1
12825,C3,12,745,12,8,0,9,0
12826,C3,12,686,12,7,0,12,1
12827,C3,12,581,12,9,0,11,0
12828,C3,12,469,12,8,0,8,0
12829,C3,12,376,12,7,0,12,0
12830,C3,12,620,12,8,0,15,0
12831,C3,12,714,12,6,0,10,0
12832,C3,12,616,12,9,0,14,1
12833,C3,12,509,12,7,0,16,0
12834,C3,12,526,12,9,0,12,0
12835,C3,12,415,12,9,0,10,1
12836,C3,12,577,12,9,0,13,0
12837,C3,12,613,12,8,0,9,1
12838,C3,12,493,12,9,0,11,0
12839,C3,12,,11,9,1,13,1
12840,C3,12,483,12,9,0,13,0
12841,C3,12,460,12,11,0,13,1
12842,C3,12,,11,7,1,5,2
12843,C3,12,,11,8,1,18,3
12844,C3,12,675,12,7,0,13,0
12845,C3,12,,11,9,1,11,3
12846,C3,12,745,12,7,0,6,0
12847,C3,12,,11,8,1,13,1
12848,C3,12,,11,8,1,14,1
12849,C3,12,711,12,7,0,12,0
12850,C3,12,485,12,8,0,12,1
12851,C3,12,676,12,8,0,7,1
12852,C3,12,,11,8,1,11,1
12853,C3,12,,11,7,1,14,1
12854,C3,12,496,12,10,0,10,1
12855,C3,12,,11,5,1,14,1
12856,C3,12,457,12,9,0,13,1
12857,C3,12,790,12,9,0,13,0
12858,C3,12,415,12,7,0,10,2
12859,C3,12,,10,9,2,8,2
12860,C3,12,,11,8,1,12,1
12861,C3,12,,11,9,1,8,2
12862,C3,12,599,12,7,0,8,1
12863,C3,12,705,12,8,0,10,1
12864,C3,12,628,12,8,0,12,0
12865,C3,12,522,12,8,0,14,2
12866,C3,12,393,12,8,0,13,2
12867,C3,12,744,12,9,0,6,0
12868,C3,12,947,12,10,0,11,3
12869,C3,12,427,12,8,0,10,0
12870,C3,12,,11,7,1,13,2
12871,C3,12,,11,10,1,16,1
12872,C3,12,503,12,9,0,9,1
12873,C3,12,,11,7,1,12,1
12874,C3,12,524,12,7,0,11,0
12875,C3,12,510,12,8,0,10,0
12876,C3,12,680,12,8,0,9,1
12877,C3,12,666,12,7,0,12,1
12878,C3,12,438,12,8,0,14,0
12879,C3,12,,11,7,1,17,2
12880,C3,12,,10,7,2,6,2
12881,C3,12,440,12,10,0,8,0
12882,C3,12,724,12,7,0,10,0
12883,C3,12,645,12,8,0,9,0
12884,C3,12,584,12,8,0,17,1
12885,C3,12,,11,7,1,10,1
12886,C3,12,729,12,8,0,11,1
12887,C3,12,465,12,10,0,10,1
12888,C3,12,535,12,7,0,9,0
12889,C3,12,530,12,7,0,10,0
12890,C3,12,,11,9,1,8,1
12891,C3,12,538,12,10,0,10,0
12892,C3,12,797,12,7,0,14,1
12893,C3,12,528,12,7,0,11,0
12894,C3,12,,11,8,1,11,2
12895,C3,12,,11,8,1,5,1
12896,C3,12,669,12,7,0,13,0
12897,C3,12,443,12,8,0,8,0
12898,C3,12,742,12,8,0,14,0
12899,C3,12,,11,8,1,9,1
12900,C3,12,597,12,10,0,7,0
12901,C3,12,470,12,9,0,14,1
12902,C3,12,288,12,9,0,9,0
12903,C3,12,546,12,9,0,12,0
12904,C3,12,697,12,8,0,12,1
12905,C3,12,,11,7,1,11,1
12906,C3,12,626,12,10,0,10,0
12907,C3,12,745,12,7,0,9,0
12908,C3,12,543,12,8,0,11,0
12909,C3,12,517,12,8,0,6,0
12910,C3,12,458,12,8,0,10,1
12911,C3,12,,9,4,2,14,2
12912,C3,12,652,12,6,0,11,0
12913,C3,12,837,12,6,0,10,0
12914,C3,12,985,12,8,0,11,0
12915,C3,12,619,12,8,0,10,0
12916,C3,12,650,12,9,0,11,0
12917,C3,12,358,12,8,0,13,1
12918,C3,12,,11,8,1,9,1
12919,C3,12,639,12,10,0,10,0
12920,C3,12,481,12,10,0,13,2
12921,C3,12,827,12,6,0,11,0
12922,C3,12,542,12,9,0,8,1
12923,C3,12,422,12,10,0,7,1
12924,C3,12,490,12,8,0,12,0
12925,C3,12,582,12,7,0,15,1
12926,C3,12,655,12,7,0,15,0
12927,C3,12,377,12,9,0,15,0
12928,C3,12,760,12,7,0,11,1
12929,C3,12,,11,6,1,12,1
12930,C3,12,483,12,8,0,11,0
12931,C3,12,,11,6,1,11,1
12932,C3,12,438,12,8,0,11,1
12933,C3,12,516,12,9,0,9,0
12934,C3,12,625,12,7,0,11,1
12935,C3,12,696,12,8,0,9,0
12936,C3,12,694,12,10,0,12,0
12937,C3,12,513,12,8,0,10,0
12938,C3,12,609,12,8,0,14,0
12939,C3,12,392,12,10,0,8,0
12940,C3,12,,11,7,1,13,2
12941,C3,12,625,12,8,0,12,1
12942,C3,12,274,12,10,0,11,2
12943,C3,12,886,12,8,0,13,1
12944,C3,12,683,12,10,0,14,1
12945,C3,12,,11,9,1,11,1
12946,C3,12,415,12,11,0,16,2
12947,C3,12,696,12,8,0,11,1
12948,C3,12,409,12,10,0,15,0
12949,C3,12,484,12,9,0,10,0
12950,C3,12,,11,6,1,10,1
12951,C3,12,539,12,8,0,10,0
12952,C3,12,599,12,10,0,12,2
12953,C3,12,620,12,8,0,7,0
12954,C3,12,,11,8,1,7,1
12955,C3,12,533,12,8,0,13,0
12956,C3,12,720,12,7,0,13,0
12957,C3,12,868,12,8,0,9,1
12958,C3,12,,11,9,1,16,3
12959,C3,12,399,12,9,0,11,1
12960,C3,12,570,12,8,0,12,1
12961,C3,12,474,12,10,0,9,1
12962,C3,12,462,12,8,0,12,3
12963,C3,12,556,12,10,0,11,1
12964,C3,12,,11,8,1,14,2
12965,C3,12,688,12,7,0,8,1
12966,C3,12,641,12,6,0,15,1
12967,C3,12,718,12,8,0,12,0
12968,C3,12,923,12,8,0,13,0
12969,C3,12,646,12,8,0,16,1
12970,C3,12,564,12,7,0,7,0
12971,C3,12,720,12,10,0,15,1
12972,C3,12,505,12,8,0,14,1
12973,C3,12,,11,9,1,13,1
12974,C3,12,396,12,10,0,11,0
12975,C3,12,617,12,9,0,10,1
12976,C3,12,480,12,7,0,13,1
12977,C3,12,399,12,8,0,9,0
12978,C3,12,375,12,11,0,12,0
12979,C3,12,725,12,8,0,10,0
12980,C3,12,410,12,8,0,10,0
12981,C3,12,577,12,8,0,11,0
12982,C3,12,,11,9,1,12,1
12983,C3,12,689,12,7,0,13,0
12984,C3,12,589,12,8,0,15,1
12985,C3,12,432,12,9,0,14,0
12986,C3,12,541,12,8,0,9,1
12987,C3,12,599,12,9,0,7,0
12988,C3,12,495,12,7,0,10,0
12989,C3,12,487,12,9,0,13,1
12990,C3,12,387,12,9,0,10,0
12991,C3,12,658,12,7,0,11,0
12992,C3,12,477,12,8,0,10,1
12993,C3,12,560,12,8,0,11,0
12994,C3,12,321,12,9,0,13,0
12995,C3,12,497,12,9,0,14,1
12996,C3,12,,11,8,1,14,2
12997,C3,12,,11,9,1,10,1
12998,C3,12,,11,6,1,13,2
12999,C3,12,537,12,8,0,12,1
13000,C4,12,,11,5,0,14,0
13001,C4,12,,10,6,0,12,0
13002,C4,12,967,12,8,0,11,0
13003,C4,12,752,12,7,0,12,1
13004,C4,12,,11,6,0,15,1
13005,C4,12,,10,7,0,13,1
13006,C4,12,,11,6,1,13,1
13007,C4,12,,11,6,0,20,0
13008,C4,12,,10,7,0,12,1
13009,C4,12,,11,6,0,15,1
13010,C4,12,704,12,8,0,14,0
13011,C4,12,,11,5,0,12,1
13012,C4,12,,10,7,1,16,2
13013,C4,12,,11,6,0,15,0
13014,C4,12,,10,6,2,13,2
13015,C4,12,,10,8,0,14,1
13016,C4,12,638,12,10,0,13,0
13017,C4,12,,10,5,1,12,2
13018,C4,12,599,12,8,0,16,2
13019,C4,12,826,12,7,0,10,0
13020,C4,12,969,12,6,0,12,0
13021,C4,12,,9,5,1,16,3
13022,C4,12,991,12,10,0,14,2
13023,C4,12,,11,6,1,15,2
13024,C4,12,,10,6,0,11,1
13025,C4,12,,10,5,2,16,2
13026,C4,12,793,12,9,0,11,1
13027,C4,12,569,12,9,0,13,0
13028,C4,12,,11,5,0,12,0
13029,C4,12,843,12,7,0,12,0
13030,C4,12,,10,7,1,17,2
13031,C4,12,339,12,7,0,12,0
13032,C4,12,,10,5,0,18,1
13033,C4,12,847,12,7,0,11,1
13034,C4,12,,11,5,0,16,1
13035,C4,12,790,12,7,0,12,0
13036,C4,12,,11,6,1,14,2
13037,C4,12,,11,7,1,17,3
13038,C4,12,,11,7,0,12,0
13039,C4,12,914,12,5,0,13,0
13040,C4,12,878,12,8,0,14,2
13041,C4,12,,11,6,1,14,2
13042,C4,12,,10,6,1,15,2
13043,C4,12,929,12,6,0,9,0
13044,C4,12,,11,7,0,14,1
13045,C4,12,,11,6,1,12,1
13046,C4,12,804,12,6,0,16,1
13047,C4,12,882,12,6,0,12,0
13048,C4,12,,11,6,0,11,0
13049,C4,12,,10,4,1,15,1
13050,C4,12,466,12,9,0,13,1
13051,C4,12,655,12,7,0,7,0
13052,C4,12,,11,7,0,11,1
13053,C4,12,724,12,7,0,16,1
13054,C4,12,,11,8,0,14,2
13055,C4,12,,11,7,1,11,1
13056,C4,12,,11,6,0,10,0
13057,C4,12,827,12,8,0,18,1
13058,C4,12,,11,5,1,8,2
13059,C4,12,,10,7,2,14,2
13060,C4,12,,11,6,0,12,1
13061,C4,12,,11,7,1,12,2
13062,C4,12,869,12,8,0,13,0
13063,C4,12,,11,7,1,9,2
13064,C4,12,,11,6,0,9,0
13065,C4,12,676,12,9,0,11,0
13066,C4,12,,11,7,1,12,3
13067,C4,12,,11,5,0,11,1
13068,C4,12,,11,7,1,10,1
13069,C4,12,841,12,8,0,14,0
13070,C4,12,,11,8,0,12,0
13071,C4,12,,11,6,1,15,3
13072,C4,12,826,12,8,0,15,0
13073,C4,12,480,12,8,0,12,0
13074,C4,12,,11,6,1,14,1
13075,C4,12,,10,5,1,14,1
13076,C4,12,833,12,6,0,14,0
13077,C4,12,,10,5,0,14,0
13078,C4,12,,11,6,1,17,3
13079,C4,12,701,12,8,0,20,1
13080,C4,12,,10,6,2,18,2
13081,C4,12,,11,6,1,13,1
13082,C4,12,,11,8,1,16,2
13083,C4,12,794,12,7,0,10,0
13084,C4,12,910,12,7,0,15,0
13085,C4,12,969,12,7,0,15,1
13086,C4,12,482,12,7,0,14,0
13087,C4,12,754,12,6,0,11,0
13088,C4,12,,10,7,1,16,1
13089,C4,12,720,12,7,0,12,1
13090,C4,12,,10,6,1,19,2
13091,C4,12,,9,7,0,15,0
13092,C4,12,,11,7,0,12,0
13093,C4,12,943,12,7,0,16,1
13094,C4,12,882,12,7,0,12,1
13095,C4,12,,9,4,3,16,3
13096,C4,12,,11,7,0,15,2
13097,C4,12,725,12,7,0,13,0
13098,C4,12,,10,7,2,17,3
13099,C4,12,976,12,6,0,15,1
13100,C4,12,,11,5,0,16,1
13101,C4,12,688,12,5,0,14,0
13102,C4,12,730,12,6,0,11,0
13103,C4,12,947,12,5,0,12,2
13104,C4,12,745,12,9,0,22,2
13105,C4,12,929,12,7,0,20,2
13106,C4,12,,10,8,1,11,1
13107,C4,12,,11,6,0,12,0
13108,C4,12,641,12,8,0,13,2
13109,C4,12,936,12,7,0,12,1
13110,C4,12,,11,7,0,16,2
13111,C4,12,,11,7,0,13,2
13112,C4,12,,10,8,1,13,2
13113,C4,12,916,12,8,0,17,1
13114,C4,12,601,12,6,0,15,0
13115,C4,12,,11,7,1,15,2
13116,C4,12,,10,6,1,14,1
13117,C4,12,,11,6,0,12,0
13118,C4,12,866,12,8,0,18,0
13119,C4,12,,11,7,0,13,0
13120,C4,12,650,12,6,0,10,2
13121,C4,12,619,12,6,0,15,0
13122,C4,12,,10,6,1,11,2
13123,C4,12,,10,5,1,13,1
13124,C4,12,636,12,8,0,11,1
13125,C4,12,775,12,7,0,12,2
13126,C4,12,683,12,8,0,15,0
13127,C4,12,,10,7,1,17,2
13128,C4,12,,11,6,0,16,1
13129,C4,12,,11,6,0,13,2
13130,C4,12,,11,7,0,8,2
13131,C4,12,652,12,9,0,15,2
13132,C4,12,883,12,8,0,15,2
13133,C4,12,,11,8,1,16,1
13134,C4,12,487,12,9,0,18,2
13135,C4,12,886,12,6,0,12,0
13136,C4,12,,10,7,0,16,1
13137,C4,12,,11,6,0,12,1
13138,C4,12,,11,7,1,8,1
13139,C4,12,,11,6,1,18,2
13140,C4,12,,11,7,0,14,1
13141,C4,12,,11,7,0,13,0
13142,C4,12,670,12,6,0,9,1
13143,C4,12,,11,7,0,12,1
13144,C4,12,396,12,8,0,14,2
13145,C4,12,,11,6,0,15,3
13146,C4,12,,10,5,1,12,1
13147,C4,12,,11,6,0,13,0
13148,C4,12,960,12,7,0,13,0
13149,C4,12,,10,5,1,15,2
13150,C4,12,,10,7,0,14,1
13151,C4,12,,11,6,0,15,0
13152,C4,12,,11,6,0,12,1
13153,C4,12,,11,7,0,9,2
13154,C4,12,,11,6,1,15,1
13155,C4,12,,11,6,1,12,2
13156,C4,12,918,12,7,0,12,2
13157,C4,12,,10,5,1,15,1
13158,C4,12,,10,6,0,12,0
13159,C4,12,659,12,9,0,12,0
13160,C4,12,,11,8,0,16,2
13161,C4,12,946,12,7,0,13,0
13162,C4,12,,10,6,1,14,2
13163,C4,12,,11,7,0,15,2
13164,C4,12,583,12,8,0,13,1
13165,C4,12,666,12,8,0,13,1
13166,C4,12,570,12,8,0,16,1
13167,C4,12,761,12,9,0,14,0
13168,C4,12,655,12,6,0,8,0
13169,C4,12,,11,6,0,8,1
13170,C4,12,646,12,8,0,11,0
13171,C4,12,904,12,8,0,20,3
13172,C4,12,626,12,8,0,7,0
13173,C4,12,928,12,8,0,12,1
13174,C4,12,,10,8,1,16,2
13175,C4,12,999,12,6,0,19,1
13176,C4,12,,10,6,0,15,0
13177,C4,12,,11,7,0,14,0
13178,C4,12,,11,7,0,10,1
13179,C4,12,,11,7,0,13,3
13180,C4,12,,10,7,2,17,3
13181,C4,12,,11,5,0,12,1
13182,C4,12,,11,7,0,14,1
13183,C4,12,855,12,7,0,12,0
13184,C4,12,750,12,9,0,14,2
13185,C4,12,999,12,7,0,12,0
13186,C4,12,680,12,7,0,15,2
13187,C4,12,674,12,7,0,13,1
13188,C4,12,,11,8,0,9,1
13189,C4,12,751,12,8,0,12,0
13190,C4,12,473,12,8,0,11,0
13191,C4,12,852,12,7,0,8,2
13192,C4,12,752,12,9,0,15,0
13193,C4,12,932,12,7,0,16,1
13194,C4,12,,10,7,1,14,1
13195,C4,12,,11,8,1,10,1
13196,C4,12,,11,6,0,16,1
13197,C4,12,,11,6,0,15,0
13198,C4,12,,11,8,0,15,1
13199,C4,12,,10,4,1,20,1
13200,C4,12,,11,6,0,14,1
13201,C4,12,,9,6,1,13,1
13202,C4,12,960,12,7,0,13,2
13203,C4,12,,11,6,1,12,1
13204,C4,12,,10,7,1,21,1
13205,C4,12,860,12,7,0,16,1
13206,C4,12,807,12,7,0,14,1
13207,C4,12,863,12,9,0,12,2
13208,C4,12,401,12,7,0,9,1
13209,C4,12,,11,5,0,10,2
13210,C4,12,,11,6,0,15,0
13211,C4,12,950,12,7,0,13,0
13212,C4,12,958,12,7,0,12,0
13213,C4,12,961,12,7,0,16,1
13214,C4,12,,11,6,0,17,1
13215,C4,12,604,12,9,0,15,2
13216,C4,12,,10,7,2,13,3
13217,C4,12,,11,7,0,10,2
13218,C4,12,,10,6,1,10,1
13219,C4,12,,10,7,2,16,2
13220,C4,12,,10,6,2,13,2
13221,C4,12,,11,8,1,17,1
13222,C4,12,865,12,7,0,14,1
13223,C4,12,,11,6,1,18,2
13224,C4,12,,10,7,0,15,2
13225,C4,12,,10,6,0,11,0
13226,C4,12,866,12,7,0,11,1
13227,C4,12,,11,7,1,10,2
13228,C4,12,959,12,7,0,13,0
13229,C4,12,790,12,7,0,14,2
13230,C4,12,,11,6,1,14,1
13231,C4,12,553,12,7,0,8,1
13232,C4,12,,11,5,0,15,0
13233,C4,12,,11,7,0,14,0
13234,C4,12,,10,7,2,16,2
13235,C4,12,,11,7,0,14,0
13236,C4,12,599,12,9,0,12,0
13237,C4,12,822,12,6,0,11,0
13238,C4,12,,10,6,1,10,1
13239,C4,12,,11,7,0,16,0
13240,C4,12,,10,6,1,18,1
13241,C4,12,,11,6,0,15,0
13242,C4,12,,11,5,0,12,1
13243,C4,12,,11,6,1,14,2
13244,C4,12,,11,6,0,11,0
13245,C4,12,,11,6,0,16,0
13246,C4,12,876,12,7,0,13,2
13247,C4,12,961,12,6,0,18,0
13248,C4,12,691,12,7,0,15,1
13249,C4,12,962,12,6,0,15,0
13250,C4,12,933,12,8,0,13,1
13251,C4,12,,10,6,2,12,2
13252,C4,12,652,12,8,0,13,1
13253,C4,12,,11,6,0,10,1
13254,C4,12,,11,8,0,13,0
13255,C4,12,,11,7,1,11,2
13256,C4,12,,10,6,1,16,1
13257,C4,12,,9,7,1,15,1
13258,C4,12,,11,5,0,13,0
13259,C4,12,,11,7,0,15,0
13260,C4,12,,11,6,0,13,0
13261,C4,12,,10,7,1,14,2
13262,C4,12,,11,6,0,16,1
13263,C4,12,838,12,8,0,11,0
13264,C4,12,898,12,8,0,13,0
13265,C4,12,,11,6,1,12,2
13266,C4,12,,11,7,1,11,3
13267,C4,12,579,12,8,0,14,1
13268,C4,12,728,12,7,0,10,0
13269,C4,12,629,12,7,0,11,1
13270,C4,12,,11,6,0,17,1
13271,C4,12,,11,5,1,13,1
13272,C4,12,,10,5,1,19,1
13273,C4,12,,11,8,0,16,1
13274,C4,12,,11,7,1,18,1
13275,C4,12,,11,7,1,10,2
13276,C4,12,,11,7,1,10,1
13277,C4,12,,11,7,0,15,0
13278,C4,12,812,12,9,0,14,0
13279,C4,12,,11,9,0,16,1
13280,C4,12,,11,6,1,16,1
13281,C4,12,,11,6,1,11,1
13282,C4,12,545,12,7,0,11,2
13283,C4,12,886,12,6,0,13,1
13284,C4,12,730,12,7,0,11,1
13285,C4,12,,11,6,0,16,1
13286,C4,12,609,12,7,0,15,0
13287,C4,12,,11,7,1,15,2
13288,C4,12,,11,8,0,8,0
13289,C4,12,,10,7,2,11,2
13290,C4,12,798,12,7,0,13,1
13291,C4,12,849,12,7,0,13,0
13292,C4,12,926,12,7,0,13,1
13293,C4,12,,11,7,0,13,0
13294,C4,12,,11,6,0,15,0
13295,C4,12,971,12,8,0,13,1
13296,C4,12,,11,7,0,17,1
13297,C4,12,705,12,7,0,13,2
13298,C4,12,542,12,7,0,16,1
13299,C4,12,,11,7,0,12,2
13300,C4,12,,11,8,0,10,1
13301,C4,12,828,12,9,0,17,1
13302,C4,12,949,12,8,0,10,1
13303,C4,12,,10,6,1,11,2
13304,C4,12,,10,6,1,14,2
13305,C4,12,,10,6,0,14,0
13306,C4,12,656,12,8,0,14,0
13307,C4,12,,10,5,0,14,1
13308,C4,12,,11,8,0,9,0
13309,C4,12,962,12,7,0,15,2
13310,C4,12,,10,5,1,10,1
13311,C4,12,802,12,7,0,12,0
13312,C4,12,,11,7,1,9,1
13313,C4,12,,11,7,1,13,1
13314,C4,12,999,12,6,0,12,2
13315,C4,12,,11,7,0,11,1
13316,C4,12,960,12,7,0,11,1
13317,C4,12,,11,6,1,14,3
13318,C4,12,,11,6,1,14,3
13319,C4,12,860,12,7,0,14,1
13320,C4,12,,10,5,0,17,1
13321,C4,12,,11,6,1,12,1
13322,C4,12,,11,7,0,17,1
13323,C4,12,,11,8,1,10,3
13324,C4,12,,10,5,0,13,0
13325,C4,12,,11,7,1,10,1
13326,C4,12,541,12,8,0,14,0
13327,C4,12,570,12,7,0,17,2
13328,C4,12,,9,7,0,11,1
13329,C4,12,635,12,7,0,11,1
13330,C4,12,774,12,9,0,12,0
13331,C4,12,,11,5,0,11,1
13332,C4,12,907,12,8,0,18,1
13333,C4,12,,11,7,1,15,1
13334,C4,12,,10,6,0,12,0
13335,C4,12,772,12,7,0,16,0
13336,C4,12,,11,6,0,15,1
13337,C4,12,,8,5,2,19,3
13338,C4,12,,10,7,1,12,1
13339,C4,12,875,12,8,0,15,3
13340,C4,12,,11,6,1,12,1
13341,C4,12,,9,5,2,12,2
13342,C4,12,815,12,9,0,14,1
13343,C4,12,,9,8,2,19,2
13344,C4,12,,11,9,1,19,1
13345,C4,12,,11,6,0,17,1
13346,C4,12,707,12,6,0,13,0
13347,C4,12,,11,7,0,12,1
13348,C4,12,657,12,7,0,13,1
13349,C4,12,,11,5,0,15,1
13350,C4,12,751,12,9,0,9,0
13351,C4,12,,10,7,2,13,2
13352,C4,12,809,12,7,0,17,2
13353,C4,12,714,12,8,0,17,1
13354,C4,12,,11,6,0,11,1
13355,C4,12,,11,6,0,13,3
13356,C4,12,705,12,7,0,12,1
13357,C4,12,,11,6,1,15,1
13358,C4,12,,9,6,2,13,2
13359,C4,12,,10,5,0,14,1
13360,C4,12,888,12,7,0,13,0
13361,C4,12,,11,6,0,9,3
13362,C4,12,,10,7,1,15,2
13363,C4,12,,10,6,1,13,2
13364,C4,12,889,12,8,0,9,0
13365,C4,12,,11,7,1,9,1
13366,C4,12,,11,7,1,13,2
13367,C4,12,751,12,9,0,14,0
13368,C4,12,907,12,8,0,13,2
13369,C4,12,,11,6,0,18,1
13370,C4,12,,11,7,1,17,2
13371,C4,12,846,12,7,0,8,0
13372,C4,12,757,12,7,0,16,0
13373,C4,12,,10,6,2,15,2
13374,C4,12,949,12,7,0,12,0
13375,C4,12,790,12,8,0,17,1
13376,C4,12,,11,7,0,10,0
13377,C4,12,,11,8,0,12,1
13378,C4,12,,11,8,1,17,2
13379,C4,12,807,12,7,0,12,0
13380,C4,12,719,12,9,0,8,0
13381,C4,12,,10,7,0,18,1
13382,C4,12,,11,6,0,11,1
13383,C4,12,647,12,9,0,11,0
13384,C4,12,,10,7,1,16,1
13385,C4,12,,11,8,1,17,2
13386,C4,12,,10,6,1,11,1
13387,C4,12,,10,7,1,16,2
13388,C4,12,,11,5,0,12,3
13389,C4,12,706,12,9,0,12,2
13390,C4,12,945,12,7,0,15,2
13391,C4,12,,11,6,0,14,0
13392,C4,12,,10,7,2,8,2
13393,C4,12,575,12,8,0,15,1
13394,C4,12,,10,7,2,15,3
13395,C4,12,,10,7,1,14,1
13396,C4,12,,11,7,0,13,0
13397,C4,12,,10,6,0,9,1
13398,C4,12,837,12,9,0,13,0
13399,C4,12,,11,8,0,16,0
13400,C4,12,,11,6,0,15,1
13401,C4,12,,10,5,1,13,1
13402,C4,12,549,12,7,0,14,1
13403,C4,12,,11,8,1,13,1
13404,C4,12,,11,7,0,13,1
13405,C4,12,,10,6,0,17,2
13406,C4,12,,11,7,0,14,0
13407,C4,12,910,12,7,0,19,2
13408,C4,12,975,12,6,0,10,0
13409,C4,12,866,12,7,0,12,2
13410,C4,12,594,12,7,0,11,2
13411,C4,12,831,12,8,0,10,2
13412,C4,12,,11,7,1,14,2
13413,C4,12,,11,7,1,20,1
13414,C4,12,,11,6,0,16,0
13415,C4,12,,9,6,1,14,1
13416,C4,12,,11,7,0,20,1
13417,C4,12,,10,5,1,15,1
13418,C4,12,,11,6,0,11,1
13419,C4,12,959,12,7,0,10,0
13420,C4,12,577,12,8,0,15,1
13421,C4,12,,9,5,3,17,3
13422,C4,12,612,12,7,0,12,1
13423,C4,12,524,12,9,0,16,3
13424,C4,12,935,12,9,0,12,1
13425,C4,12,,11,8,0,10,1
13426,C4,12,532,12,8,0,11,1
13427,C4,12,,10,8,1,11,3
13428,C4,12,666,12,7,0,7,1
13429,C4,12,,11,6,0,12,1
13430,C4,12,796,12,7,0,18,2
13431,C4,12,657,12,8,0,14,0
13432,C4,12,,11,5,0,14,1
13433,C4,12,,11,7,1,16,1
13434,C4,12,,11,6,1,14,2
13435,C4,12,,11,9,0,11,0
13436,C4,12,810,12,6,0,10,1
13437,C4,12,,11,6,1,11,2
13438,C4,12,997,12,8,0,16,3
13439,C4,12,919,12,7,0,8,0
13440,C4,12,,9,6,1,17,2
13441,C4,12,,10,6,1,14,3
13442,C4,12,,10,6,0,9,0
13443,C4,12,924,12,7,0,11,0
13444,C4,12,,10,4,0,18,0
13445,C4,12,,11,6,0,15,0
13446,C4,12,807,12,7,0,12,0
13447,C4,12,,11,8,0,12,1
13448,C4,12,,10,6,0,11,0
13449,C4,12,,11,7,0,14,1
13450,C4,12,686,12,8,0,15,1
13451,C4,12,,10,6,1,15,2
13452,C4,12,,11,6,0,15,0
13453,C4,12,,11,7,0,13,1
13454,C4,12,,11,6,1,14,2
13455,C4,12,,10,6,1,13,1
13456,C4,12,,11,8,0,9,0
13457,C4,12,942,12,8,0,13,2
13458,C4,12,,10,5,0,14,1
13459,C4,12,864,12,7,0,13,1
13460,C4,12,,11,5,1,17,2
13461,C4,12,901,12,8,0,13,1
13462,C4,12,,11,6,0,19,2
13463,C4,12,,11,6,1,17,2
13464,C4,12,,10,6,2,14,2
13465,C4,12,,11,5,0,12,2
13466,C4,12,,11,7,0,13,0
13467,C4,12,,11,6,1,14,1
13468,C4,12,824,12,6,0,15,1
13469,C4,12,719,12,7,0,13,0
13470,C4,12,,11,6,1,14,1
13471,C4,12,,11,6,1,11,1
13472,C4,12,,11,7,0,16,2
13473,C4,12,404,12,9,0,15,3
13474,C4,12,625,12,6,0,14,0
13475,C4,12,,9,5,0,17,1
13476,C4,12,,11,8,0,17,0
13477,C4,12,553,12,9,0,14,0
13478,C4,12,697,12,8,0,13,0
13479,C4,12,,11,7,0,14,0
13480,C4,12,643,12,8,0,16,1
13481,C4,12,929,12,7,0,11,1
13482,C4,12,611,12,7,0,12,1
13483,C4,12,896,12,8,0,9,0
13484,C4,12,,10,6,0,13,0
13485,C4,12,,11,8,0,16,1
13486,C4,12,769,12,7,0,16,1
13487,C4,12,625,12,8,0,15,2
13488,C4,12,,11,7,0,11,1
13489,C4,12,854,12,7,0,20,1
13490,C4,12,607,12,8,0,13,0
13491,C4,12,,11,7,0,8,0
13492,C4,12,,11,10,0,10,1
13493,C4,12,,10,6,0,14,0
13494,C4,12,928,12,6,0,18,1
13495,C4,12,,10,6,0,15,0
13496,C4,12,,11,7,0,12,1
13497,C4,12,,10,6,0,16,1
13498,C4,12,,10,6,0,13,2
13499,C4,12,924,12,7,0,16,0
13500,C4,12,915,12,6,0,11,1
13501,C4,12,,11,6,1,12,1
13502,C4,12,971,12,6,0,21,1
13503,C4,12,,10,8,1,10,1
13504,C4,12,,11,9,0,13,0
13505,C4,12,,11,8,0,17,0
13506,C4,12,843,12,6,0,14,0
13507,C4,12,919,12,7,0,11,0
13508,C4,12,,11,5,1,17,2
13509,C4,12,,11,6,0,17,1
13510,C4,12,,11,7,0,17,0
13511,C4,12,815,12,8,0,16,1
13512,C4,12,791,12,8,0,13,0
13513,C4,12,,11,5,1,13,1
13514,C4,12,618,12,6,0,12,1
13515,C4,12,825,12,6,0,16,0
13516,C4,12,,11,8,0,12,0
13517,C4,12,,10,6,0,7,0
13518,C4,12,,11,6,0,16,1
13519,C4,12,701,12,6,0,19,0
13520,C4,12,,11,6,0,11,0
13521,C4,12,,11,5,1,20,3
13522,C4,12,,11,5,0,13,0
13523,C4,12,804,12,5,0,15,1
13524,C4,12,,11,7,0,17,0
13525,C4,12,,11,5,0,8,0
13526,C4,12,861,12,7,0,15,0
13527,C4,12,,10,5,0,13,0
13528,C4,12,,11,7,0,12,1
13529,C4,12,668,12,9,0,13,1
13530,C4,12,,11,8,1,13,1
13531,C4,12,744,12,6,0,18,1
13532,C4,12,891,12,6,0,12,0
13533,C4,12,951,12,8,0,16,3
13534,C4,12,963,12,7,0,11,0
13535,C4,12,775,12,7,0,12,1
13536,C4,12,,11,7,1,11,2
13537,C4,12,,11,8,1,10,1
13538,C4,12,794,12,8,0,10,0
13539,C4,12,,11,8,0,13,0
13540,C4,12,882,12,6,0,11,0
13541,C4,12,,10,7,1,13,1
13542,C4,12,,11,8,0,12,1
13543,C4,12,871,12,8,0,9,1
13544,C4,12,672,12,8,0,14,2
13545,C4,12,680,12,8,0,16,0
13546,C4,12,,11,5,0,15,0
13547,C4,12,,10,7,0,12,0
13548,C4,12,893,12,8,0,11,1
13549,C4,12,,10,6,0,13,1
13550,C4,12,939,12,8,0,9,0
13551,C4,12,714,12,7,0,12,0
13552,C4,12,956,12,5,0,12,1
13553,C4,12,,10,7,1,17,1
13554,C4,12,,11,8,0,11,0
13555,C4,12,,11,6,1,12,1
13556,C4,12,730,12,8,0,13,1
13557,C4,12,,11,7,0,7,0
13558,C4,12,,11,8,0,11,0
13559,C4,12,926,12,5,0,17,1
13560,C4,12,,9,7,1,12,2
13561,C4,12,,11,9,0,19,0
13562,C4,12,,11,7,1,10,2
13563,C4,12,768,12,9,0,10,0
13564,C4,12,,11,6,0,15,1
13565,C4,12,,11,7,0,12,1
13566,C4,12,,11,10,1,9,1
13567,C4,12,988,12,8,0,14,2
13568,C4,12,,11,6,0,15,2
13569,C4,12,,11,5,1,12,1
13570,C4,12,,11,8,0,16,2
13571,C4,12,,11,8,0,13,1
13572,C4,12,,11,5,1,15,2
13573,C4,12,807,12,7,0,13,0
13574,C4,12,,11,6,0,12,1
13575,C4,12,,11,7,0,8,1
13576,C4,12,,10,7,0,19,1
13577,C4,12,918,12,7,0,11,1
13578,C4,12,420,12,9,0,12,2
13579,C4,12,,10,7,1,10,1
13580,C4,12,,11,8,0,12,2
13581,C4,12,,10,8,0,13,1
13582,C4,12,,10,6,1,13,1
13583,C4,12,710,12,6,0,16,1
13584,C4,12,,11,5,1,9,1
13585,C4,12,833,12,7,0,18,2
13586,C4,12,,11,8,0,19,1
13587,C4,12,724,12,7,0,14,1
13588,C4,12,,11,5,1,14,1
13589,C4,12,,11,8,0,12,1
13590,C4,12,830,12,9,0,16,1
13591,C4,12,,11,7,1,19,2
13592,C4,12,,10,6,0,8,0
13593,C4,12,,11,7,1,14,1
13594,C4,12,920,12,8,0,11,0
13595,C4,12,,11,7,1,14,1
13596,C4,12,,11,6,1,16,2
13597,C4,12,,11,7,0,15,2
13598,C4,12,997,12,8,0,14,1
13599,C4,12,570,12,8,0,11,0
13600,C4,12,,10,7,2,15,2
13601,C4,12,949,12,6,0,15,1
13602,C4,12,739,12,7,0,13,1
13603,C4,12,,11,7,1,13,2
13604,C4,12,,11,8,1,14,2
13605,C4,12,,11,7,0,13,0
13606,C4,12,,11,7,0,17,1
13607,C4,12,,11,9,0,10,1
13608,C4,12,758,12,10,0,11,0
13609,C4,12,,10,5,0,10,1
13610,C4,12,946,12,6,0,13,0
13611,C4,12,,11,7,0,10,1
13612,C4,12,919,12,8,0,13,3
13613,C4,12,,11,6,0,12,0
13614,C4,12,,11,5,0,12,0
13615,C4,12,,11,7,1,11,1
13616,C4,12,,10,6,0,12,0
13617,C4,12,612,12,9,0,13,0
13618,C4,12,575,12,9,0,14,0
13619,C4,12,677,12,8,0,10,0
13620,C4,12,740,12,6,0,11,1
13621,C4,12,565,12,7,0,13,0
13622,C4,12,,11,8,1,15,2
13623,C4,12,,11,7,0,16,0
13624,C4,12,,11,7,1,20,3
13625,C4,12,983,12,8,0,12,1
13626,C4,12,,10,7,2,15,3
13627,C4,12,,11,7,0,16,0
13628,C4,12,,10,4,1,11,1
13629,C4,12,,11,7,0,15,1
13630,C4,12,931,12,8,0,12,1
13631,C4,12,804,12,6,0,14,2
13632,C4,12,,11,7,0,9,0
13633,C4,12,928,12,7,0,15,1
13634,C4,12,,11,7,1,5,1
13635,C4,12,,11,7,1,13,2
13636,C4,12,,11,5,1,13,1
13637,C4,12,,11,7,1,11,1
13638,C4,12,,11,6,1,13,1
13639,C4,12,,11,7,1,14,1
13640,C4,12,,11,9,1,14,3
13641,C4,12,,11,7,0,14,1
13642,C4,12,,9,6,0,18,1
13643,C4,12,861,12,7,0,15,0
13644,C4,12,621,12,6,0,12,1
13645,C4,12,,10,6,1,6,1
13646,C4,12,,11,7,0,14,1
13647,C4,12,526,12,7,0,13,1
13648,C4,12,856,12,7,0,14,1
13649,C4,12,895,12,7,0,17,1
13650,C4,12,895,12,6,0,13,2
13651,C4,12,,11,6,0,11,0
13652,C4,12,,11,5,1,13,1
13653,C4,12,721,12,7,0,10,1
13654,C4,12,,11,9,0,10,1
13655,C4,12,481,12,7,0,14,0
13656,C4,12,,11,7,1,14,2
13657,C4,12,,10,6,0,14,0
13658,C4,12,,11,8,1,10,1
13659,C4,12,987,12,7,0,17,0
13660,C4,12,,11,6,0,13,2
13661,C4,12,,11,6,0,15,1
13662,C4,12,821,12,8,0,11,0
13663,C4,12,643,12,8,0,13,1
13664,C4,12,,11,8,0,12,1
13665,C4,12,,11,7,0,12,1
13666,C4,12,,11,8,1,18,1
13667,C4,12,,9,5,2,18,2
13668,C4,12,,10,4,0,19,0
13669,C4,12,683,12,8,0,11,1
13670,C4,12,887,12,8,0,11,2
13671,C4,12,,11,5,0,9,1
13672,C4,12,,11,7,0,16,2
13673,C4,12,822,12,6,0,12,0
13674,C4,12,,11,10,1,14,2
13675,C4,12,,11,7,0,12,0
13676,C4,12,,11,8,0,13,3
13677,C4,12,920,12,8,0,15,1
13678,C4,12,704,12,8,0,15,0
13679,C4,12,871,12,6,0,11,0
13680,C4,12,,11,6,0,14,1
13681,C4,12,,11,6,0,15,0
13682,C4,12,,11,8,0,14,0
13683,C4,12,,11,7,0,14,1
13684,C4,12,,11,6,0,11,0
13685,C4,12,,11,5,1,16,1
13686,C4,12,645,12,6,0,11,0
13687,C4,12,,10,8,0,13,2
13688,C4,12,,10,7,1,12,1
13689,C4,12,,11,7,0,21,1
13690,C4,12,,11,9,0,13,1
13691,C4,12,,10,6,2,18,2
13692,C4,12,998,12,6,0,16,2
13693,C4,12,,11,5,1,14,2
13694,C4,12,767,12,8,0,14,0
13695,C4,12,,10,6,0,13,0
13696,C4,12,,11,5,0,14,1
13697,C4,12,,11,6,0,14,1
13698,C4,12,903,12,8,0,16,0
13699,C4,12,,11,7,1,12,3
13700,C4,12,,10,6,0,11,0
13701,C4,12,,11,6,0,13,1
13702,C4,12,801,12,7,0,15,1
13703,C4,12,,11,6,1,17,1
13704,C4,12,832,12,6,0,12,0
13705,C4,12,,11,8,0,12,3
13706,C4,12,,10,6,1,14,2
13707,C4,12,826,12,6,0,14,0
13708,C4,12,,11,6,0,16,1
13709,C4,12,,11,6,0,16,1
13710,C4,12,,11,6,0,11,0
13711,C4,12,774,12,9,0,16,1
13712,C4,12,,10,8,1,16,1
13713,C4,12,914,12,5,0,11,2
13714,C4,12,979,12,7,0,15,1
13715,C4,12,,10,5,0,18,1
13716,C4,12,,11,7,0,14,0
13717,C4,12,,11,8,0,19,1
13718,C4,12,,11,5,0,18,1
13719,C4,12,,10,6,0,10,0
13720,C4,12,,10,9,0,9,0
13721,C4,12,469,12,9,0,13,1
13722,C4,12,898,12,6,0,16,2
13723,C4,12,671,12,9,0,12,0
13724,C4,12,,11,7,0,16,0
13725,C4,12,,11,6,1,9,1
13726,C4,12,403,12,9,0,17,1
13727,C4,12,,11,7,0,12,0
13728,C4,12,,11,7,0,13,2
13729,C4,12,,11,7,0,11,1
13730,C4,12,,11,7,0,11,2
13731,C4,12,827,12,7,0,16,0
13732,C4,12,530,12,6,0,14,1
13733,C4,12,729,12,7,0,16,1
13734,C4,12,,11,7,1,12,1
13735,C4,12,903,12,7,0,11,0
13736,C4,12,,10,6,1,17,1
13737,C4,12,852,12,6,0,12,0
13738,C4,12,,11,7,0,17,1
13739,C4,12,,11,7,1,16,1
13740,C4,12,,11,6,1,11,1
13741,C4,12,,11,5,0,18,1
13742,C4,12,708,12,7,0,11,2
13743,C4,12,509,12,8,0,9,1
13744,C4,12,985,12,8,0,15,2
13745,C4,12,,10,6,1,16,3
13746,C4,12,,10,5,0,13,2
13747,C4,12,,11,7,1,13,2
13748,C4,12,,11,7,0,15,1
13749,C4,12,795,12,8,0,13,0
13750,C4,12,,11,6,0,18,1
13751,C4,12,,11,6,0,12,1
13752,C4,12,797,12,7,0,11,0
13753,C4,12,690,12,9,0,13,2
13754,C4,12,652,12,9,0,10,0
13755,C4,12,,11,7,0,14,1
13756,C4,12,,10,7,1,12,2
13757,C4,12,,11,8,1,16,2
13758,C4,12,,11,6,0,9,2
13759,C4,12,,11,6,1,16,1
13760,C4,12,,10,8,0,17,0
13761,C4,12,,11,7,0,9,1
13762,C4,12,939,12,6,0,14,0
13763,C4,12,,11,7,0,8,0
13764,C4,12,959,12,6,0,10,0
13765,C4,12,650,12,7,0,14,1
13766,C4,12,,11,7,0,15,1
13767,C4,12,,11,6,0,14,2
13768,C4,12,,10,5,1,17,2
13769,C4,12,,11,6,0,12,0
13770,C4,12,,11,7,0,18,1
13771,C4,12,,11,7,1,13,2
13772,C4,12,663,12,8,0,15,1
13773,C4,12,,11,8,0,15,0
13774,C4,12,724,12,7,0,12,1
13775,C4,12,,11,8,0,11,2
13776,C4,12,892,12,6,0,15,1
13777,C4,12,,10,5,1,14,1
13778,C4,12,911,12,7,0,18,0
13779,C4,12,,11,7,1,10,2
13780,C4,12,,11,6,0,11,1
13781,C4,12,,11,8,0,13,2
13782,C4,12,843,12,10,0,15,1
13783,C4,12,901,12,7,0,11,0
13784,C4,12,990,12,6,0,18,2
13785,C4,12,869,12,6,0,10,1
13786,C4,12,,11,7,1,11,1
13787,C4,12,691,12,7,0,16,2
13788,C4,12,930,12,7,0,12,0
13789,C4,12,847,12,7,0,15,1
13790,C4,12,,11,6,0,13,0
13791,C4,12,525,12,8,0,9,0
13792,C4,12,,10,7,0,10,1
13793,C4,12,613,12,8,0,12,1
13794,C4,12,961,12,8,0,14,2
13795,C4,12,,11,6,0,16,0
13796,C4,12,579,12,8,0,12,1
13797,C4,12,,10,7,1,14,1
13798,C4,12,878,12,7,0,10,0
13799,C4,12,,10,7,1,19,1
13800,C4,12,,11,6,1,13,2
13801,C4,12,,11,6,0,14,0
13802,C4,12,,11,6,1,10,1
13803,C4,12,,11,7,1,12,2
13804,C4,12,943,12,6,0,13,1
13805,C4,12,871,12,6,0,16,0
13806,C4,12,,10,7,0,14,0
13807,C4,12,,11,5,0,14,0
13808,C4,12,734,12,8,0,12,1
13809,C4,12,,10,7,0,17,2
13810,C4,12,,11,7,0,18,2
13811,C4,12,921,12,5,0,13,1
13812,C4,12,,10,7,1,21,2
13813,C4,12,789,12,7,0,14,0
13814,C4,12,,11,8,1,16,1
13815,C4,12,748,12,7,0,15,1
13816,C4,12,721,12,9,0,14,1
13817,C4,12,,11,8,0,12,1
13818,C4,12,,11,8,1,11,2
13819,C4,12,,10,6,1,15,1
13820,C4,12,,11,5,0,11,1
13821,C4,12,,11,7,1,20,2
13822,C4,12,,11,7,0,15,0
13823,C4,12,,11,5,0,13,0
13824,C4,12,,11,6,1,10,2
13825,C4,12,,11,6,0,14,0
13826,C4,12,925,12,8,0,14,1
13827,C4,12,,10,6,1,20,1
13828,C4,12,,11,7,0,14,1
13829,C4,12,803,12,8,0,11,1
13830,C4,12,,11,7,1,14,2
13831,C4,12,,11,7,1,9,1
13832,C4,12,404,12,8,0,9,2
13833,C4,12,611,12,8,0,10,0
13834,C4,12,,11,6,0,18,0
13835,C4,12,,10,5,1,17,2
13836,C4,12,,11,5,0,19,1
13837,C4,12,,11,7,0,10,1
13838,C4,12,,11,8,0,19,1
13839,C4,12,,11,7,0,15,1
13840,C4,12,906,12,7,0,8,0
13841,C4,12,846,12,8,0,13,1
13842,C4,12,,10,7,1,11,1
13843,C4,12,885,12,5,0,11,1
13844,C4,12,791,12,7,0,17,1
13845,C4,12,,11,6,0,10,0
13846,C4,12,812,12,7,0,15,1
13847,C4,12,,10,7,1,17,2
13848,C4,12,,11,9,0,10,0
13849,C4,12,931,12,6,0,22,2
13850,C4,12,767,12,5,0,15,0
13851,C4,12,465,12,8,0,17,2
13852,C4,12,,11,8,0,12,0
13853,C4,12,,11,7,0,10,1
13854,C4,12,733,12,7,0,16,0
13855,C4,12,,11,6,0,19,1
13856,C4,12,868,12,8,0,13,0
13857,C4,12,,10,5,0,14,2
13858,C4,12,,11,6,0,12,1
13859,C4,12,967,12,6,0,11,0
13860,C4,12,,11,7,0,15,2
13861,C4,12,654,12,6,0,12,0
13862,C4,12,,11,8,1,14,1
13863,C4,12,,11,9,0,10,1
13864,C4,12,,10,7,1,17,1
13865,C4,12,821,12,8,0,16,2
13866,C4,12,,10,6,0,14,0
13867,C4,12,602,12,7,0,11,1
13868,C4,12,,10,6,1,11,1
13869,C4,12,,11,6,0,18,1
13870,C4,12,,11,6,0,12,1
13871,C4,12,,11,9,0,14,1
13872,C4,12,698,12,8,0,17,2
13873,C4,12,,11,6,0,14,0
13874,C4,12,,10,5,2,18,2
13875,C4,12,,10,6,0,12,0
13876,C4,12,,10,6,1,15,2
13877,C4,12,587,12,8,0,14,2
13878,C4,12,,10,8,1,14,1
13879,C4,12,825,12,7,0,15,1
13880,C4,12,,11,8,0,13,0
13881,C4,12,954,12,7,0,12,0
13882,C4,12,,11,6,0,16,2
13883,C4,12,,11,6,0,11,1
13884,C4,12,,11,6,1,11,2
13885,C4,12,930,12,7,0,13,0
13886,C4,12,701,12,10,0,15,1
13887,C4,12,459,12,7,0,11,1
13888,C4,12,,11,5,0,16,1
13889,C4,12,982,12,7,0,16,1
13890,C4,12,,11,6,1,14,1
13891,C4,12,,11,6,1,14,2
13892,C4,12,,11,7,1,14,1
13893,C4,12,910,12,8,0,11,1
13894,C4,12,,11,7,0,15,2
13895,C4,12,,10,7,1,11,1
13896,C4,12,685,12,7,0,16,1
13897,C4,12,,11,6,0,10,0
13898,C4,12,,11,6,0,10,0
13899,C4,12,,11,6,1,12,2
13900,C4,12,,11,6,0,19,0
13901,C4,12,,8,5,2,14,3
13902,C4,12,,11,5,0,18,2
13903,C4,12,,10,6,1,14,1
13904,C4,12,,10,6,0,10,0
13905,C4,12,,11,8,0,10,0
13906,C4,12,,11,7,0,16,1
13907,C4,12,,10,6,0,11,0
13908,C4,12,,11,6,0,14,2
13909,C4,12,,11,9,0,18,1
13910,C4,12,,11,7,0,12,2
13911,C4,12,733,12,8,0,18,0
13912,C4,12,,11,6,0,15,0
13913,C4,12,,10,5,1,15,1
13914,C4,12,,11,7,1,16,3
13915,C4,12,,11,7,1,14,2
13916,C4,12,993,12,9,0,14,1
13917,C4,12,,11,8,0,12,2
13918,C4,12,981,12,8,0,12,1
13919,C4,12,891,12,8,0,14,1
13920,C4,12,,10,5,1,18,1
13921,C4,12,,11,8,0,8,0
13922,C4,12,,10,6,0,12,1
13923,C4,12,,11,6,1,15,2
13924,C4,12,,11,6,0,11,1
13925,C4,12,,11,6,0,15,0
13926,C4,12,556,12,7,0,14,1
13927,C4,12,,11,8,0,15,0
13928,C4,12,,11,6,0,10,1
13929,C4,12,552,12,7,0,12,0
13930,C4,12,963,12,7,0,17,1
13931,C4,12,560,12,7,0,13,1
13932,C4,12,671,12,9,0,13,1
13933,C4,12,,11,7,0,10,1
13934,C4,12,,11,7,0,11,1
13935,C4,12,720,12,7,0,9,0
13936,C4,12,,10,7,2,13,2
13937,C4,12,,11,6,0,13,0
13938,C4,12,668,12,7,0,14,0
13939,C4,12,,11,7,0,13,1
13940,C4,12,902,12,6,0,13,2
13941,C4,12,526,12,10,0,9,0
13942,C4,12,609,12,8,0,9,1
13943,C4,12,,11,7,0,12,0
13944,C4,12,642,12,8,0,15,0
13945,C4,12,,11,7,1,15,1
13946,C4,12,606,12,8,0,16,1
13947,C4,12,,11,7,0,10,0
13948,C4,12,,11,8,0,16,1
13949,C4,12,,11,7,0,10,0
13950,C4,12,,10,7,1,13,1
13951,C4,12,,11,6,0,12,2
13952,C4,12,750,12,7,0,15,1
13953,C4,12,,11,7,1,13,1
13954,C4,12,,11,6,0,19,0
13955,C4,12,,11,9,0,14,1
13956,C4,12,835,12,5,0,11,0
13957,C4,12,,11,6,1,13,1
13958,C4,12,,11,6,0,10,1
13959,C4,12,846,12,7,0,16,1
13960,C4,12,,11,5,0,13,0
13961,C4,12,,11,7,0,15,0
13962,C4,12,794,12,5,0,13,1
13963,C4,12,849,12,7,0,16,1
13964,C4,12,873,12,8,0,13,1
13965,C4,12,,10,8,0,11,0
13966,C4,12,,11,8,0,11,0
13967,C4,12,,11,6,0,9,0
13968,C4,12,944,12,5,0,12,2
13969,C4,12,,11,7,0,16,1
13970,C4,12,307,12,8,0,14,2
13971,C4,12,,11,6,0,12,0
13972,C4,12,,11,7,0,12,1
13973,C4,12,,11,7,0,13,0
13974,C4,12,789,12,6,0,16,0
13975,C4,12,998,12,6,0,17,0
13976,C4,12,752,12,7,0,13,1
13977,C4,12,,11,7,0,14,1
13978,C4,12,748,12,7,0,15,0
13979,C4,12,,11,9,1,18,2
13980,C4,12,862,12,6,0,13,1
13981,C4,12,943,12,8,0,10,1
13982,C4,12,721,12,8,0,13,1
13983,C4,12,754,12,9,0,13,2
13984,C4,12,,11,6,0,15,2
13985,C4,12,695,12,10,0,13,2
13986,C4,12,777,12,6,0,10,0
13987,C4,12,,11,8,0,14,0
13988,C4,12,960,12,5,0,8,1
13989,C4,12,826,12,7,0,12,0
13990,C4,12,,11,5,0,18,1
13991,C4,12,983,12,7,0,12,0
13992,C4,12,,11,8,0,19,0
13993,C4,12,921,12,6,0,13,2
13994,C4,12,,11,6,0,17,1
13995,C4,12,,11,7,1,12,3
13996,C4,12,,8,7,1,11,1
13997,C4,12,,10,6,1,17,1
13998,C4,12,743,12,9,0,14,0
13999,C4,12,,10,5,1,15,1
14000,C5,12,900,12,7,0,13,1
14001,C5,12,,11,8,0,12,2
14002,C5,12,,11,6,1,19,2
14003,C5,12,,10,6,1,11,2
14004,C5,12,881,12,9,0,12,1
14005,C5,12,,11,8,0,12,1
14006,C5,12,,11,5,0,11,0
14007,C5,12,,11,6,0,13,1
14008,C5,12,913,12,7,0,14,1
14009,C5,12,705,12,6,0,12,1
14010,C5,12,826,12,8,0,11,0
14011,C5,12,,11,5,1,14,3
14012,C5,12,853,12,7,0,9,1
14013,C5,12,,10,7,1,16,1
14014,C5,12,743,12,7,0,12,2
14015,C5,12,,10,8,0,16,0
14016,C5,12,,11,6,1,14,2
14017,C5,12,,11,8,1,12,2
14018,C5,12,,11,7,0,15,1
14019,C5,12,,10,6,1,10,1
14020,C5,12,,11,8,0,14,2
14021,C5,12,,11,7,0,9,0
14022,C5,12,,11,6,0,13,1
14023,C5,12,,10,8,1,13,1
14024,C5,12,,10,7,1,10,2
14025,C5,12,,11,7,1,16,1
14026,C5,12,,11,7,0,13,1
14027,C5,12,936,12,5,0,10,1
14028,C5,12,782,12,7,0,13,0
14029,C5,12,925,12,6,0,12,2
14030,C5,12,978,12,7,0,12,2
14031,C5,12,981,12,7,0,11,1
14032,C5,12,,11,6,0,14,0
14033,C5,12,,11,6,1,13,2
14034,C5,12,758,12,8,0,14,0
14035,C5,12,,11,8,0,11,1
14036,C5,12,,10,8,0,11,0
14037,C5,12,,11,7,0,9,0
14038,C5,12,,11,7,0,17,1
14039,C5,12,,11,6,0,14,0
14040,C5,12,,10,7,1,13,2
14041,C5,12,914,12,7,0,15,0
14042,C5,12,,10,6,0,15,1
14043,C5,12,649,12,8,0,9,0
14044,C5,12,,10,5,1,10,1
14045,C5,12,,11,8,1,13,1
14046,C5,12,,10,7,1,13,1
14047,C5,12,890,12,6,0,16,0
14048,C5,12,587,12,7,0,14,0
14049,C5,12,,11,8,0,15,1
14050,C5,12,,11,7,1,12,1
14051,C5,12,845,12,7,0,9,1
14052,C5,12,,11,4,1,15,2
14053,C5,12,728,12,9,0,9,1
14054,C5,12,,11,9,1,12,1
14055,C5,12,,10,6,0,17,2
14056,C5,12,801,12,8,0,9,0
14057,C5,12,953,12,7,0,12,0
14058,C5,12,,11,5,1,15,2
14059,C5,12,,11,7,1,10,2
14060,C5,12,,11,6,0,18,0
14061,C5,12,865,12,8,0,9,2
14062,C5,12,,10,8,0,10,0
14063,C5,12,,11,6,1,9,2
14064,C5,12,,10,6,1,17,1
14065,C5,12,945,12,7,0,12,1
14066,C5,12,807,12,7,0,11,1
14067,C5,12,,10,5,1,17,3
14068,C5,12,784,12,5,0,9,1
14069,C5,12,818,12,8,0,9,0
14070,C5,12,729,12,5,0,14,1
14071,C5,12,,11,7,1,11,1
14072,C5,12,,9,6,1,10,1
14073,C5,12,919,12,6,0,16,1
14074,C5,12,,11,7,0,12,1
14075,C5,12,,11,7,0,7,0
14076,C5,12,,10,7,2,12,3
14077,C5,12,765,12,8,0,11,1
14078,C5,12,,11,6,1,11,1
14079,C5,12,620,12,7,0,10,2
14080,C5,12,,10,7,1,11,1
14081,C5,12,599,12,7,0,11,1
14082,C5,12,,10,7,1,11,2
14083,C5,12,,10,6,1,11,2
14084,C5,12,,11,7,1,14,1
14085,C5,12,,10,7,1,12,2
14086,C5,12,,11,7,0,10,0
14087,C5,12,,11,6,0,15,2
14088,C5,12,860,12,7,0,8,0
14089,C5,12,,11,7,0,11,2
14090,C5,12,791,12,6,0,9,1
14091,C5,12,,11,7,0,13,1
14092,C5,12,,10,6,0,13,1
14093,C5,12,,10,7,0,10,0
14094,C5,12,,11,8,1,13,1
14095,C5,12,,10,7,0,17,0
14096,C5,12,403,12,8,0,14,1
14097,C5,12,757,12,7,0,16,2
14098,C5,12,953,12,6,0,16,2
14099,C5,12,,11,7,0,14,1
14100,C5,12,,11,7,0,15,1
14101,C5,12,811,12,7,0,14,0
14102,C5,12,,11,7,0,13,0
14103,C5,12,,11,7,0,14,0
14104,C5,12,796,12,8,0,12,0
14105,C5,12,510,12,6,0,8,0
14106,C5,12,,11,7,0,15,1
14107,C5,12,,11,6,1,17,1
14108,C5,12,,11,7,0,14,1
14109,C5,12,980,12,7,0,12,0
14110,C5,12,,11,7,0,12,0
14111,C5,12,890,12,7,0,13,2
14112,C5,12,,11,5,1,13,1
14113,C5,12,,10,6,1,13,1
14114,C5,12,839,12,7,0,15,2
14115,C5,12,,11,7,1,12,1
14116,C5,12,,11,7,1,16,3
14117,C5,12,,11,8,0,12,1
14118,C5,12,,11,6,1,16,2
14119,C5,12,887,12,7,0,12,0
14120,C5,12,,10,6,1,15,1
14121,C5,12,,11,5,0,14,2
14122,C5,12,,11,7,0,14,0
14123,C5,12,,11,7,0,13,1
14124,C5,12,,10,6,1,16,2
14125,C5,12,,11,6,0,16,1
14126,C5,12,,11,5,0,18,0
14127,C5,12,698,12,6,0,14,1
14128,C5,12,,11,8,0,10,0
14129,C5,12,,11,5,1,17,3
14130,C5,12,899,12,6,0,13,0
14131,C5,12,658,12,9,0,11,1
14132,C5,12,,11,6,0,13,2
14133,C5,12,969,12,6,0,11,0
14134,C5,12,861,12,6,0,15,0
14135,C5,12,703,12,7,0,13,0
14136,C5,12,,9,6,1,14,1
14137,C5,12,627,12,7,0,18,0
14138,C5,12,,11,7,0,13,0
14139,C5,12,954,12,6,0,16,1
14140,C5,12,669,12,7,0,10,1
14141,C5,12,,11,10,0,13,0
14142,C5,12,,11,8,0,15,1
14143,C5,12,,11,5,0,9,1
14144,C5,12,762,12,7,0,18,0
14145,C5,12,696,12,7,0,15,1
14146,C5,12,,11,6,0,8,0
14147,C5,12,974,12,8,0,7,1
14148,C5,12,,11,8,0,9,1
14149,C5,12,,10,6,0,14,1
14150,C5,12,764,12,8,0,12,1
14151,C5,12,,11,6,1,9,1
14152,C5,12,821,12,7,0,16,2
14153,C5,12,,11,5,0,14,0
14154,C5,12,988,12,7,0,14,1
14155,C5,12,,11,8,0,9,1
14156,C5,12,,11,7,1,14,2
14157,C5,12,789,12,8,0,15,2
14158,C5,12,972,12,6,0,11,0
14159,C5,12,,11,7,1,14,1
14160,C5,12,994,12,6,0,15,1
14161,C5,12,933,12,7,0,11,0
14162,C5,12,858,12,8,0,13,0
14163,C5,12,761,12,8,0,10,0
14164,C5,12,,11,8,0,12,1
14165,C5,12,,11,9,1,9,1
14166,C5,12,799,12,6,0,16,2
14167,C5,12,,11,6,1,20,3
14168,C5,12,,11,8,0,9,0
14169,C5,12,,11,8,0,16,0
14170,C5,12,779,12,8,0,14,2
14171,C5,12,944,12,6,0,17,2
14172,C5,12,926,12,8,0,17,2
14173,C5,12,,11,6,1,11,2
14174,C5,12,744,12,9,0,10,0
14175,C5,12,,11,6,1,11,1
14176,C5,12,714,12,8,0,8,2
14177,C5,12,,11,9,0,15,1
14178,C5,12,,10,7,0,9,0
14179,C5,12,751,12,7,0,8,1
14180,C5,12,,11,7,1,15,1
14181,C5,12,,11,6,0,12,2
14182,C5,12,,11,7,0,13,1
14183,C5,12,,11,7,0,17,1
14184,C5,12,624,12,7,0,14,1
14185,C5,12,,10,6,0,12,2
14186,C5,12,604,12,8,0,10,0
14187,C5,12,,11,8,0,13,0
14188,C5,12,642,12,7,0,14,2
14189,C5,12,908,12,6,0,12,1
14190,C5,12,,11,10,0,15,1
14191,C5,12,855,12,6,0,10,1
14192,C5,12,567,12,7,0,12,1
14193,C5,12,,11,7,0,10,0
14194,C5,12,,11,6,0,15,0
14195,C5,12,827,12,7,0,9,2
14196,C5,12,898,12,8,0,15,0
14197,C5,12,,11,6,1,17,2
14198,C5,12,,11,8,0,11,0
14199,C5,12,,11,7,0,12,1
14200,C5,12,,11,7,0,19,2
14201,C5,12,,10,6,0,14,3
14202,C5,12,,10,6,0,14,1
14203,C5,12,,11,7,0,15,1
14204,C5,12,685,12,8,0,10,2
14205,C5,12,,11,7,0,12,0
14206,C5,12,,11,6,0,15,1
14207,C5,12,,11,9,0,12,1
14208,C5,12,,11,5,1,11,3
14209,C5,12,728,12,7,0,11,1
14210,C5,12,903,12,9,0,9,1
14211,C5,12,344,12,10,0,12,0
14212,C5,12,,11,7,0,14,1
14213,C5,12,815,12,9,0,10,2
14214,C5,12,,11,7,0,11,0
14215,C5,12,828,12,8,0,10,1
14216,C5,12,,9,6,1,11,1
14217,C5,12,752,12,9,0,10,1
14218,C5,12,546,12,7,0,11,1
14219,C5,12,786,12,7,0,13,0
14220,C5,12,,11,7,1,13,2
14221,C5,12,,11,6,1,13,1
14222,C5,12,588,12,7,0,8,0
14223,C5,12,,11,8,0,14,1
14224,C5,12,,11,6,1,15,1
14225,C5,12,,9,6,0,8,1
14226,C5,12,,11,8,0,13,1
14227,C5,12,,11,8,0,15,1
14228,C5,12,899,12,10,0,12,1
14229,C5,12,872,12,7,0,15,1
14230,C5,12,922,12,6,0,12,1
14231,C5,12,,11,8,1,14,1
14232,C5,12,849,12,8,0,17,1
14233,C5,12,620,12,8,0,12,1
14234,C5,12,994,12,6,0,16,1
14235,C5,12,677,12,8,0,13,2
14236,C5,12,907,12,6,0,10,0
14237,C5,12,988,12,6,0,11,2
14238,C5,12,,10,6,0,13,0
14239,C5,12,,10,6,1,11,1
14240,C5,12,644,12,7,0,14,1
14241,C5,12,,11,5,1,18,2
14242,C5,12,811,12,7,0,8,0
14243,C5,12,,11,7,0,15,0
14244,C5,12,778,12,9,0,8,1
14245,C5,12,,11,7,1,14,1
14246,C5,12,,11,7,1,13,1
14247,C5,12,,11,7,1,11,1
14248,C5,12,919,12,6,0,12,1
14249,C5,12,,11,6,1,17,1
14250,C5,12,,10,6,2,15,3
14251,C5,12,,11,6,0,16,1
14252,C5,12,642,12,6,0,9,1
14253,C5,12,540,12,7,0,10,1
14254,C5,12,830,12,7,0,11,1
14255,C5,12,,11,7,1,12,1
14256,C5,12,,11,9,0,12,1
14257,C5,12,563,12,8,0,12,2
14258,C5,12,,11,6,0,11,2
14259,C5,12,,11,6,0,13,0
14260,C5,12,946,12,8,0,12,0
14261,C5,12,,11,7,0,11,0
14262,C5,12,,11,6,0,14,1
14263,C5,12,,11,6,0,13,1
14264,C5,12,,11,5,1,16,1
14265,C5,12,890,12,8,0,14,0
14266,C5,12,887,12,7,0,16,2
14267,C5,12,,11,7,1,10,2
14268,C5,12,943,12,6,0,15,1
14269,C5,12,,10,7,1,14,1
14270,C5,12,,11,6,0,14,2
14271,C5,12,,11,7,1,14,1
14272,C5,12,,11,8,0,11,0
14273,C5,12,,11,7,1,13,2
14274,C5,12,,11,7,1,14,2
14275,C5,12,927,12,6,0,15,0
14276,C5,12,742,12,6,0,10,2
14277,C5,12,,10,7,1,12,2
14278,C5,12,,11,7,0,9,2
14279,C5,12,717,12,7,0,13,1
14280,C5,12,,10,5,0,13,0
14281,C5,12,,11,5,0,10,0
14282,C5,12,,11,7,1,13,2
14283,C5,12,813,12,8,0,15,0
14284,C5,12,,11,8,0,13,0
14285,C5,12,746,12,7,0,10,0
14286,C5,12,544,12,7,0,14,0
14287,C5,12,591,12,10,0,14,1
14288,C5,12,,11,9,0,9,1
14289,C5,12,,11,5,0,10,0
14290,C5,12,626,12,6,0,17,2
14291,C5,12,827,12,6,0,14,0
14292,C5,12,846,12,6,0,14,1
14293,C5,12,,11,7,1,11,1
14294,C5,12,,11,8,0,12,1
14295,C5,12,871,12,7,0,15,2
14296,C5,12,885,12,7,0,9,0
14297,C5,12,282,12,11,0,12,2
14298,C5,12,,10,6,1,13,2
14299,C5,12,892,12,7,0,11,0
14300,C5,12,942,12,7,0,12,0
14301,C5,12,,11,8,1,13,1
14302,C5,12,,11,6,1,14,1
14303,C5,12,,10,6,1,13,1
14304,C5,12,855,12,8,0,15,1
14305,C5,12,732,12,6,0,17,0
14306,C5,12,675,12,9,0,16,0
14307,C5,12,,11,6,0,16,0
14308,C5,12,945,12,7,0,13,0
14309,C5,12,693,12,8,0,10,0
14310,C5,12,,10,6,0,15,0
14311,C5,12,927,12,6,0,12,1
14312,C5,12,,10,6,2,11,3
14313,C5,12,744,12,8,0,12,2
14314,C5,12,673,12,8,0,14,2
14315,C5,12,,10,7,1,12,2
14316,C5,12,,10,6,1,16,1
14317,C5,12,,11,7,0,12,1
14318,C5,12,791,12,8,0,16,1
14319,C5,12,,11,7,0,13,1
14320,C5,12,,9,6,1,13,1
14321,C5,12,,11,10,1,11,2
14322,C5,12,850,12,9,0,14,0
14323,C5,12,,11,6,0,15,0
14324,C5,12,966,12,6,0,9,1
14325,C5,12,534,12,8,0,16,2
14326,C5,12,763,12,8,0,12,0
14327,C5,12,,10,10,0,10,1
14328,C5,12,,10,5,1,14,2
14329,C5,12,,11,7,0,12,0
14330,C5,12,423,12,9,0,10,0
14331,C5,12,702,12,8,0,9,0
14332,C5,12,,11,7,0,11,1
14333,C5,12,708,12,7,0,13,0
14334,C5,12,636,12,8,0,12,1
14335,C5,12,,11,7,1,17,1
14336,C5,12,767,12,7,0,19,1
14337,C5,12,,10,8,1,10,1
14338,C5,12,,11,8,1,16,3
14339,C5,12,,11,7,0,12,1
14340,C5,12,737,12,8,0,14,2
14341,C5,12,,11,6,0,10,0
14342,C5,12,991,12,5,0,12,1
14343,C5,12,,11,5,0,11,0
14344,C5,12,958,12,8,0,13,0
14345,C5,12,853,12,9,0,11,1
14346,C5,12,687,12,9,0,11,0
14347,C5,12,,11,8,1,13,1
14348,C5,12,,11,6,1,12,2
14349,C5,12,474,12,8,0,16,0
14350,C5,12,,11,7,0,13,0
14351,C5,12,,10,6,1,15,2
14352,C5,12,,11,7,0,16,1
14353,C5,12,422,12,8,0,9,0
14354,C5,12,,11,6,0,12,2
14355,C5,12,,11,8,1,11,1
14356,C5,12,,11,7,0,17,1
14357,C5,12,,11,5,0,12,0
14358,C5,12,863,12,8,0,13,0
14359,C5,12,864,12,6,0,14,0
14360,C5,12,,11,5,0,15,1
14361,C5,12,,11,8,0,7,0
14362,C5,12,,11,6,0,11,0
14363,C5,12,837,12,6,0,13,0
14364,C5,12,,10,6,0,13,0
14365,C5,12,,11,6,0,14,0
14366,C5,12,,10,6,2,10,2
14367,C5,12,595,12,9,0,14,1
14368,C5,12,811,12,6,0,15,1
14369,C5,12,,11,6,1,16,1
14370,C5,12,,11,6,0,14,1
14371,C5,12,345,12,7,0,17,0
14372,C5,12,,10,6,0,14,1
14373,C5,12,,11,6,1,13,1
14374,C5,12,883,12,7,0,13,0
14375,C5,12,,11,7,1,14,1
14376,C5,12,,10,6,2,16,2
14377,C5,12,,11,8,0,14,0
14378,C5,12,,10,6,0,13,1
14379,C5,12,,11,7,0,15,2
14380,C5,12,981,12,8,0,12,0
14381,C5,12,958,12,6,0,11,1
14382,C5,12,,10,9,1,12,2
14383,C5,12,941,12,7,0,11,1
14384,C5,12,,11,5,0,14,0
14385,C5,12,,11,6,0,10,1
14386,C5,12,619,12,9,0,10,1
14387,C5,12,,10,4,1,20,1
14388,C5,12,,11,7,0,9,1
14389,C5,12,,10,6,2,16,2
14390,C5,12,,11,7,0,10,1
14391,C5,12,,11,6,0,12,0
14392,C5,12,888,12,5,0,13,1
14393,C5,12,,11,8,0,13,0
14394,C5,12,,11,7,0,11,0
14395,C5,12,,11,6,1,13,1
14396,C5,12,,11,7,1,9,1
14397,C5,12,937,12,8,0,13,3
14398,C5,12,,11,7,1,15,2
14399,C5,12,,11,5,0,15,1
14400,C5,12,,10,4,0,10,0
14401,C5,12,874,12,8,0,12,1
14402,C5,12,,10,7,1,13,3
14403,C5,12,,10,6,2,12,2
14404,C5,12,858,12,7,0,12,1
14405,C5,12,,11,7,0,16,1
14406,C5,12,610,12,6,0,17,1
14407,C5,12,,11,5,0,12,2
14408,C5,12,,11,8,0,14,0
14409,C5,12,,11,7,0,12,2
14410,C5,12,950,12,6,0,16,1
14411,C5,12,,10,5,0,9,0
14412,C5,12,647,12,7,0,10,1
14413,C5,12,,10,7,0,13,0
14414,C5,12,671,12,7,0,13,1
14415,C5,12,793,12,7,0,11,2
14416,C5,12,656,12,8,0,10,1
14417,C5,12,,11,6,0,11,0
14418,C5,12,,10,7,1,15,1
14419,C5,12,950,12,6,0,8,1
14420,C5,12,939,12,4,0,18,1
14421,C5,12,,11,6,0,13,1
14422,C5,12,925,12,5,0,8,2
14423,C5,12,,11,7,0,9,1
14424,C5,12,998,12,7,0,15,0
14425,C5,12,,10,6,0,14,0
14426,C5,12,,11,6,1,14,1
14427,C5,12,,11,6,1,12,2
14428,C5,12,,11,5,0,16,2
14429,C5,12,861,12,7,0,12,2
14430,C5,12,851,12,8,0,14,0
14431,C5,12,,11,8,0,10,0
14432,C5,12,,11,7,1,11,1
14433,C5,12,,11,6,1,14,1
14434,C5,12,810,12,6,0,16,1
14435,C5,12,,11,4,1,21,2
14436,C5,12,,11,5,0,7,0
14437,C5,12,,10,6,0,15,0
14438,C5,12,884,12,6,0,12,1
14439,C5,12,731,12,6,0,16,1
14440,C5,12,,11,9,1,11,1
14441,C5,12,,9,5,1,14,1
14442,C5,12,713,12,8,0,11,1
14443,C5,12,,10,7,1,7,1
14444,C5,12,,11,6,0,11,2
14445,C5,12,,11,7,1,8,1
14446,C5,12,893,12,6,0,15,2
14447,C5,12,,11,6,0,10,3
14448,C5,12,,11,6,0,13,0
14449,C5,12,,10,6,1,12,2
14450,C5,12,888,12,7,0,13,0
14451,C5,12,,10,5,1,14,1
14452,C5,12,,11,7,1,12,1
14453,C5,12,,11,7,0,13,0
14454,C5,12,919,12,6,0,17,2
14455,C5,12,,11,7,0,11,0
14456,C5,12,,11,7,0,14,0
14457,C5,12,,11,6,0,14,1
14458,C5,12,635,12,10,0,10,1
14459,C5,12,,11,7,0,14,1
14460,C5,12,,11,7,0,13,2
14461,C5,12,751,12,7,0,13,1
14462,C5,12,953,12,6,0,9,0
14463,C5,12,,9,7,1,15,1
14464,C5,12,839,12,9,0,13,1
14465,C5,12,499,12,7,0,16,1
14466,C5,12,,11,6,0,14,1
14467,C5,12,894,12,7,0,14,2
14468,C5,12,,10,6,1,19,3
14469,C5,12,751,12,7,0,13,0
14470,C5,12,,11,6,0,9,0
14471,C5,12,,11,7,1,10,2
14472,C5,12,844,12,7,0,16,0
14473,C5,12,940,12,8,0,13,0
14474,C5,12,,11,8,0,12,0
14475,C5,12,722,12,8,0,13,0
14476,C5,12,768,12,7,0,12,1
14477,C5,12,,11,6,1,15,1
14478,C5,12,,11,8,0,10,0
14479,C5,12,975,12,7,0,12,0
14480,C5,12,,11,8,1,11,2
14481,C5,12,,11,6,0,9,0
14482,C5,12,,10,4,1,13,1
14483,C5,12,,11,9,1,11,1
14484,C5,12,922,12,7,0,15,2
14485,C5,12,,11,8,1,10,2
14486,C5,12,,11,6,1,19,2
14487,C5,12,965,12,8,0,13,1
14488,C5,12,,11,6,0,13,1
14489,C5,12,,11,8,1,12,2
14490,C5,12,,10,7,0,14,2
14491,C5,12,887,12,7,0,7,0
14492,C5,12,,11,8,1,16,1
14493,C5,12,741,12,6,0,13,1
14494,C5,12,790,12,7,0,12,1
14495,C5,12,,11,5,1,10,2
14496,C5,12,812,12,8,0,11,1
14497,C5,12,833,12,9,0,9,0
14498,C5,12,806,12,6,0,13,1
14499,C5,12,,11,8,0,12,0
14500,C5,12,,11,5,0,14,2
14501,C5,12,996,12,5,0,12,1
14502,C5,12,,9,6,1,12,1
14503,C5,12,893,12,6,0,10,0
14504,C5,12,931,12,7,0,12,1
14505,C5,12,,10,6,1,11,1
14506,C5,12,,11,7,1,16,2
14507,C5,12,486,12,7,0,13,2
14508,C5,12,,11,7,0,15,1
14509,C5,12,815,12,5,0,16,2
14510,C5,12,,10,5,1,15,2
14511,C5,12,,10,8,1,9,2
14512,C5,12,,10,6,1,15,3
14513,C5,12,,11,6,1,9,1
14514,C5,12,529,12,8,0,13,0
14515,C5,12,,11,8,0,12,1
14516,C5,12,,11,7,1,11,1
14517,C5,12,,11,9,0,12,1
14518,C5,12,,11,5,1,18,1
14519,C5,12,,10,6,1,15,1
14520,C5,12,,11,6,0,17,1
14521,C5,12,,10,7,1,9,1
14522,C5,12,786,12,8,0,17,0
14523,C5,12,711,12,8,0,14,1
14524,C5,12,,11,7,0,8,0
14525,C5,12,,10,6,0,9,0
14526,C5,12,,10,6,1,12,1
14527,C5,12,,11,6,1,16,1
14528,C5,12,,11,8,1,10,1
14529,C5,12,,11,6,1,9,1
14530,C5,12,,11,7,0,13,1
14531,C5,12,907,12,6,0,12,1
14532,C5,12,,11,6,0,10,0
14533,C5,12,,11,7,1,13,2
14534,C5,12,765,12,8,0,12,2
14535,C5,12,692,12,8,0,14,0
14536,C5,12,,11,7,1,10,2
14537,C5,12,,11,7,1,14,2
14538,C5,12,,11,7,0,7,1
14539,C5,12,,11,8,0,7,1
14540,C5,12,,11,6,1,12,1
14541,C5,12,595,12,9,0,10,0
14542,C5,12,,11,7,0,12,1
14543,C5,12,,11,6,1,12,1
14544,C5,12,,11,9,0,11,1
14545,C5,12,,10,7,0,12,0
14546,C5,12,,10,6,0,13,1
14547,C5,12,785,12,7,0,18,2
14548,C5,12,913,12,7,0,14,1
14549,C5,12,917,12,7,0,11,1
14550,C5,12,,11,6,0,14,1
14551,C5,12,,11,9,0,16,1
14552,C5,12,,10,5,1,9,1
14553,C5,12,971,12,8,0,11,0
14554,C5,12,856,12,7,0,14,0
14555,C5,12,586,12,8,0,12,1
14556,C5,12,,10,4,1,14,2
14557,C5,12,686,12,8,0,17,3
14558,C5,12,,10,8,2,16,2
14559,C5,12,931,12,6,0,16,1
14560,C5,12,,9,6,1,13,2
14561,C5,12,859,12,8,0,11,0
14562,C5,12,770,12,7,0,11,1
14563,C5,12,909,12,6,0,13,0
14564,C5,12,,11,5,0,15,3
14565,C5,12,849,12,8,0,12,2
14566,C5,12,898,12,7,0,11,1
14567,C5,12,,11,8,1,6,1
14568,C5,12,,11,5,0,12,1
14569,C5,12,896,12,6,0,10,0
14570,C5,12,,11,7,0,15,2
14571,C5,12,,11,6,0,13,0
14572,C5,12,896,12,8,0,12,1
14573,C5,12,948,12,8,0,8,0
14574,C5,12,784,12,7,0,9,1
14575,C5,12,,10,5,0,15,1
14576,C5,12,998,12,7,0,11,1
14577,C5,12,,10,6,2,13,3
14578,C5,12,,11,5,1,12,1
14579,C5,12,806,12,7,0,12,0
14580,C5,12,,10,7,1,13,2
14581,C5,12,,11,6,1,16,1
14582,C5,12,,11,8,1,11,1
14583,C5,12,,11,5,1,16,2
14584,C5,12,856,12,7,0,14,0
14585,C5,12,,10,6,0,11,0
14586,C5,12,,11,7,0,12,0
14587,C5,12,501,12,8,0,14,1
14588,C5,12,,11,7,0,13,0
14589,C5,12,976,12,9,0,13,0
14590,C5,12,702,12,6,0,8,1
14591,C5,12,,11,5,0,14,1
14592,C5,12,,11,7,1,14,1
14593,C5,12,823,12,8,0,9,1
14594,C5,12,839,12,8,0,8,1
14595,C5,12,,9,4,1,14,1
14596,C5,12,790,12,8,0,12,0
14597,C5,12,,10,6,1,12,1
14598,C5,12,,11,6,1,13,1
14599,C5,12,,11,5,0,14,1
14600,C5,12,,10,5,0,11,0
14601,C5,12,883,12,6,0,15,0
14602,C5,12,943,12,6,0,12,1
14603,C5,12,628,12,8,0,11,2
14604,C5,12,991,12,8,0,13,1
14605,C5,12,518,12,8,0,14,2
14606,C5,12,,11,7,1,14,2
14607,C5,12,,11,7,0,14,0
14608,C5,12,953,12,5,0,12,0
14609,C5,12,,11,7,0,15,1
14610,C5,12,555,12,8,0,13,2
14611,C5,12,,9,5,1,15,2
14612,C5,12,,11,8,1,13,3
14613,C5,12,614,12,7,0,13,1
14614,C5,12,,11,6,0,12,1
14615,C5,12,955,12,5,0,12,0
14616,C5,12,,11,8,1,12,1
14617,C5,12,787,12,6,0,15,1
14618,C5,12,,11,9,1,12,1
14619,C5,12,907,12,9,0,13,0
14620,C5,12,725,12,9,0,17,1
14621,C5,12,840,12,8,0,9,1
14622,C5,12,861,12,6,0,11,2
14623,C5,12,910,12,6,0,14,1
14624,C5,12,502,12,6,0,11,1
14625,C5,12,,11,7,0,11,0
14626,C5,12,,11,6,1,16,1
14627,C5,12,,11,9,0,11,0
14628,C5,12,922,12,5,0,11,2
14629,C5,12,,11,6,0,15,1
14630,C5,12,722,12,6,0,12,1
14631,C5,12,,11,5,0,13,1
14632,C5,12,,11,6,1,9,2
14633,C5,12,,11,7,1,14,1
14634,C5,12,,11,6,0,17,2
14635,C5,12,954,12,7,0,16,1
14636,C5,12,829,12,6,0,16,0
14637,C5,12,,11,6,0,10,0
14638,C5,12,,11,7,1,17,2
14639,C5,12,958,12,7,0,13,0
14640,C5,12,,10,6,1,14,1
14641,C5,12,,11,6,1,15,2
14642,C5,12,,10,6,0,10,0
14643,C5,12,,10,5,1,12,1
14644,C5,12,656,12,8,0,11,1
14645,C5,12,,11,7,1,14,2
14646,C5,12,917,12,8,0,12,1
14647,C5,12,554,12,6,0,13,0
14648,C5,12,,11,6,0,7,0
14649,C5,12,,11,7,0,8,0
14650,C5,12,,11,6,0,14,1
14651,C5,12,871,12,7,0,15,1
14652,C5,12,986,12,8,0,18,1
14653,C5,12,,11,7,0,12,0
14654,C5,12,695,12,9,0,12,0
14655,C5,12,628,12,6,0,16,2
14656,C5,12,811,12,8,0,9,0
14657,C5,12,,11,9,0,9,1
14658,C5,12,,11,7,0,10,0
14659,C5,12,,11,7,0,12,0
14660,C5,12,,9,7,1,15,1
14661,C5,12,738,12,6,0,12,1
14662,C5,12,744,12,7,0,12,1
14663,C5,12,917,12,7,0,11,2
14664,C5,12,,11,6,1,10,3
14665,C5,12,,11,7,1,15,2
14666,C5,12,,11,8,0,15,1
14667,C5,12,893,12,6,0,16,2
14668,C5,12,884,12,7,0,11,0
14669,C5,12,963,12,7,0,15,1
14670,C5,12,876,12,8,0,11,3
14671,C5,12,854,12,6,0,14,2
14672,C5,12,977,12,7,0,14,2
14673,C5,12,,11,8,0,16,3
14674,C5,12,,10,6,1,8,1
14675,C5,12,,11,7,0,11,0
14676,C5,12,,11,8,1,9,1
14677,C5,12,,11,7,1,12,1
14678,C5,12,,11,8,0,15,0
14679,C5,12,962,12,6,0,15,1
14680,C5,12,,10,7,1,9,1
14681,C5,12,,10,7,2,13,2
14682,C5,12,915,12,7,0,11,1
14683,C5,12,960,12,6,0,9,0
14684,C5,12,,11,7,0,15,0
14685,C5,12,956,12,6,0,16,0
14686,C5,12,,10,7,1,14,2
14687,C5,12,746,12,7,0,14,2
14688,C5,12,630,12,8,0,16,2
14689,C5,12,845,12,6,0,15,0
14690,C5,12,913,12,6,0,8,0
14691,C5,12,,11,5,0,13,1
14692,C5,12,,10,7,1,15,2
14693,C5,12,605,12,7,0,13,1
14694,C5,12,951,12,6,0,12,1
14695,C5,12,,11,7,1,14,2
14696,C5,12,,11,6,0,13,2
14697,C5,12,,11,6,1,12,1
14698,C5,12,906,12,7,0,10,1
14699,C5,12,,11,6,0,10,1
14700,C5,12,,11,6,0,8,0
14701,C5,12,499,12,6,0,13,0
14702,C5,12,,11,8,1,15,1
14703,C5,12,,10,6,0,6,0
14704,C5,12,892,12,6,0,14,1
14705,C5,12,839,12,9,0,8,0
14706,C5,12,,10,8,1,13,1
14707,C5,12,942,12,7,0,14,1
14708,C5,12,,10,7,1,9,1
14709,C5,12,,9,5,0,14,1
14710,C5,12,317,12,9,0,13,0
14711,C5,12,,11,7,1,12,1
14712,C5,12,,11,6,0,13,2
14713,C5,12,,11,6,1,16,2
14714,C5,12,,11,8,0,16,1
14715,C5,12,890,12,8,0,15,0
14716,C5,12,,10,8,0,16,1
14717,C5,12,,9,7,2,17,2
14718,C5,12,768,12,7,0,11,0
14719,C5,12,,9,6,2,12,2
14720,C5,12,,11,7,0,13,1
14721,C5,12,947,12,7,0,17,1
14722,C5,12,,11,8,1,13,1
14723,C5,12,,11,9,0,13,0
14724,C5,12,810,12,7,0,10,0
14725,C5,12,,11,6,0,14,1
14726,C5,12,,10,5,1,18,2
14727,C5,12,935,12,8,0,14,1
14728,C5,12,803,12,6,0,14,0
14729,C5,12,,11,8,0,13,1
14730,C5,12,,9,7,2,14,2
14731,C5,12,,11,7,0,12,0
14732,C5,12,,11,8,0,14,0
14733,C5,12,,11,8,1,13,2
14734,C5,12,971,12,6,0,12,0
14735,C5,12,,11,9,0,15,1
14736,C5,12,,11,7,0,16,1
14737,C5,12,,11,6,1,12,1
14738,C5,12,488,12,8,0,13,0
14739,C5,12,,10,6,1,12,1
14740,C5,12,,10,6,1,11,2
14741,C5,12,,11,7,0,13,2
14742,C5,12,,11,7,0,11,0
14743,C5,12,979,12,7,0,9,2
14744,C5,12,,11,7,0,12,1
14745,C5,12,997,12,6,0,14,1
14746,C5,12,,11,5,1,11,1
14747,C5,12,,10,7,1,14,2
14748,C5,12,,11,7,0,11,0
14749,C5,12,,11,7,1,10,1
14750,C5,12,,11,6,0,11,0
14751,C5,12,,11,7,1,9,1
14752,C5,12,,11,7,1,14,1
14753,C5,12,,11,7,0,10,2
14754,C5,12,969,12,9,0,11,0
14755,C5,12,,11,8,0,12,1
14756,C5,12,,11,5,0,12,0
14757,C5,12,,11,7,1,14,2
14758,C5,12,,11,7,1,14,1
14759,C5,12,889,12,6,0,12,0
14760,C5,12,,8,5,0,13,0
14761,C5,12,,10,5,1,14,1
14762,C5,12,,11,5,1,15,2
14763,C5,12,,11,7,0,14,2
14764,C5,12,990,12,6,0,15,0
14765,C5,12,,11,6,0,15,0
14766,C5,12,591,12,8,0,10,1
14767,C5,12,,10,6,0,13,2
14768,C5,12,,10,6,1,17,1
14769,C5,12,651,12,6,0,15,1
14770,C5,12,837,12,8,0,11,0
14771,C5,12,886,12,6,0,14,1
14772,C5,12,954,12,6,0,17,0
14773,C5,12,636,12,9,0,11,1
14774,C5,12,,11,5,0,10,0
14775,C5,12,,11,8,0,12,0
14776,C5,12,,11,7,0,12,1
14777,C5,12,,11,6,0,12,1
14778,C5,12,,11,7,1,15,1
14779,C5,12,537,12,10,0,13,0
14780,C5,12,977,12,7,0,13,1
14781,C5,12,802,12,7,0,9,2
14782,C5,12,684,12,7,0,10,0
14783,C5,12,846,12,7,0,11,1
14784,C5,12,747,12,5,0,10,1
14785,C5,12,,10,6,0,14,1
14786,C5,12,867,12,8,0,15,1
14787,C5,12,,11,7,0,7,0
14788,C5,12,957,12,7,0,18,0
14789,C5,12,,10,7,1,11,1
14790,C5,12,,11,9,0,13,1
14791,C5,12,759,12,9,0,11,0
14792,C5,12,582,12,8,0,17,1
14793,C5,12,,11,8,1,14,2
14794,C5,12,799,12,6,0,13,1
14795,C5,12,,10,6,0,14,0
14796,C5,12,930,12,7,0,12,0
14797,C5,12,,10,7,1,12,1
14798,C5,12,,11,7,0,8,1
14799,C5,12,,10,6,1,13,1
14800,C5,12,,10,6,1,17,1
14801,C5,12,,11,7,1,16,3
14802,C5,12,,11,8,0,14,1
14803,C5,12,913,12,8,0,13,0
14804,C5,12,,11,6,1,11,2
14805,C5,12,,11,8,1,12,1
14806,C5,12,,11,6,0,11,1
14807,C5,12,,11,7,0,15,1
14808,C5,12,813,12,7,0,17,2
14809,C5,12,,10,8,1,15,1
14810,C5,12,,11,7,1,12,2
14811,C5,12,618,12,7,0,14,0
14812,C5,12,779,12,7,0,13,1
14813,C5,12,,11,8,1,9,1
14814,C5,12,,11,7,0,14,2
14815,C5,12,,11,7,1,13,2
14816,C5,12,,11,6,0,16,2
14817,C5,12,,11,8,0,10,1
14818,C5,12,,11,9,0,15,2
14819,C5,12,,11,6,1,11,1
14820,C5,12,958,12,8,0,11,1
14821,C5,12,,11,5,1,17,2
14822,C5,12,441,12,8,0,11,1
14823,C5,12,924,12,9,0,15,1
14824,C5,12,,11,8,0,12,0
14825,C5,12,,11,7,1,16,2
14826,C5,12,749,12,6,0,7,0
14827,C5,12,643,12,9,0,13,1
14828,C5,12,,10,6,1,16,3
14829,C5,12,,11,7,0,8,1
14830,C5,12,950,12,6,0,13,1
14831,C5,12,,11,7,1,13,1
14832,C5,12,,10,6,0,13,1
14833,C5,12,751,12,8,0,13,1
14834,C5,12,790,12,6,0,10,1
14835,C5,12,,11,6,1,13,2
14836,C5,12,,11,6,0,13,0
14837,C5,12,653,12,6,0,14,1
14838,C5,12,732,12,7,0,13,1
14839,C5,12,873,12,7,0,15,1
14840,C5,12,772,12,7,0,17,1
14841,C5,12,753,12,7,0,14,1
14842,C5,12,644,12,8,0,16,0
14843,C5,12,733,12,7,0,11,2
14844,C5,12,,11,5,0,11,0
14845,C5,12,648,12,7,0,16,2
14846,C5,12,927,12,5,0,17,2
14847,C5,12,989,12,7,0,12,2
14848,C5,12,,11,6,0,12,2
14849,C5,12,,10,6,0,15,1
14850,C5,12,,11,5,1,16,3
14851,C5,12,,11,8,0,13,1
14852,C5,12,,10,6,0,13,0
14853,C5,12,,10,7,1,9,1
14854,C5,12,782,12,8,0,8,0
14855,C5,12,774,12,8,0,12,1
14856,C5,12,,10,7,1,12,1
14857,C5,12,,10,7,1,14,1
14858,C5,12,,11,6,0,15,0
14859,C5,12,,11,7,1,15,2
14860,C5,12,,10,5,0,14,0
14861,C5,12,,10,5,1,12,3
14862,C5,12,,11,8,0,12,1
14863,C5,12,773,12,6,0,15,0
14864,C5,12,830,12,7,0,13,0
14865,C5,12,,11,7,0,9,0
14866,C5,12,,11,5,1,9,1
14867,C5,12,545,12,8,0,12,0
14868,C5,12,610,12,6,0,9,0
14869,C5,12,,11,7,0,12,0
14870,C5,12,785,12,8,0,11,1
14871,C5,12,680,12,6,0,18,3
14872,C5,12,,11,7,0,12,2
14873,C5,12,,11,6,1,13,2
14874,C5,12,,11,7,1,15,3
14875,C5,12,,10,7,1,16,1
14876,C5,12,807,12,6,0,9,0
14877,C5,12,,11,7,0,9,0
14878,C5,12,,11,6,0,10,1
14879,C5,12,,11,6,0,13,0
14880,C5,12,663,12,9,0,11,0
14881,C5,12,994,12,6,0,10,0
14882,C5,12,,10,7,1,16,1
14883,C5,12,907,12,7,0,16,1
14884,C5,12,,11,8,0,13,1
14885,C5,12,975,12,9,0,14,1
14886,C5,12,,11,5,0,11,0
14887,C5,12,714,12,7,0,9,0
14888,C5,12,,11,5,1,16,1
14889,C5,12,612,12,7,0,13,2
14890,C5,12,,11,7,0,9,0
14891,C5,12,,11,6,0,15,0
14892,C5,12,,11,8,0,9,0
14893,C5,12,969,12,6,0,13,0
14894,C5,12,,10,5,0,15,1
14895,C5,12,,10,8,2,15,2
14896,C5,12,935,12,8,0,12,1
14897,C5,12,950,12,6,0,12,0
14898,C5,12,,10,5,0,11,1
14899,C5,12,,11,8,0,15,0
14900,C5,12,885,12,7,0,9,1
14901,C5,12,,10,5,0,16,1
14902,C5,12,937,12,7,0,8,2
14903,C5,12,887,12,7,0,12,0
14904,C5,12,636,12,8,0,11,1
14905,C5,12,,10,6,1,12,2
14906,C5,12,813,12,7,0,16,1
14907,C5,12,,10,5,1,11,1
14908,C5,12,980,12,9,0,17,1
14909,C5,12,,10,5,1,20,3
14910,C5,12,,11,6,0,7,0
14911,C5,12,,10,6,0,14,2
14912,C5,12,684,12,6,0,10,2
14913,C5,12,,11,6,1,15,1
14914,C5,12,763,12,9,0,16,1
14915,C5,12,,11,7,0,12,0
14916,C5,12,,11,7,1,17,1
14917,C5,12,,9,5,1,18,1
14918,C5,12,967,12,9,0,13,2
14919,C5,12,996,12,6,0,15,1
14920,C5,12,,10,5,0,11,0
14921,C5,12,,11,8,1,15,2
14922,C5,12,,9,6,2,11,2
14923,C5,12,,11,7,0,11,1
14924,C5,12,,11,6,0,14,0
14925,C5,12,,10,6,2,16,3
14926,C5,12,609,12,7,0,20,1
14927,C5,12,,10,8,0,13,0
14928,C5,12,,11,7,0,18,2
14929,C5,12,666,12,9,0,9,0
14930,C5,12,462,12,8,0,7,1
14931,C5,12,,11,9,0,7,0
14932,C5,12,,11,7,0,12,0
14933,C5,12,,10,5,1,12,2
14934,C5,12,,10,8,0,14,0
14935,C5,12,484,12,10,0,10,1
14936,C5,12,872,12,8,0,9,0
14937,C5,12,585,12,5,0,14,0
14938,C5,12,944,12,7,0,13,0
14939,C5,12,,11,8,0,13,1
14940,C5,12,656,12,5,0,16,1
14941,C5,12,,11,6,1,16,1
14942,C5,12,,11,8,1,14,3
14943,C5,12,843,12,8,0,14,1
14944,C5,12,809,12,7,0,9,0
14945,C5,12,853,12,8,0,9,0
14946,C5,12,,11,8,0,14,1
14947,C5,12,,11,8,1,8,2
14948,C5,12,,11,6,1,10,1
14949,C5,12,,11,6,0,16,0
14950,C5,12,,10,7,0,14,1
14951,C5,12,835,12,7,0,11,1
14952,C5,12,543,12,8,0,12,2
14953,C5,12,,11,7,0,13,2
14954,C5,12,,11,6,0,11,0
14955,C5,12,,11,6,1,11,1
14956,C5,12,,11,5,1,17,3
14957,C5,12,959,12,8,0,13,1
14958,C5,12,927,12,6,0,12,0
14959,C5,12,,11,6,0,13,1
14960,C5,12,993,12,7,0,11,0
14961,C5,12,790,12,7,0,16,1
14962,C5,12,,11,7,0,13,2
14963,C5,12,,11,8,1,17,1
14964,C5,12,673,12,7,0,8,0
14965,C5,12,917,12,7,0,14,1
14966,C5,12,857,12,8,0,9,0
14967,C5,12,883,12,7,0,16,3
14968,C5,12,831,12,6,0,14,0
14969,C5,12,,11,7,0,12,0
14970,C5,12,,10,6,2,10,2
14971,C5,12,,11,7,0,14,0
14972,C5,12,,11,9,0,14,1
14973,C5,12,,10,7,1,14,1
14974,C5,12,,11,8,1,16,1
14975,C5,12,948,12,6,0,14,1
14976,C5,12,948,12,7,0,12,2
14977,C5,12,,11,6,0,12,1
14978,C5,12,,11,7,0,9,0
14979,C5,12,930,12,7,0,18,1
14980,C5,12,842,12,6,0,14,0
14981,C5,12,,11,8,0,14,2
14982,C5,12,,11,8,1,11,2
14983,C5,12,,11,6,0,13,1
14984,C5,12,,10,5,1,9,1
14985,C5,12,,10,6,1,15,2
14986,C5,12,,10,5,1,14,1
14987,C5,12,771,12,7,0,13,2
14988,C5,12,,11,5,0,17,0
14989,C5,12,,11,6,1,16,1
14990,C5,12,741,12,8,0,19,1
14991,C5,12,572,12,7,0,9,0
14992,C5,12,,11,6,0,15,1
14993,C5,12,,11,6,0,10,0
14994,C5,12,,11,6,0,12,2
14995,C5,12,730,12,7,0,10,0
14996,C5,12,,10,6,0,13,1
14997,C5,12,977,12,8,0,11,1
14998,C5,12,611,12,7,0,12,2
14999,C5,12,751,12,7,0,13,2
